CREATE TABLE public."Map_Cities" (
    id integer NOT NULL,
    status character varying(255) DEFAULT 'draft'::character varying NOT NULL,
    sort integer,
    user_created uuid,
    date_created timestamp with time zone,
    user_updated uuid,
    date_updated timestamp with time zone,
    parent integer,
    location public.geometry(Point,4326),
    "Name" character varying(255)
);


--
-- Name: Map_Cities_id_seq; Type: SEQUENCE; Schema: public; Owner: -
--

CREATE SEQUENCE public."Map_Cities_id_seq"
    AS integer
    START WITH 1
    INCREMENT BY 1
    NO MINVALUE
    NO MAXVALUE
    CACHE 1;


--
-- Name: Map_Cities_id_seq; Type: SEQUENCE OWNED BY; Schema: public; Owner: -
--

ALTER SEQUENCE public."Map_Cities_id_seq" OWNED BY public."Map_Cities".id;


--
-- Name: Trust_Logo_Images; Type: TABLE; Schema: public; Owner: -
--

CREATE TABLE public."Trust_Logo_Images" (
    id integer NOT NULL,
    status character varying(255) DEFAULT 'draft'::character varying NOT NULL,
    sort integer,
    user_created uuid,
    date_created timestamp with time zone,
    user_updated uuid,
    date_updated timestamp with time zone,
    section integer,
    "Logo_Image" uuid,
    href character varying(255),
    "Label" character varying(255)
);


--
-- Name: Trust_Logo_Images_id_seq; Type: SEQUENCE; Schema: public; Owner: -
--

CREATE SEQUENCE public."Trust_Logo_Images_id_seq"
    AS integer
    START WITH 1
    INCREMENT BY 1
    NO MINVALUE
    NO MAXVALUE
    CACHE 1;


--
-- Name: Trust_Logo_Images_id_seq; Type: SEQUENCE OWNED BY; Schema: public; Owner: -
--

ALTER SEQUENCE public."Trust_Logo_Images_id_seq" OWNED BY public."Trust_Logo_Images".id;


--
-- Name: Trust_Logo_Images_translations; Type: TABLE; Schema: public; Owner: -
--

CREATE TABLE public."Trust_Logo_Images_translations" (
    id integer NOT NULL,
    "Trust_Logo_Images_id" integer,
    languages_code character varying(255),
    alt_text character varying(255)
);


--
-- Name: Trust_Logo_Images_translations_id_seq; Type: SEQUENCE; Schema: public; Owner: -
--

CREATE SEQUENCE public."Trust_Logo_Images_translations_id_seq"
    AS integer
    START WITH 1
    INCREMENT BY 1
    NO MINVALUE
    NO MAXVALUE
    CACHE 1;


--
-- Name: Trust_Logo_Images_translations_id_seq; Type: SEQUENCE OWNED BY; Schema: public; Owner: -
--

ALTER SEQUENCE public."Trust_Logo_Images_translations_id_seq" OWNED BY public."Trust_Logo_Images_translations".id;


--
-- Name: Trust_Logos; Type: TABLE; Schema: public; Owner: -
--

CREATE TABLE public."Trust_Logos" (
    id integer NOT NULL,
    status character varying(255) DEFAULT 'draft'::character varying NOT NULL,
    user_created uuid,
    date_created timestamp with time zone,
    user_updated uuid,
    date_updated timestamp with time zone,
    is_monochrome boolean DEFAULT true,
    "Monochrome_Color" character varying(255),
    "Enable_Links" boolean DEFAULT true,
    scroll_logos boolean DEFAULT true,
    scroll_speed real DEFAULT '30'::real
);


--
-- Name: Trust_Logos_id_seq; Type: SEQUENCE; Schema: public; Owner: -
--

CREATE SEQUENCE public."Trust_Logos_id_seq"
    AS integer
    START WITH 1
    INCREMENT BY 1
    NO MINVALUE
    NO MAXVALUE
    CACHE 1;


--
-- Name: Trust_Logos_id_seq; Type: SEQUENCE OWNED BY; Schema: public; Owner: -
--

ALTER SEQUENCE public."Trust_Logos_id_seq" OWNED BY public."Trust_Logos".id;


--
-- Name: Trust_Logos_translations; Type: TABLE; Schema: public; Owner: -
--

CREATE TABLE public."Trust_Logos_translations" (
    id integer NOT NULL,
    "Trust_Logos_id" integer,
    languages_code character varying(255),
    "Intro_Text" character varying(255)
);


--
-- Name: Trust_Logos_translations_id_seq; Type: SEQUENCE; Schema: public; Owner: -
--

CREATE SEQUENCE public."Trust_Logos_translations_id_seq"
    AS integer
    START WITH 1
    INCREMENT BY 1
    NO MINVALUE
    NO MAXVALUE
    CACHE 1;


--
-- Name: Trust_Logos_translations_id_seq; Type: SEQUENCE OWNED BY; Schema: public; Owner: -
--

ALTER SEQUENCE public."Trust_Logos_translations_id_seq" OWNED BY public."Trust_Logos_translations".id;


--
-- Name: company; Type: TABLE; Schema: public; Owner: -
--

CREATE TABLE public.company (
    id integer NOT NULL,
    user_created uuid,
    date_created timestamp with time zone,
    user_updated uuid,
    date_updated timestamp with time zone,
    logo uuid,
    name text,
    favicon uuid,
    "useFaviconInHeader" boolean DEFAULT false
);


--
-- Name: company_id_seq; Type: SEQUENCE; Schema: public; Owner: -
--

CREATE SEQUENCE public.company_id_seq
    AS integer
    START WITH 1
    INCREMENT BY 1
    NO MINVALUE
    NO MAXVALUE
    CACHE 1;


--
-- Name: company_id_seq; Type: SEQUENCE OWNED BY; Schema: public; Owner: -
--

ALTER SEQUENCE public.company_id_seq OWNED BY public.company.id;


--
-- Name: company_translations; Type: TABLE; Schema: public; Owner: -
--

CREATE TABLE public.company_translations (
    id integer NOT NULL,
    company_id integer,
    languages_code character varying(255),
    tagline text,
    "SEO_Meta_Title_Append" text
);


--
-- Name: company_translations_id_seq; Type: SEQUENCE; Schema: public; Owner: -
--

CREATE SEQUENCE public.company_translations_id_seq
    AS integer
    START WITH 1
    INCREMENT BY 1
    NO MINVALUE
    NO MAXVALUE
    CACHE 1;


--
-- Name: company_translations_id_seq; Type: SEQUENCE OWNED BY; Schema: public; Owner: -
--

ALTER SEQUENCE public.company_translations_id_seq OWNED BY public.company_translations.id;


--
-- Name: directus_access; Type: TABLE; Schema: public; Owner: -
--

CREATE TABLE public.directus_access (
    id uuid NOT NULL,
    role uuid,
    "user" uuid,
    policy uuid NOT NULL,
    sort integer
);


--
-- Name: directus_activity; Type: TABLE; Schema: public; Owner: -
--

CREATE TABLE public.directus_activity (
    id integer NOT NULL,
    action character varying(45) NOT NULL,
    "user" uuid,
    "timestamp" timestamp with time zone DEFAULT CURRENT_TIMESTAMP NOT NULL,
    ip character varying(50),
    user_agent text,
    collection character varying(64) NOT NULL,
    item character varying(255) NOT NULL,
    origin character varying(255)
);


--
-- Name: directus_activity_id_seq; Type: SEQUENCE; Schema: public; Owner: -
--

CREATE SEQUENCE public.directus_activity_id_seq
    AS integer
    START WITH 1
    INCREMENT BY 1
    NO MINVALUE
    NO MAXVALUE
    CACHE 1;


--
-- Name: directus_activity_id_seq; Type: SEQUENCE OWNED BY; Schema: public; Owner: -
--

ALTER SEQUENCE public.directus_activity_id_seq OWNED BY public.directus_activity.id;


--
-- Name: directus_collections; Type: TABLE; Schema: public; Owner: -
--

CREATE TABLE public.directus_collections (
    collection character varying(64) NOT NULL,
    icon character varying(64),
    note text,
    display_template character varying(255),
    hidden boolean DEFAULT false NOT NULL,
    singleton boolean DEFAULT false NOT NULL,
    translations json,
    archive_field character varying(64),
    archive_app_filter boolean DEFAULT true NOT NULL,
    archive_value character varying(255),
    unarchive_value character varying(255),
    sort_field character varying(64),
    accountability character varying(255) DEFAULT 'all'::character varying,
    color character varying(255),
    item_duplication_fields json,
    sort integer,
    "group" character varying(64),
    collapse character varying(255) DEFAULT 'open'::character varying NOT NULL,
    preview_url character varying(255),
    versioning boolean DEFAULT false NOT NULL
);


--
-- Name: directus_comments; Type: TABLE; Schema: public; Owner: -
--

CREATE TABLE public.directus_comments (
    id uuid NOT NULL,
    collection character varying(64) NOT NULL,
    item character varying(255) NOT NULL,
    comment text NOT NULL,
    date_created timestamp with time zone DEFAULT CURRENT_TIMESTAMP,
    date_updated timestamp with time zone DEFAULT CURRENT_TIMESTAMP,
    user_created uuid,
    user_updated uuid
);


--
-- Name: directus_dashboards; Type: TABLE; Schema: public; Owner: -
--

CREATE TABLE public.directus_dashboards (
    id uuid NOT NULL,
    name character varying(255) NOT NULL,
    icon character varying(64) DEFAULT 'dashboard'::character varying NOT NULL,
    note text,
    date_created timestamp with time zone DEFAULT CURRENT_TIMESTAMP,
    user_created uuid,
    color character varying(255)
);


--
-- Name: directus_extensions; Type: TABLE; Schema: public; Owner: -
--

CREATE TABLE public.directus_extensions (
    enabled boolean DEFAULT true NOT NULL,
    id uuid NOT NULL,
    folder character varying(255) NOT NULL,
    source character varying(255) NOT NULL,
    bundle uuid
);


--
-- Name: directus_fields; Type: TABLE; Schema: public; Owner: -
--

CREATE TABLE public.directus_fields (
    id integer NOT NULL,
    collection character varying(64) NOT NULL,
    field character varying(64) NOT NULL,
    special character varying(64),
    interface character varying(64),
    options json,
    display character varying(64),
    display_options json,
    readonly boolean DEFAULT false NOT NULL,
    hidden boolean DEFAULT false NOT NULL,
    sort integer,
    width character varying(30) DEFAULT 'full'::character varying,
    translations json,
    note text,
    conditions json,
    required boolean DEFAULT false,
    "group" character varying(64),
    validation json,
    validation_message text
);


--
-- Name: directus_fields_id_seq; Type: SEQUENCE; Schema: public; Owner: -
--

CREATE SEQUENCE public.directus_fields_id_seq
    AS integer
    START WITH 1
    INCREMENT BY 1
    NO MINVALUE
    NO MAXVALUE
    CACHE 1;


--
-- Name: directus_fields_id_seq; Type: SEQUENCE OWNED BY; Schema: public; Owner: -
--

ALTER SEQUENCE public.directus_fields_id_seq OWNED BY public.directus_fields.id;


--
-- Name: directus_files; Type: TABLE; Schema: public; Owner: -
--

CREATE TABLE public.directus_files (
    id uuid NOT NULL,
    storage character varying(255) NOT NULL,
    filename_disk character varying(255),
    filename_download character varying(255) NOT NULL,
    title character varying(255),
    type character varying(255),
    folder uuid,
    uploaded_by uuid,
    created_on timestamp with time zone DEFAULT CURRENT_TIMESTAMP NOT NULL,
    modified_by uuid,
    modified_on timestamp with time zone DEFAULT CURRENT_TIMESTAMP NOT NULL,
    charset character varying(50),
    filesize bigint,
    width integer,
    height integer,
    duration integer,
    embed character varying(200),
    description text,
    location text,
    tags text,
    metadata json,
    focal_point_x integer,
    focal_point_y integer,
    tus_id character varying(64),
    tus_data json,
    uploaded_on timestamp with time zone
);


--
-- Name: directus_flows; Type: TABLE; Schema: public; Owner: -
--

CREATE TABLE public.directus_flows (
    id uuid NOT NULL,
    name character varying(255) NOT NULL,
    icon character varying(64),
    color character varying(255),
    description text,
    status character varying(255) DEFAULT 'active'::character varying NOT NULL,
    trigger character varying(255),
    accountability character varying(255) DEFAULT 'all'::character varying,
    options json,
    operation uuid,
    date_created timestamp with time zone DEFAULT CURRENT_TIMESTAMP,
    user_created uuid
);


--
-- Name: directus_folders; Type: TABLE; Schema: public; Owner: -
--

CREATE TABLE public.directus_folders (
    id uuid NOT NULL,
    name character varying(255) NOT NULL,
    parent uuid
);


--
-- Name: directus_migrations; Type: TABLE; Schema: public; Owner: -
--

CREATE TABLE public.directus_migrations (
    version character varying(255) NOT NULL,
    name character varying(255) NOT NULL,
    "timestamp" timestamp with time zone DEFAULT CURRENT_TIMESTAMP
);


--
-- Name: directus_notifications; Type: TABLE; Schema: public; Owner: -
--

CREATE TABLE public.directus_notifications (
    id integer NOT NULL,
    "timestamp" timestamp with time zone DEFAULT CURRENT_TIMESTAMP,
    status character varying(255) DEFAULT 'inbox'::character varying,
    recipient uuid NOT NULL,
    sender uuid,
    subject character varying(255) NOT NULL,
    message text,
    collection character varying(64),
    item character varying(255)
);


--
-- Name: directus_notifications_id_seq; Type: SEQUENCE; Schema: public; Owner: -
--

CREATE SEQUENCE public.directus_notifications_id_seq
    AS integer
    START WITH 1
    INCREMENT BY 1
    NO MINVALUE
    NO MAXVALUE
    CACHE 1;


--
-- Name: directus_notifications_id_seq; Type: SEQUENCE OWNED BY; Schema: public; Owner: -
--

ALTER SEQUENCE public.directus_notifications_id_seq OWNED BY public.directus_notifications.id;


--
-- Name: directus_operations; Type: TABLE; Schema: public; Owner: -
--

CREATE TABLE public.directus_operations (
    id uuid NOT NULL,
    name character varying(255),
    key character varying(255) NOT NULL,
    type character varying(255) NOT NULL,
    position_x integer NOT NULL,
    position_y integer NOT NULL,
    options json,
    resolve uuid,
    reject uuid,
    flow uuid NOT NULL,
    date_created timestamp with time zone DEFAULT CURRENT_TIMESTAMP,
    user_created uuid
);


--
-- Name: directus_panels; Type: TABLE; Schema: public; Owner: -
--

CREATE TABLE public.directus_panels (
    id uuid NOT NULL,
    dashboard uuid NOT NULL,
    name character varying(255),
    icon character varying(64) DEFAULT NULL::character varying,
    color character varying(10),
    show_header boolean DEFAULT false NOT NULL,
    note text,
    type character varying(255) NOT NULL,
    position_x integer NOT NULL,
    position_y integer NOT NULL,
    width integer NOT NULL,
    height integer NOT NULL,
    options json,
    date_created timestamp with time zone DEFAULT CURRENT_TIMESTAMP,
    user_created uuid
);


--
-- Name: directus_permissions; Type: TABLE; Schema: public; Owner: -
--

CREATE TABLE public.directus_permissions (
    id integer NOT NULL,
    collection character varying(64) NOT NULL,
    action character varying(10) NOT NULL,
    permissions json,
    validation json,
    presets json,
    fields text,
    policy uuid NOT NULL
);


--
-- Name: directus_permissions_id_seq; Type: SEQUENCE; Schema: public; Owner: -
--

CREATE SEQUENCE public.directus_permissions_id_seq
    AS integer
    START WITH 1
    INCREMENT BY 1
    NO MINVALUE
    NO MAXVALUE
    CACHE 1;


--
-- Name: directus_permissions_id_seq; Type: SEQUENCE OWNED BY; Schema: public; Owner: -
--

ALTER SEQUENCE public.directus_permissions_id_seq OWNED BY public.directus_permissions.id;


--
-- Name: directus_policies; Type: TABLE; Schema: public; Owner: -
--

CREATE TABLE public.directus_policies (
    id uuid NOT NULL,
    name character varying(100) NOT NULL,
    icon character varying(64) DEFAULT 'badge'::character varying NOT NULL,
    description text,
    ip_access text,
    enforce_tfa boolean DEFAULT false NOT NULL,
    admin_access boolean DEFAULT false NOT NULL,
    app_access boolean DEFAULT false NOT NULL
);


--
-- Name: directus_presets; Type: TABLE; Schema: public; Owner: -
--

CREATE TABLE public.directus_presets (
    id integer NOT NULL,
    bookmark character varying(255),
    "user" uuid,
    role uuid,
    collection character varying(64),
    search character varying(100),
    layout character varying(100) DEFAULT 'tabular'::character varying,
    layout_query json,
    layout_options json,
    refresh_interval integer,
    filter json,
    icon character varying(64) DEFAULT 'bookmark'::character varying,
    color character varying(255)
);


--
-- Name: directus_presets_id_seq; Type: SEQUENCE; Schema: public; Owner: -
--

CREATE SEQUENCE public.directus_presets_id_seq
    AS integer
    START WITH 1
    INCREMENT BY 1
    NO MINVALUE
    NO MAXVALUE
    CACHE 1;


--
-- Name: directus_presets_id_seq; Type: SEQUENCE OWNED BY; Schema: public; Owner: -
--

ALTER SEQUENCE public.directus_presets_id_seq OWNED BY public.directus_presets.id;


--
-- Name: directus_relations; Type: TABLE; Schema: public; Owner: -
--

CREATE TABLE public.directus_relations (
    id integer NOT NULL,
    many_collection character varying(64) NOT NULL,
    many_field character varying(64) NOT NULL,
    one_collection character varying(64),
    one_field character varying(64),
    one_collection_field character varying(64),
    one_allowed_collections text,
    junction_field character varying(64),
    sort_field character varying(64),
    one_deselect_action character varying(255) DEFAULT 'nullify'::character varying NOT NULL
);


--
-- Name: directus_relations_id_seq; Type: SEQUENCE; Schema: public; Owner: -
--

CREATE SEQUENCE public.directus_relations_id_seq
    AS integer
    START WITH 1
    INCREMENT BY 1
    NO MINVALUE
    NO MAXVALUE
    CACHE 1;


--
-- Name: directus_relations_id_seq; Type: SEQUENCE OWNED BY; Schema: public; Owner: -
--

ALTER SEQUENCE public.directus_relations_id_seq OWNED BY public.directus_relations.id;


--
-- Name: directus_revisions; Type: TABLE; Schema: public; Owner: -
--

CREATE TABLE public.directus_revisions (
    id integer NOT NULL,
    activity integer NOT NULL,
    collection character varying(64) NOT NULL,
    item character varying(255) NOT NULL,
    data json,
    delta json,
    parent integer,
    version uuid
);


--
-- Name: directus_revisions_id_seq; Type: SEQUENCE; Schema: public; Owner: -
--

CREATE SEQUENCE public.directus_revisions_id_seq
    AS integer
    START WITH 1
    INCREMENT BY 1
    NO MINVALUE
    NO MAXVALUE
    CACHE 1;


--
-- Name: directus_revisions_id_seq; Type: SEQUENCE OWNED BY; Schema: public; Owner: -
--

ALTER SEQUENCE public.directus_revisions_id_seq OWNED BY public.directus_revisions.id;


--
-- Name: directus_roles; Type: TABLE; Schema: public; Owner: -
--

CREATE TABLE public.directus_roles (
    id uuid NOT NULL,
    name character varying(100) NOT NULL,
    icon character varying(64) DEFAULT 'supervised_user_circle'::character varying NOT NULL,
    description text,
    parent uuid
);


--
-- Name: directus_sessions; Type: TABLE; Schema: public; Owner: -
--

CREATE TABLE public.directus_sessions (
    token character varying(64) NOT NULL,
    "user" uuid,
    expires timestamp with time zone NOT NULL,
    ip character varying(255),
    user_agent text,
    share uuid,
    origin character varying(255),
    next_token character varying(64)
);


--
-- Name: directus_settings; Type: TABLE; Schema: public; Owner: -
--

CREATE TABLE public.directus_settings (
    id integer NOT NULL,
    project_name character varying(100) DEFAULT 'Directus'::character varying NOT NULL,
    project_url character varying(255),
    project_color character varying(255) DEFAULT '#6644FF'::character varying NOT NULL,
    project_logo uuid,
    public_foreground uuid,
    public_background uuid,
    public_note text,
    auth_login_attempts integer DEFAULT 25,
    auth_password_policy character varying(100),
    storage_asset_transform character varying(7) DEFAULT 'all'::character varying,
    storage_asset_presets json,
    custom_css text,
    storage_default_folder uuid,
    basemaps json,
    mapbox_key character varying(255),
    module_bar json,
    project_descriptor character varying(100),
    default_language character varying(255) DEFAULT 'en-US'::character varying NOT NULL,
    custom_aspect_ratios json,
    public_favicon uuid,
    default_appearance character varying(255) DEFAULT 'auto'::character varying NOT NULL,
    default_theme_light character varying(255),
    theme_light_overrides json,
    default_theme_dark character varying(255),
    theme_dark_overrides json,
    report_error_url character varying(255),
    report_bug_url character varying(255),
    report_feature_url character varying(255),
    public_registration boolean DEFAULT false NOT NULL,
    public_registration_verify_email boolean DEFAULT true NOT NULL,
    public_registration_role uuid,
    public_registration_email_filter json,
    visual_editor_urls json,
    accepted_terms boolean DEFAULT false,
    project_id uuid
);


--
-- Name: directus_settings_id_seq; Type: SEQUENCE; Schema: public; Owner: -
--

CREATE SEQUENCE public.directus_settings_id_seq
    AS integer
    START WITH 1
    INCREMENT BY 1
    NO MINVALUE
    NO MAXVALUE
    CACHE 1;


--
-- Name: directus_settings_id_seq; Type: SEQUENCE OWNED BY; Schema: public; Owner: -
--

ALTER SEQUENCE public.directus_settings_id_seq OWNED BY public.directus_settings.id;


--
-- Name: directus_shares; Type: TABLE; Schema: public; Owner: -
--

CREATE TABLE public.directus_shares (
    id uuid NOT NULL,
    name character varying(255),
    collection character varying(64) NOT NULL,
    item character varying(255) NOT NULL,
    role uuid,
    password character varying(255),
    user_created uuid,
    date_created timestamp with time zone DEFAULT CURRENT_TIMESTAMP,
    date_start timestamp with time zone,
    date_end timestamp with time zone,
    times_used integer DEFAULT 0,
    max_uses integer
);


--
-- Name: directus_translations; Type: TABLE; Schema: public; Owner: -
--

CREATE TABLE public.directus_translations (
    id uuid NOT NULL,
    language character varying(255) NOT NULL,
    key character varying(255) NOT NULL,
    value text NOT NULL
);


--
-- Name: directus_users; Type: TABLE; Schema: public; Owner: -
--

CREATE TABLE public.directus_users (
    id uuid NOT NULL,
    first_name character varying(50),
    last_name character varying(50),
    email character varying(128),
    password character varying(255),
    location character varying(255),
    title character varying(50),
    description text,
    tags json,
    avatar uuid,
    language character varying(255) DEFAULT NULL::character varying,
    tfa_secret character varying(255),
    status character varying(16) DEFAULT 'active'::character varying NOT NULL,
    role uuid,
    token character varying(255),
    last_access timestamp with time zone,
    last_page character varying(255),
    provider character varying(128) DEFAULT 'default'::character varying NOT NULL,
    external_identifier character varying(255),
    auth_data json,
    email_notifications boolean DEFAULT true,
    appearance character varying(255),
    theme_dark character varying(255),
    theme_light character varying(255),
    theme_light_overrides json,
    theme_dark_overrides json,
    text_direction character varying(255) DEFAULT 'auto'::character varying NOT NULL
);


--
-- Name: directus_versions; Type: TABLE; Schema: public; Owner: -
--

CREATE TABLE public.directus_versions (
    id uuid NOT NULL,
    key character varying(64) NOT NULL,
    name character varying(255),
    collection character varying(64) NOT NULL,
    item character varying(255) NOT NULL,
    hash character varying(255),
    date_created timestamp with time zone DEFAULT CURRENT_TIMESTAMP,
    date_updated timestamp with time zone DEFAULT CURRENT_TIMESTAMP,
    user_created uuid,
    user_updated uuid,
    delta json
);


--
-- Name: directus_webhooks; Type: TABLE; Schema: public; Owner: -
--

CREATE TABLE public.directus_webhooks (
    id integer NOT NULL,
    name character varying(255) NOT NULL,
    method character varying(10) DEFAULT 'POST'::character varying NOT NULL,
    url character varying(255) NOT NULL,
    status character varying(10) DEFAULT 'active'::character varying NOT NULL,
    data boolean DEFAULT true NOT NULL,
    actions character varying(100) NOT NULL,
    collections character varying(255) NOT NULL,
    headers json,
    was_active_before_deprecation boolean DEFAULT false NOT NULL,
    migrated_flow uuid
);


--
-- Name: directus_webhooks_id_seq; Type: SEQUENCE; Schema: public; Owner: -
--

CREATE SEQUENCE public.directus_webhooks_id_seq
    AS integer
    START WITH 1
    INCREMENT BY 1
    NO MINVALUE
    NO MAXVALUE
    CACHE 1;


--
-- Name: directus_webhooks_id_seq; Type: SEQUENCE OWNED BY; Schema: public; Owner: -
--

ALTER SEQUENCE public.directus_webhooks_id_seq OWNED BY public.directus_webhooks.id;


--
-- Name: hero; Type: TABLE; Schema: public; Owner: -
--

CREATE TABLE public.hero (
    id integer NOT NULL,
    status character varying(255) DEFAULT 'draft'::character varying NOT NULL,
    user_created uuid,
    date_created timestamp with time zone,
    user_updated uuid,
    date_updated timestamp with time zone
);


--
-- Name: hero_id_seq; Type: SEQUENCE; Schema: public; Owner: -
--

CREATE SEQUENCE public.hero_id_seq
    AS integer
    START WITH 1
    INCREMENT BY 1
    NO MINVALUE
    NO MAXVALUE
    CACHE 1;


--
-- Name: hero_id_seq; Type: SEQUENCE OWNED BY; Schema: public; Owner: -
--

ALTER SEQUENCE public.hero_id_seq OWNED BY public.hero.id;


--
-- Name: hero_translations; Type: TABLE; Schema: public; Owner: -
--

CREATE TABLE public.hero_translations (
    id integer NOT NULL,
    hero_id integer,
    languages_code character varying(255),
    supporting_text text,
    heading text,
    "CTA" text,
    "CTA2" text,
    heading_highlighted text,
    supporting_text2 text
);


--
-- Name: hero_translations_id_seq; Type: SEQUENCE; Schema: public; Owner: -
--

CREATE SEQUENCE public.hero_translations_id_seq
    AS integer
    START WITH 1
    INCREMENT BY 1
    NO MINVALUE
    NO MAXVALUE
    CACHE 1;


--
-- Name: hero_translations_id_seq; Type: SEQUENCE OWNED BY; Schema: public; Owner: -
--

ALTER SEQUENCE public.hero_translations_id_seq OWNED BY public.hero_translations.id;


--
-- Name: languages; Type: TABLE; Schema: public; Owner: -
--

CREATE TABLE public.languages (
    code character varying(255) NOT NULL,
    name character varying(255),
    direction character varying(255) DEFAULT 'ltr'::character varying
);


--
-- Name: map_animation; Type: TABLE; Schema: public; Owner: -
--

CREATE TABLE public.map_animation (
    id integer NOT NULL,
    status character varying(255) DEFAULT 'draft'::character varying NOT NULL,
    sort integer,
    user_created uuid,
    date_created timestamp with time zone,
    user_updated uuid,
    date_updated timestamp with time zone,
    start integer,
    "Name" character varying(255),
    hero integer
);


--
-- Name: map_animation_Map_Cities; Type: TABLE; Schema: public; Owner: -
--

CREATE TABLE public."map_animation_Map_Cities" (
    id integer NOT NULL,
    map_animation_id integer,
    "Map_Cities_id" integer
);


--
-- Name: map_animation_Map_Cities_id_seq; Type: SEQUENCE; Schema: public; Owner: -
--

CREATE SEQUENCE public."map_animation_Map_Cities_id_seq"
    AS integer
    START WITH 1
    INCREMENT BY 1
    NO MINVALUE
    NO MAXVALUE
    CACHE 1;


--
-- Name: map_animation_Map_Cities_id_seq; Type: SEQUENCE OWNED BY; Schema: public; Owner: -
--

ALTER SEQUENCE public."map_animation_Map_Cities_id_seq" OWNED BY public."map_animation_Map_Cities".id;


--
-- Name: map_animation_id_seq; Type: SEQUENCE; Schema: public; Owner: -
--

CREATE SEQUENCE public.map_animation_id_seq
    AS integer
    START WITH 1
    INCREMENT BY 1
    NO MINVALUE
    NO MAXVALUE
    CACHE 1;


--
-- Name: map_animation_id_seq; Type: SEQUENCE OWNED BY; Schema: public; Owner: -
--

ALTER SEQUENCE public.map_animation_id_seq OWNED BY public.map_animation.id;


--
-- Name: navigation; Type: TABLE; Schema: public; Owner: -
--

CREATE TABLE public.navigation (
    id integer NOT NULL,
    status character varying(255) DEFAULT 'draft'::character varying NOT NULL,
    sort integer,
    user_created uuid,
    date_created timestamp with time zone,
    user_updated uuid,
    date_updated timestamp with time zone,
    location character varying(255) DEFAULT 'header'::character varying,
    href text,
    "isButton" boolean DEFAULT false,
    icon character varying(255),
    parent integer
);


--
-- Name: navigation_id_seq; Type: SEQUENCE; Schema: public; Owner: -
--

CREATE SEQUENCE public.navigation_id_seq
    AS integer
    START WITH 1
    INCREMENT BY 1
    NO MINVALUE
    NO MAXVALUE
    CACHE 1;


--
-- Name: navigation_id_seq; Type: SEQUENCE OWNED BY; Schema: public; Owner: -
--

ALTER SEQUENCE public.navigation_id_seq OWNED BY public.navigation.id;


--
-- Name: navigation_translations; Type: TABLE; Schema: public; Owner: -
--

CREATE TABLE public.navigation_translations (
    id integer NOT NULL,
    navigation_id integer,
    languages_code character varying(255),
    label character varying(255),
    description text
);


--
-- Name: navigation_translations_id_seq; Type: SEQUENCE; Schema: public; Owner: -
--

CREATE SEQUENCE public.navigation_translations_id_seq
    AS integer
    START WITH 1
    INCREMENT BY 1
    NO MINVALUE
    NO MAXVALUE
    CACHE 1;


--
-- Name: navigation_translations_id_seq; Type: SEQUENCE OWNED BY; Schema: public; Owner: -
--

ALTER SEQUENCE public.navigation_translations_id_seq OWNED BY public.navigation_translations.id;


--
-- Name: pages; Type: TABLE; Schema: public; Owner: -
--

CREATE TABLE public.pages (
    id uuid NOT NULL,
    status character varying(255) DEFAULT 'draft'::character varying NOT NULL,
    sort integer,
    user_created uuid,
    date_created timestamp with time zone,
    user_updated uuid,
    date_updated timestamp with time zone,
    slug text,
    hero_image uuid
);


--
-- Name: pages_translations; Type: TABLE; Schema: public; Owner: -
--

CREATE TABLE public.pages_translations (
    id integer NOT NULL,
    pages_id uuid,
    languages_code character varying(255),
    title text,
    hero_title text,
    hero_subtitle text,
    body text
);


--
-- Name: pages_translations_id_seq; Type: SEQUENCE; Schema: public; Owner: -
--

CREATE SEQUENCE public.pages_translations_id_seq
    AS integer
    START WITH 1
    INCREMENT BY 1
    NO MINVALUE
    NO MAXVALUE
    CACHE 1;


--
-- Name: pages_translations_id_seq; Type: SEQUENCE OWNED BY; Schema: public; Owner: -
--

ALTER SEQUENCE public.pages_translations_id_seq OWNED BY public.pages_translations.id;


--
-- Name: Map_Cities id; Type: DEFAULT; Schema: public; Owner: -
--

ALTER TABLE ONLY public."Map_Cities" ALTER COLUMN id SET DEFAULT nextval('public."Map_Cities_id_seq"'::regclass);


--
-- Name: Trust_Logo_Images id; Type: DEFAULT; Schema: public; Owner: -
--

ALTER TABLE ONLY public."Trust_Logo_Images" ALTER COLUMN id SET DEFAULT nextval('public."Trust_Logo_Images_id_seq"'::regclass);


--
-- Name: Trust_Logo_Images_translations id; Type: DEFAULT; Schema: public; Owner: -
--

ALTER TABLE ONLY public."Trust_Logo_Images_translations" ALTER COLUMN id SET DEFAULT nextval('public."Trust_Logo_Images_translations_id_seq"'::regclass);


--
-- Name: Trust_Logos id; Type: DEFAULT; Schema: public; Owner: -
--

ALTER TABLE ONLY public."Trust_Logos" ALTER COLUMN id SET DEFAULT nextval('public."Trust_Logos_id_seq"'::regclass);


--
-- Name: Trust_Logos_translations id; Type: DEFAULT; Schema: public; Owner: -
--

ALTER TABLE ONLY public."Trust_Logos_translations" ALTER COLUMN id SET DEFAULT nextval('public."Trust_Logos_translations_id_seq"'::regclass);


--
-- Name: company id; Type: DEFAULT; Schema: public; Owner: -
--

ALTER TABLE ONLY public.company ALTER COLUMN id SET DEFAULT nextval('public.company_id_seq'::regclass);


--
-- Name: company_translations id; Type: DEFAULT; Schema: public; Owner: -
--

ALTER TABLE ONLY public.company_translations ALTER COLUMN id SET DEFAULT nextval('public.company_translations_id_seq'::regclass);


--
-- Name: directus_activity id; Type: DEFAULT; Schema: public; Owner: -
--

ALTER TABLE ONLY public.directus_activity ALTER COLUMN id SET DEFAULT nextval('public.directus_activity_id_seq'::regclass);


--
-- Name: directus_fields id; Type: DEFAULT; Schema: public; Owner: -
--

ALTER TABLE ONLY public.directus_fields ALTER COLUMN id SET DEFAULT nextval('public.directus_fields_id_seq'::regclass);


--
-- Name: directus_notifications id; Type: DEFAULT; Schema: public; Owner: -
--

ALTER TABLE ONLY public.directus_notifications ALTER COLUMN id SET DEFAULT nextval('public.directus_notifications_id_seq'::regclass);


--
-- Name: directus_permissions id; Type: DEFAULT; Schema: public; Owner: -
--

ALTER TABLE ONLY public.directus_permissions ALTER COLUMN id SET DEFAULT nextval('public.directus_permissions_id_seq'::regclass);


--
-- Name: directus_presets id; Type: DEFAULT; Schema: public; Owner: -
--

ALTER TABLE ONLY public.directus_presets ALTER COLUMN id SET DEFAULT nextval('public.directus_presets_id_seq'::regclass);


--
-- Name: directus_relations id; Type: DEFAULT; Schema: public; Owner: -
--

ALTER TABLE ONLY public.directus_relations ALTER COLUMN id SET DEFAULT nextval('public.directus_relations_id_seq'::regclass);


--
-- Name: directus_revisions id; Type: DEFAULT; Schema: public; Owner: -
--

ALTER TABLE ONLY public.directus_revisions ALTER COLUMN id SET DEFAULT nextval('public.directus_revisions_id_seq'::regclass);


--
-- Name: directus_settings id; Type: DEFAULT; Schema: public; Owner: -
--

ALTER TABLE ONLY public.directus_settings ALTER COLUMN id SET DEFAULT nextval('public.directus_settings_id_seq'::regclass);


--
-- Name: directus_webhooks id; Type: DEFAULT; Schema: public; Owner: -
--

ALTER TABLE ONLY public.directus_webhooks ALTER COLUMN id SET DEFAULT nextval('public.directus_webhooks_id_seq'::regclass);


--
-- Name: hero id; Type: DEFAULT; Schema: public; Owner: -
--

ALTER TABLE ONLY public.hero ALTER COLUMN id SET DEFAULT nextval('public.hero_id_seq'::regclass);


--
-- Name: hero_translations id; Type: DEFAULT; Schema: public; Owner: -
--

ALTER TABLE ONLY public.hero_translations ALTER COLUMN id SET DEFAULT nextval('public.hero_translations_id_seq'::regclass);


--
-- Name: map_animation id; Type: DEFAULT; Schema: public; Owner: -
--

ALTER TABLE ONLY public.map_animation ALTER COLUMN id SET DEFAULT nextval('public.map_animation_id_seq'::regclass);


--
-- Name: map_animation_Map_Cities id; Type: DEFAULT; Schema: public; Owner: -
--

ALTER TABLE ONLY public."map_animation_Map_Cities" ALTER COLUMN id SET DEFAULT nextval('public."map_animation_Map_Cities_id_seq"'::regclass);


--
-- Name: navigation id; Type: DEFAULT; Schema: public; Owner: -
--

ALTER TABLE ONLY public.navigation ALTER COLUMN id SET DEFAULT nextval('public.navigation_id_seq'::regclass);


--
-- Name: navigation_translations id; Type: DEFAULT; Schema: public; Owner: -
--

ALTER TABLE ONLY public.navigation_translations ALTER COLUMN id SET DEFAULT nextval('public.navigation_translations_id_seq'::regclass);


--
-- Name: pages_translations id; Type: DEFAULT; Schema: public; Owner: -
--

ALTER TABLE ONLY public.pages_translations ALTER COLUMN id SET DEFAULT nextval('public.pages_translations_id_seq'::regclass);


--
-- Data for Name: Map_Cities; Type: TABLE DATA; Schema: public; Owner: -
--

COPY public."Map_Cities" (id, status, sort, user_created, date_created, user_updated, date_updated, parent, location, "Name") FROM stdin;
1	published	\N	c5e8bb40-50e6-4421-a26e-e3f1f5736aa4	2025-09-08 11:19:43.63-04	c5e8bb40-50e6-4421-a26e-e3f1f5736aa4	2025-09-08 11:21:26.882-04	1	0101000020E6100000C8864AE474C354C0B021537C682D4540	Detroit
2	published	\N	c5e8bb40-50e6-4421-a26e-e3f1f5736aa4	2025-09-08 11:23:11.371-04	\N	\N	1	0101000020E610000000781F8C6455C2BFE4ADC90FACC14940	London
3	published	\N	c5e8bb40-50e6-4421-a26e-e3f1f5736aa4	2025-09-08 11:26:38.858-04	\N	\N	1	0101000020E6100000540FC39A687961404C610443C5DA4140	Tokyo
4	draft	\N	c5e8bb40-50e6-4421-a26e-e3f1f5736aa4	2025-09-08 11:26:38.862-04	\N	\N	1	0101000020E61000008070BD9A6F980340505ECCB75D6B1940	Cotonou
5	published	\N	c5e8bb40-50e6-4421-a26e-e3f1f5736aa4	2025-09-08 11:26:38.866-04	\N	\N	1	0101000020E610000078CFDCE9BC885C4084E1ABABAA4A3640	Hong Kong
6	published	\N	c5e8bb40-50e6-4421-a26e-e3f1f5736aa4	2025-09-08 11:26:38.871-04	\N	\N	1	0101000020E6100000DCC98F2BBB6047C00026DEC255BE37C0	São Paulo
7	published	\N	c5e8bb40-50e6-4421-a26e-e3f1f5736aa4	2025-09-08 11:27:34.376-04	\N	\N	1	0101000020E61000004C9B65A022DD624049AE4B9E88E140C0	Sydney
8	published	\N	c5e8bb40-50e6-4421-a26e-e3f1f5736aa4	2025-09-08 11:28:29.353-04	\N	\N	1	0101000020E6100000E52EACD3467B52C010B90EAD58624440	New York
9	published	\N	c5e8bb40-50e6-4421-a26e-e3f1f5736aa4	2025-09-08 11:28:29.357-04	\N	\N	1	0101000020E61000003053D6296E955EC0EC95EBE9DCC74740	Seattle
10	draft	\N	\N	\N	\N	\N	\N	0101000020E610000033333333333301C03333333333934C40	Aberdeen
11	draft	\N	\N	\N	\N	\N	\N	0101000020E61000003333333333536140211FF46C567541C0	Adelaide
12	draft	\N	\N	\N	\N	\N	\N	0101000020E61000000000000000000840DFE00B93A96A4240	Algiers
13	draft	\N	\N	\N	\N	\N	\N	0101000020E61000002A3A92CB7F881340BBB88D06F02E4A40	Amsterdam
14	draft	\N	\N	\N	\N	\N	\N	0101000020E6100000211FF46C56754040211FF46C56F54340	Ankara
15	draft	\N	\N	\N	\N	\N	\N	0101000020E6100000211FF46C56D54CC000000000004039C0	Asunción
16	draft	\N	\N	\N	\N	\N	\N	0101000020E61000000F0BB5A679B7374088855AD3BCFB4240	Athens
17	draft	\N	\N	\N	\N	\N	\N	0101000020E61000000000000000D86540BBB88D06F06E42C0	Auckland
18	draft	\N	\N	\N	\N	\N	\N	0101000020E610000000000000002059400000000000802B40	Bangkok
19	draft	\N	\N	\N	\N	\N	\N	0101000020E61000003333333333330140454772F90FB14440	Barcelona
20	draft	\N	\N	\N	\N	\N	\N	0101000020E6100000910F7A36AB1A5D40211FF46C56F54340	Beijing
21	draft	\N	\N	\N	\N	\N	\N	0101000020E610000012143FC6DC3D48C0F2B0506B9A77F7BF	Belém
22	draft	\N	\N	\N	\N	\N	\N	0101000020E61000005D6DC5FEB2BB17C0BBB88D06F04E4B40	Belfast
23	draft	\N	\N	\N	\N	\N	\N	0101000020E6100000F1F44A5986883440BBB88D06F06E4640	Belgrade
24	draft	\N	\N	\N	\N	\N	\N	0101000020E6100000857CD0B359D52A400000000000404A40	Berlin
25	draft	\N	\N	\N	\N	\N	\N	0101000020E610000026E4839ECDAAFEBF211FF46C56354A40	Birmingham
26	draft	\N	\N	\N	\N	\N	\N	0101000020E610000000000000009052C0C3D32B6519221240	Bogotá
27	draft	\N	\N	\N	\N	\N	\N	0101000020E610000033333333333352400000000000003340	Bombay
28	draft	\N	\N	\N	\N	\N	\N	0101000020E61000007FFB3A70CE88E0BFDFE00B93A96A4640	Bordeaux
29	draft	\N	\N	\N	\N	\N	\N	0101000020E610000052499D8026A22140DFE00B93A98A4A40	Bremen
30	draft	\N	\N	\N	\N	\N	\N	0101000020E6100000D1915CFE4324634024287E8CB97B3BC0	Brisbane
31	draft	\N	\N	\N	\N	\N	\N	0101000020E6100000ED0DBE3099AA04C088855AD3BCBB4940	Bristol
32	draft	\N	\N	\N	\N	\N	\N	0101000020E6100000D6C56D3480771140BBB88D06F06E4940	Brussels
33	draft	\N	\N	\N	\N	\N	\N	0101000020E610000076711B0DE01D3A40211FF46C56354640	Bucharest
34	draft	\N	\N	\N	\N	\N	\N	0101000020E6100000BEC11726531533400000000000C04740	Budapest
35	draft	\N	\N	\N	\N	\N	\N	0101000020E6100000BBB88D06F02E4DC0DFE00B93A94A41C0	Buenos Aires
36	draft	\N	\N	\N	\N	\N	\N	0101000020E61000009A99999999593F40F1F44A5986083E40	Cairo
37	draft	\N	\N	\N	\N	\N	\N	0101000020E61000009A99999999195640A9A44E4013913640	Calcutta
38	draft	\N	\N	\N	\N	\N	\N	0101000020E61000000000000000505C4076711B0DE01D3740	Canton
39	draft	\N	\N	\N	\N	\N	\N	0101000020E610000076711B0DE05D3240211FF46C56F540C0	Cape Town
40	draft	\N	\N	\N	\N	\N	\N	0101000020E61000003CBD529621C250C01E166A4DF3EE2440	Caracas
41	draft	\N	\N	\N	\N	\N	\N	0101000020E61000006666666666264AC0A3923A014D441340	Cayenne
42	draft	\N	\N	\N	\N	\N	\N	0101000020E61000006FF085C954855AC076711B0DE09D3C40	Chihuahua
43	draft	\N	\N	\N	\N	\N	\N	0101000020E61000002AA913D044A45A40DCD7817346C43D40	Chongqing
44	draft	\N	\N	\N	\N	\N	\N	0101000020E610000052499D8026222940211FF46C56D54B40	Copenhagen
45	draft	\N	\N	\N	\N	\N	\N	0101000020E6100000910F7A36AB0A50C00F0BB5A679773FC0	Córdoba
46	draft	\N	\N	\N	\N	\N	\N	0101000020E61000000F0BB5A6797731C0857CD0B359552D40	Dakar
47	draft	\N	\N	\N	\N	\N	\N	0101000020E610000033333333335B60401E166A4DF3EE28C0	Darwin
48	draft	\N	\N	\N	\N	\N	\N	0101000020E610000066666666668645400000000000002740	Djibouti
49	draft	\N	\N	\N	\N	\N	\N	0101000020E610000000000000000019C0DFE00B93A9AA4A40	Dublin
50	draft	\N	\N	\N	\N	\N	\N	0101000020E61000008A8EE4F21FE23E408A8EE4F21FE23DC0	Durban
51	draft	\N	\N	\N	\N	\N	\N	0101000020E610000013F241CF665509C0211FF46C56F54B40	Edinburgh
52	draft	\N	\N	\N	\N	\N	\N	0101000020E6100000AEB6627FD95D2140BBB88D06F00E4940	Frankfurt
53	draft	\N	\N	\N	\N	\N	\N	0101000020E61000000000000000204DC00000000000001B40	Georgetown
54	draft	\N	\N	\N	\N	\N	\N	0101000020E610000000000000000011C0DFE00B93A9EA4B40	Glasgow
55	draft	\N	\N	\N	\N	\N	\N	0101000020E6100000F775E09C11A156C0EBE2361AC03B2D40	Guatemala City
56	draft	\N	\N	\N	\N	\N	\N	0101000020E6100000D656EC2FBBFB53C013F241CF665501C0	Guayaquil
57	draft	\N	\N	\N	\N	\N	\N	0101000020E6100000E2E995B20C1124406666666666C64A40	Hamburg
58	draft	\N	\N	\N	\N	\N	\N	0101000020E61000008A8EE4F21FA23740A323B9FC87A85140	Hammerfest
59	draft	\N	\N	\N	\N	\N	\N	0101000020E6100000A323B9FC879854C08A8EE4F21F223740	Havana
60	draft	\N	\N	\N	\N	\N	\N	0101000020E61000000000000000003940211FF46C56154E40	Helsinki
61	draft	\N	\N	\N	\N	\N	\N	0101000020E610000095D40968226A6240BBB88D06F06E45C0	Hobart
62	draft	\N	\N	\N	\N	\N	\N	0101000020E61000005DDC4603788751C0423EE8D9AC2A34C0	Iquique
63	draft	\N	\N	\N	\N	\N	\N	0101000020E61000006FF085C954155A400000000000404A40	Irkutsk
64	draft	\N	\N	\N	\N	\N	\N	0101000020E61000003333333333B35A40705F07CE191119C0	Jakarta
65	draft	\N	\N	\N	\N	\N	\N	0101000020E6100000A9A44E4013113C403333333333333AC0	Johannesburg
66	draft	\N	\N	\N	\N	\N	\N	0101000020E61000002AA913D0443453C024287E8CB9FB3140	Kingston
67	draft	\N	\N	\N	\N	\N	\N	0101000020E6100000E2E995B20C912E4033333333333311C0	Kinshasa
68	draft	\N	\N	\N	\N	\N	\N	0101000020E6100000CDCCCCCCCC6C594054742497FF100940	Kuala Lumpur
69	draft	\N	\N	\N	\N	\N	\N	0101000020E61000005DDC4603781751C033333333337330C0	La Paz
70	draft	\N	\N	\N	\N	\N	\N	0101000020E6100000000000000000F8BF0000000000E04A40	Leeds
71	draft	\N	\N	\N	\N	\N	\N	0101000020E61000003CBD5296214253C000000000000028C0	Lima
72	draft	\N	\N	\N	\N	\N	\N	0101000020E6100000CDCCCCCCCC4C22C012143FC6DC5D4340	Lisbon
73	draft	\N	\N	\N	\N	\N	\N	0101000020E610000000000000000008C0211FF46C56B54A40	Liverpool
74	draft	\N	\N	\N	\N	\N	\N	0101000020E6100000F7065F984C5513400000000000E04640	Lyons
75	draft	\N	\N	\N	\N	\N	\N	0101000020E61000009A99999999990DC0ACADD85F76374440	Madrid
76	draft	\N	\N	\N	\N	\N	\N	0101000020E610000000000000000002C00000000000C04A40	Manchester
77	draft	\N	\N	\N	\N	\N	\N	0101000020E6100000CDCCCCCCCC3C5E407B832F4CA62A2D40	Manila
78	draft	\N	\N	\N	\N	\N	\N	0101000020E6100000F7065F984C551540DFE00B93A9AA4540	Marseilles
79	draft	\N	\N	\N	\N	\N	\N	0101000020E6100000910F7A36AB9A5AC03333333333333740	Mazatlán
80	draft	\N	\N	\N	\N	\N	\N	0101000020E61000000000000000E0434024287E8CB97B3540	Mecca
81	draft	\N	\N	\N	\N	\N	\N	0101000020E610000062A1D634EF1E6240787AA52C43E442C0	Melbourne
82	draft	\N	\N	\N	\N	\N	\N	0101000020E61000005DDC460378C758C0575BB1BFEC6E3340	Mexico City
83	draft	\N	\N	\N	\N	\N	\N	0101000020E6100000857CD0B3595522409A99999999B94640	Milan
84	draft	\N	\N	\N	\N	\N	\N	0101000020E6100000211FF46C56154CC0454772F90F7141C0	Montevideo
85	draft	\N	\N	\N	\N	\N	\N	0101000020E6100000CDCCCCCCCCCC42400000000000E04B40	Moscow
86	draft	\N	\N	\N	\N	\N	\N	0101000020E61000007B832F4CA62A2740454772F90F114840	Munich
87	draft	\N	\N	\N	\N	\N	\N	0101000020E610000066666666663E60406666666666664040	Nagasaki
88	draft	\N	\N	\N	\N	\N	\N	0101000020E61000006B2BF697DD1D6140BBB88D06F08E4140	Nagoya
89	draft	\N	\N	\N	\N	\N	\N	0101000020E6100000211FF46C5675424026E4839ECDAAF6BF	Nairobi
90	draft	\N	\N	\N	\N	\N	\N	0101000020E6100000A323B9FC87B85D406666666666064040	Nanjing
91	draft	\N	\N	\N	\N	\N	\N	0101000020E61000000000000000802C40DFE00B93A96A4440	Naples
92	draft	\N	\N	\N	\N	\N	\N	0101000020E6100000CDCCCCCCCC4C5340BEC1172653953C40	New Delhi
93	draft	\N	\N	\N	\N	\N	\N	0101000020E61000005917B7D100DEF9BF88855AD3BC7B4B40	Newcastle-on-Tyne
94	draft	\N	\N	\N	\N	\N	\N	0101000020E6100000CDCCCCCCCCCC3E409A99999999394740	Odessa
95	draft	\N	\N	\N	\N	\N	\N	0101000020E61000000000000000F06040787AA52C43444140	Osaka
96	draft	\N	\N	\N	\N	\N	\N	0101000020E610000066666666666625409A99999999F94D40	Oslo
97	draft	\N	\N	\N	\N	\N	\N	0101000020E61000003CBD529621E253C01E166A4DF3EE2140	Panama City
98	draft	\N	\N	\N	\N	\N	\N	0101000020E61000000000000000A04BC00000000000001740	Paramaribo
99	draft	\N	\N	\N	\N	\N	\N	0101000020E6100000ED0DBE3099AA02406666666666664840	Paris
100	draft	\N	\N	\N	\N	\N	\N	0101000020E61000005DDC460378F75C403333333333F33FC0	Perth
101	draft	\N	\N	\N	\N	\N	\N	0101000020E6100000F7065F984C5510C0211FF46C56354940	Plymouth
102	draft	\N	\N	\N	\N	\N	\N	0101000020E6100000D1915CFE43646240857CD0B359D522C0	Port Moresby
103	draft	\N	\N	\N	\N	\N	\N	0101000020E6100000AEB6627FD9DD2C40DFE00B93A90A4940	Prague
104	draft	\N	\N	\N	\N	\N	\N	0101000020E61000000000000000005840BEC1172653D53040	Rangoon
105	draft	\N	\N	\N	\N	\N	\N	0101000020E61000000F0BB5A679F735C02AA913D044045040	Reykjavík
106	draft	\N	\N	\N	\N	\N	\N	0101000020E61000009A999999999945C03333333333F336C0	Rio de Janeiro
107	draft	\N	\N	\N	\N	\N	\N	0101000020E61000006666666666E628403333333333F34440	Rome
108	draft	\N	\N	\N	\N	\N	\N	0101000020E61000009A999999993943C0AEB6627FD9DD29C0	Salvador
109	draft	\N	\N	\N	\N	\N	\N	0101000020E61000000000000000B051C088855AD3BCBB40C0	Santiago
110	draft	\N	\N	\N	\N	\N	\N	0101000020E6100000CDCCCCCCCC4C3E40ACADD85F76F74D40	St. Petersburg
111	draft	\N	\N	\N	\N	\N	\N	0101000020E6100000C442AD69DE5D5E40423EE8D9AC2A3F40	Shanghai
112	draft	\N	\N	\N	\N	\N	\N	0101000020E6100000910F7A36ABFA59404182E2C798BBF33F	Singapore
113	draft	\N	\N	\N	\N	\N	\N	0101000020E6100000BEC1172653553740211FF46C56554540	Sofia
114	draft	\N	\N	\N	\N	\N	\N	0101000020E6100000CDCCCCCCCC0C3240787AA52C43A44D40	Stockholm
115	draft	\N	\N	\N	\N	\N	\N	0101000020E61000006666666666C64740BEC1172653D532C0	Tananarive
116	draft	\N	\N	\N	\N	\N	\N	0101000020E61000000000000000E049400000000000E04140	Teheran
117	draft	\N	\N	\N	\N	\N	\N	0101000020E61000006666666666662A409A99999999794040	Tripoli
118	draft	\N	\N	\N	\N	\N	\N	0101000020E61000007B832F4CA6AA2840ACADD85F76B74640	Venice
119	draft	\N	\N	\N	\N	\N	\N	0101000020E6100000910F7A36AB0A58C0423EE8D9AC2A3340	Veracruz
120	draft	\N	\N	\N	\N	\N	\N	0101000020E6100000BEC117265355304012143FC6DC1D4840	Vienna
121	draft	\N	\N	\N	\N	\N	\N	0101000020E61000000000000000806040211FF46C56954540	Vladivostok
122	draft	\N	\N	\N	\N	\N	\N	0101000020E6100000000000000000354012143FC6DC1D4A40	Warsaw
123	draft	\N	\N	\N	\N	\N	\N	0101000020E61000009E5E29CB10D96540787AA52C43A444C0	Wellington
124	draft	\N	\N	\N	\N	\N	\N	0101000020E6100000B8AF03E78C082140CDCCCCCCCCAC4740	Zürich
\.


--
-- Data for Name: Trust_Logo_Images; Type: TABLE DATA; Schema: public; Owner: -
--

COPY public."Trust_Logo_Images" (id, status, sort, user_created, date_created, user_updated, date_updated, section, "Logo_Image", href, "Label") FROM stdin;
2	published	\N	c5e8bb40-50e6-4421-a26e-e3f1f5736aa4	2025-09-08 09:57:32.659-04	c5e8bb40-50e6-4421-a26e-e3f1f5736aa4	2025-09-08 10:03:47.957-04	1	0c316c98-891a-45f2-b878-b5fa454cc1ca	https://www.google.com	Google
3	published	1	c5e8bb40-50e6-4421-a26e-e3f1f5736aa4	2025-09-08 11:07:47.068-04	\N	\N	1	010d86f5-4725-4504-bfbe-c38b55cd6c20	https://linkedin.com	LinkedIn
6	published	4	c5e8bb40-50e6-4421-a26e-e3f1f5736aa4	2025-09-08 11:37:13.685-04	\N	\N	1	0874f072-3951-4a37-b07d-0efa9c4322b2	https://Ryder.com	Ryder
7	published	5	c5e8bb40-50e6-4421-a26e-e3f1f5736aa4	2025-09-08 11:44:42.516-04	\N	\N	1	1c7d9621-79f2-4833-8266-87c9c3282c55	https://XPOLogistics.com	XPO Logistics
5	published	3	c5e8bb40-50e6-4421-a26e-e3f1f5736aa4	2025-09-08 11:37:13.661-04	c5e8bb40-50e6-4421-a26e-e3f1f5736aa4	2025-09-08 11:44:42.553-04	1	370b1813-1783-4773-a4c8-e6a4ce6971fe	https://fedex.com	FedEx
4	published	2	c5e8bb40-50e6-4421-a26e-e3f1f5736aa4	2025-09-08 11:37:13.629-04	c5e8bb40-50e6-4421-a26e-e3f1f5736aa4	2025-09-08 11:44:42.595-04	1	22a9f2ef-3eb5-46a2-bd0c-494fce784e75	https://www.ups.com	Deutsche Post
8	published	6	c5e8bb40-50e6-4421-a26e-e3f1f5736aa4	2025-09-08 11:51:49.029-04	\N	\N	1	534613e9-de55-49fe-bba9-fe525dfddca0	https://cn.ca	CN Rail
9	published	7	c5e8bb40-50e6-4421-a26e-e3f1f5736aa4	2025-09-08 11:51:49.061-04	\N	\N	1	dbf78878-f604-44e1-9186-7088c79289a3	https://www.cevalogistics.com	Ceva Logistics
10	published	8	c5e8bb40-50e6-4421-a26e-e3f1f5736aa4	2025-09-08 11:51:49.09-04	\N	\N	1	0ebdfdd1-c2c8-41cd-8ae2-d62cb1b892f4	https://www.tnt.com	TNT
\.


--
-- Data for Name: Trust_Logo_Images_translations; Type: TABLE DATA; Schema: public; Owner: -
--

COPY public."Trust_Logo_Images_translations" (id, "Trust_Logo_Images_id", languages_code, alt_text) FROM stdin;
1	2	en	Google
2	2	fr	Google
3	2	de	Google
4	2	es	Google
5	3	en	LinkedIn
6	3	fr	LinkedIn
7	3	de	LinkedIn
8	3	es	LinkedIn
17	6	en	Ryder
18	6	fr	Ryder
19	6	de	Ryder
20	6	es	Ryder
21	7	en	XPO Logistics
22	7	fr	XPO Logistics
23	7	de	XPO Logistics
24	7	es	XPO Logistics
13	5	en	FedEx
14	5	fr	FedEx
15	5	de	FedEx
16	5	es	FedEx
9	4	en	Deutsche Post
10	4	fr	Deutsche Post
11	4	de	Deutsche Post
12	4	es	Deutsche Post
25	8	en	CN Rail
26	8	fr	CN Rail
27	8	de	CN Rail
28	8	es	CN Rail
29	9	en	Ceva Logistics
30	9	fr	Ceva Logistics
31	9	de	Ceva Logistics
32	9	es	Ceva Logistics
33	10	en	TNT Express
34	10	fr	TNT Express
35	10	de	TNT Express
36	10	es	TNT Express
\.


--
-- Data for Name: Trust_Logos; Type: TABLE DATA; Schema: public; Owner: -
--

COPY public."Trust_Logos" (id, status, user_created, date_created, user_updated, date_updated, is_monochrome, "Monochrome_Color", "Enable_Links", scroll_logos, scroll_speed) FROM stdin;
1	published	c5e8bb40-50e6-4421-a26e-e3f1f5736aa4	2025-09-08 10:03:12.961-04	c5e8bb40-50e6-4421-a26e-e3f1f5736aa4	2025-09-08 12:58:59.606-04	t	#BBBBBB	t	t	21
\.


--
-- Data for Name: Trust_Logos_translations; Type: TABLE DATA; Schema: public; Owner: -
--

COPY public."Trust_Logos_translations" (id, "Trust_Logos_id", languages_code, "Intro_Text") FROM stdin;
1	1	en	Trusted by scaling companies in logistics, SaaS, and transportation
2	1	fr	De confiance auprès des entreprises en croissance dans la logistique, le SaaS et le transport
3	1	de	Vertraut von wachsenden Unternehmen in Logistik, SaaS und Transport
4	1	es	De confianza para empresas en crecimiento en logística, SaaS y transporte
\.


--
-- Data for Name: company; Type: TABLE DATA; Schema: public; Owner: -
--

COPY public.company (id, user_created, date_created, user_updated, date_updated, logo, name, favicon, "useFaviconInHeader") FROM stdin;
1	c5e8bb40-50e6-4421-a26e-e3f1f5736aa4	2025-09-07 15:03:56.576-04	c5e8bb40-50e6-4421-a26e-e3f1f5736aa4	2025-09-07 23:25:19.212-04	893633e0-d183-4e63-bdde-1ec61ae92ff5	LogisticIQ	1fb1f6b8-ba4d-4301-8a72-decb8dd89c71	t
\.


--
-- Data for Name: company_translations; Type: TABLE DATA; Schema: public; Owner: -
--

COPY public.company_translations (id, company_id, languages_code, tagline, "SEO_Meta_Title_Append") FROM stdin;
\.


--
-- Data for Name: directus_access; Type: TABLE DATA; Schema: public; Owner: -
--

COPY public.directus_access (id, role, "user", policy, sort) FROM stdin;
5c845e5e-45f7-4a22-a354-0b1fd9028e7b	\N	\N	abf8a154-5b1c-4a46-ac9c-7300570f4f17	1
421067ca-112c-45f8-9445-518e2d2cc412	452c5584-65f7-4232-9b37-35cf01451390	\N	63994293-f78c-4f9b-8c9a-e2241cd53433	\N
\.


--
-- Data for Name: directus_activity; Type: TABLE DATA; Schema: public; Owner: -
--

COPY public.directus_activity (id, action, "user", "timestamp", ip, user_agent, collection, item, origin) FROM stdin;
1	login	c5e8bb40-50e6-4421-a26e-e3f1f5736aa4	2025-09-05 22:41:59.069-04	10.0.20.39	Mozilla/5.0 (Windows NT 10.0; Win64; x64; rv:142.0) Gecko/20100101 Firefox/142.0	directus_users	c5e8bb40-50e6-4421-a26e-e3f1f5736aa4	http://10.0.20.3:8055
2	update	c5e8bb40-50e6-4421-a26e-e3f1f5736aa4	2025-09-05 22:42:09.382-04	10.0.20.39	Mozilla/5.0 (Windows NT 10.0; Win64; x64; rv:142.0) Gecko/20100101 Firefox/142.0	directus_settings	1	http://10.0.20.3:8055
3	create	c5e8bb40-50e6-4421-a26e-e3f1f5736aa4	2025-09-05 22:55:54.299-04	10.0.20.39	Mozilla/5.0 (Windows NT 10.0; Win64; x64; rv:142.0) Gecko/20100101 Firefox/142.0	directus_fields	1	http://10.0.20.3:8055
4	create	c5e8bb40-50e6-4421-a26e-e3f1f5736aa4	2025-09-05 22:55:54.307-04	10.0.20.39	Mozilla/5.0 (Windows NT 10.0; Win64; x64; rv:142.0) Gecko/20100101 Firefox/142.0	directus_fields	2	http://10.0.20.3:8055
5	create	c5e8bb40-50e6-4421-a26e-e3f1f5736aa4	2025-09-05 22:55:54.314-04	10.0.20.39	Mozilla/5.0 (Windows NT 10.0; Win64; x64; rv:142.0) Gecko/20100101 Firefox/142.0	directus_fields	3	http://10.0.20.3:8055
6	create	c5e8bb40-50e6-4421-a26e-e3f1f5736aa4	2025-09-05 22:55:54.321-04	10.0.20.39	Mozilla/5.0 (Windows NT 10.0; Win64; x64; rv:142.0) Gecko/20100101 Firefox/142.0	directus_fields	4	http://10.0.20.3:8055
7	create	c5e8bb40-50e6-4421-a26e-e3f1f5736aa4	2025-09-05 22:55:54.327-04	10.0.20.39	Mozilla/5.0 (Windows NT 10.0; Win64; x64; rv:142.0) Gecko/20100101 Firefox/142.0	directus_collections	Articles	http://10.0.20.3:8055
10	create	c5e8bb40-50e6-4421-a26e-e3f1f5736aa4	2025-09-05 23:01:28.337-04	10.0.20.39	Mozilla/5.0 (Windows NT 10.0; Win64; x64; rv:142.0) Gecko/20100101 Firefox/142.0	directus_fields	5	http://10.0.20.3:8055
11	create	c5e8bb40-50e6-4421-a26e-e3f1f5736aa4	2025-09-05 23:02:53.71-04	10.0.20.39	Mozilla/5.0 (Windows NT 10.0; Win64; x64; rv:142.0) Gecko/20100101 Firefox/142.0	directus_fields	6	http://10.0.20.3:8055
12	delete	c5e8bb40-50e6-4421-a26e-e3f1f5736aa4	2025-09-07 13:02:19.332-04	10.0.20.39	Mozilla/5.0 (Windows NT 10.0; Win64; x64; rv:142.0) Gecko/20100101 Firefox/142.0	directus_collections	Articles	http://10.0.20.3:8055
13	delete	c5e8bb40-50e6-4421-a26e-e3f1f5736aa4	2025-09-07 13:02:19.338-04	10.0.20.39	Mozilla/5.0 (Windows NT 10.0; Win64; x64; rv:142.0) Gecko/20100101 Firefox/142.0	directus_fields	1	http://10.0.20.3:8055
14	delete	c5e8bb40-50e6-4421-a26e-e3f1f5736aa4	2025-09-07 13:02:19.34-04	10.0.20.39	Mozilla/5.0 (Windows NT 10.0; Win64; x64; rv:142.0) Gecko/20100101 Firefox/142.0	directus_fields	2	http://10.0.20.3:8055
15	delete	c5e8bb40-50e6-4421-a26e-e3f1f5736aa4	2025-09-07 13:02:19.341-04	10.0.20.39	Mozilla/5.0 (Windows NT 10.0; Win64; x64; rv:142.0) Gecko/20100101 Firefox/142.0	directus_fields	3	http://10.0.20.3:8055
16	delete	c5e8bb40-50e6-4421-a26e-e3f1f5736aa4	2025-09-07 13:02:19.342-04	10.0.20.39	Mozilla/5.0 (Windows NT 10.0; Win64; x64; rv:142.0) Gecko/20100101 Firefox/142.0	directus_fields	4	http://10.0.20.3:8055
17	delete	c5e8bb40-50e6-4421-a26e-e3f1f5736aa4	2025-09-07 13:02:19.344-04	10.0.20.39	Mozilla/5.0 (Windows NT 10.0; Win64; x64; rv:142.0) Gecko/20100101 Firefox/142.0	directus_fields	5	http://10.0.20.3:8055
18	delete	c5e8bb40-50e6-4421-a26e-e3f1f5736aa4	2025-09-07 13:02:19.345-04	10.0.20.39	Mozilla/5.0 (Windows NT 10.0; Win64; x64; rv:142.0) Gecko/20100101 Firefox/142.0	directus_fields	6	http://10.0.20.3:8055
19	create	c5e8bb40-50e6-4421-a26e-e3f1f5736aa4	2025-09-07 13:02:59.738-04	10.0.20.39	Mozilla/5.0 (Windows NT 10.0; Win64; x64; rv:142.0) Gecko/20100101 Firefox/142.0	directus_fields	7	http://10.0.20.3:8055
20	create	c5e8bb40-50e6-4421-a26e-e3f1f5736aa4	2025-09-07 13:02:59.745-04	10.0.20.39	Mozilla/5.0 (Windows NT 10.0; Win64; x64; rv:142.0) Gecko/20100101 Firefox/142.0	directus_fields	8	http://10.0.20.3:8055
21	create	c5e8bb40-50e6-4421-a26e-e3f1f5736aa4	2025-09-07 13:02:59.752-04	10.0.20.39	Mozilla/5.0 (Windows NT 10.0; Win64; x64; rv:142.0) Gecko/20100101 Firefox/142.0	directus_fields	9	http://10.0.20.3:8055
22	create	c5e8bb40-50e6-4421-a26e-e3f1f5736aa4	2025-09-07 13:02:59.758-04	10.0.20.39	Mozilla/5.0 (Windows NT 10.0; Win64; x64; rv:142.0) Gecko/20100101 Firefox/142.0	directus_fields	10	http://10.0.20.3:8055
23	create	c5e8bb40-50e6-4421-a26e-e3f1f5736aa4	2025-09-07 13:02:59.763-04	10.0.20.39	Mozilla/5.0 (Windows NT 10.0; Win64; x64; rv:142.0) Gecko/20100101 Firefox/142.0	directus_fields	11	http://10.0.20.3:8055
24	create	c5e8bb40-50e6-4421-a26e-e3f1f5736aa4	2025-09-07 13:02:59.768-04	10.0.20.39	Mozilla/5.0 (Windows NT 10.0; Win64; x64; rv:142.0) Gecko/20100101 Firefox/142.0	directus_fields	12	http://10.0.20.3:8055
25	create	c5e8bb40-50e6-4421-a26e-e3f1f5736aa4	2025-09-07 13:02:59.773-04	10.0.20.39	Mozilla/5.0 (Windows NT 10.0; Win64; x64; rv:142.0) Gecko/20100101 Firefox/142.0	directus_fields	13	http://10.0.20.3:8055
26	create	c5e8bb40-50e6-4421-a26e-e3f1f5736aa4	2025-09-07 13:02:59.779-04	10.0.20.39	Mozilla/5.0 (Windows NT 10.0; Win64; x64; rv:142.0) Gecko/20100101 Firefox/142.0	directus_collections	pages	http://10.0.20.3:8055
27	create	c5e8bb40-50e6-4421-a26e-e3f1f5736aa4	2025-09-07 13:03:57.47-04	10.0.20.39	Mozilla/5.0 (Windows NT 10.0; Win64; x64; rv:142.0) Gecko/20100101 Firefox/142.0	directus_fields	14	http://10.0.20.3:8055
28	create	c5e8bb40-50e6-4421-a26e-e3f1f5736aa4	2025-09-07 13:04:49.67-04	10.0.20.39	Mozilla/5.0 (Windows NT 10.0; Win64; x64; rv:142.0) Gecko/20100101 Firefox/142.0	directus_fields	15	http://10.0.20.3:8055
29	create	c5e8bb40-50e6-4421-a26e-e3f1f5736aa4	2025-09-07 13:09:37.496-04	10.0.20.39	Mozilla/5.0 (Windows NT 10.0; Win64; x64; rv:142.0) Gecko/20100101 Firefox/142.0	directus_fields	16	http://10.0.20.3:8055
30	create	c5e8bb40-50e6-4421-a26e-e3f1f5736aa4	2025-09-07 13:10:04.727-04	10.0.20.39	Mozilla/5.0 (Windows NT 10.0; Win64; x64; rv:142.0) Gecko/20100101 Firefox/142.0	directus_fields	17	http://10.0.20.3:8055
31	create	c5e8bb40-50e6-4421-a26e-e3f1f5736aa4	2025-09-07 13:11:11.625-04	10.0.20.39	Mozilla/5.0 (Windows NT 10.0; Win64; x64; rv:142.0) Gecko/20100101 Firefox/142.0	directus_fields	18	http://10.0.20.3:8055
32	create	c5e8bb40-50e6-4421-a26e-e3f1f5736aa4	2025-09-07 13:12:05.589-04	10.0.20.39	Mozilla/5.0 (Windows NT 10.0; Win64; x64; rv:142.0) Gecko/20100101 Firefox/142.0	directus_fields	19	http://10.0.20.3:8055
33	update	c5e8bb40-50e6-4421-a26e-e3f1f5736aa4	2025-09-07 13:14:21.411-04	10.0.20.39	Mozilla/5.0 (Windows NT 10.0; Win64; x64; rv:142.0) Gecko/20100101 Firefox/142.0	directus_collections	pages	http://10.0.20.3:8055
34	update	c5e8bb40-50e6-4421-a26e-e3f1f5736aa4	2025-09-07 13:29:06.992-04	10.0.20.39	Mozilla/5.0 (Windows NT 10.0; Win64; x64; rv:142.0) Gecko/20100101 Firefox/142.0	directus_settings	1	http://10.0.20.3:8055
35	create	c5e8bb40-50e6-4421-a26e-e3f1f5736aa4	2025-09-07 13:32:17.842-04	10.0.20.39	Mozilla/5.0 (Windows NT 10.0; Win64; x64; rv:142.0) Gecko/20100101 Firefox/142.0	directus_fields	20	http://10.0.20.3:8055
36	update	c5e8bb40-50e6-4421-a26e-e3f1f5736aa4	2025-09-07 13:33:11.507-04	10.0.20.39	Mozilla/5.0 (Windows NT 10.0; Win64; x64; rv:142.0) Gecko/20100101 Firefox/142.0	directus_fields	7	http://10.0.20.3:8055
37	update	c5e8bb40-50e6-4421-a26e-e3f1f5736aa4	2025-09-07 13:33:11.521-04	10.0.20.39	Mozilla/5.0 (Windows NT 10.0; Win64; x64; rv:142.0) Gecko/20100101 Firefox/142.0	directus_fields	14	http://10.0.20.3:8055
38	update	c5e8bb40-50e6-4421-a26e-e3f1f5736aa4	2025-09-07 13:33:11.532-04	10.0.20.39	Mozilla/5.0 (Windows NT 10.0; Win64; x64; rv:142.0) Gecko/20100101 Firefox/142.0	directus_fields	8	http://10.0.20.3:8055
39	update	c5e8bb40-50e6-4421-a26e-e3f1f5736aa4	2025-09-07 13:33:11.542-04	10.0.20.39	Mozilla/5.0 (Windows NT 10.0; Win64; x64; rv:142.0) Gecko/20100101 Firefox/142.0	directus_fields	9	http://10.0.20.3:8055
40	update	c5e8bb40-50e6-4421-a26e-e3f1f5736aa4	2025-09-07 13:33:11.552-04	10.0.20.39	Mozilla/5.0 (Windows NT 10.0; Win64; x64; rv:142.0) Gecko/20100101 Firefox/142.0	directus_fields	10	http://10.0.20.3:8055
41	update	c5e8bb40-50e6-4421-a26e-e3f1f5736aa4	2025-09-07 13:33:11.563-04	10.0.20.39	Mozilla/5.0 (Windows NT 10.0; Win64; x64; rv:142.0) Gecko/20100101 Firefox/142.0	directus_fields	11	http://10.0.20.3:8055
42	update	c5e8bb40-50e6-4421-a26e-e3f1f5736aa4	2025-09-07 13:33:11.575-04	10.0.20.39	Mozilla/5.0 (Windows NT 10.0; Win64; x64; rv:142.0) Gecko/20100101 Firefox/142.0	directus_fields	12	http://10.0.20.3:8055
43	update	c5e8bb40-50e6-4421-a26e-e3f1f5736aa4	2025-09-07 13:33:11.585-04	10.0.20.39	Mozilla/5.0 (Windows NT 10.0; Win64; x64; rv:142.0) Gecko/20100101 Firefox/142.0	directus_fields	13	http://10.0.20.3:8055
44	update	c5e8bb40-50e6-4421-a26e-e3f1f5736aa4	2025-09-07 13:33:11.596-04	10.0.20.39	Mozilla/5.0 (Windows NT 10.0; Win64; x64; rv:142.0) Gecko/20100101 Firefox/142.0	directus_fields	15	http://10.0.20.3:8055
45	update	c5e8bb40-50e6-4421-a26e-e3f1f5736aa4	2025-09-07 13:33:11.607-04	10.0.20.39	Mozilla/5.0 (Windows NT 10.0; Win64; x64; rv:142.0) Gecko/20100101 Firefox/142.0	directus_fields	16	http://10.0.20.3:8055
46	update	c5e8bb40-50e6-4421-a26e-e3f1f5736aa4	2025-09-07 13:33:11.62-04	10.0.20.39	Mozilla/5.0 (Windows NT 10.0; Win64; x64; rv:142.0) Gecko/20100101 Firefox/142.0	directus_fields	17	http://10.0.20.3:8055
47	update	c5e8bb40-50e6-4421-a26e-e3f1f5736aa4	2025-09-07 13:33:11.631-04	10.0.20.39	Mozilla/5.0 (Windows NT 10.0; Win64; x64; rv:142.0) Gecko/20100101 Firefox/142.0	directus_fields	18	http://10.0.20.3:8055
48	update	c5e8bb40-50e6-4421-a26e-e3f1f5736aa4	2025-09-07 13:33:11.641-04	10.0.20.39	Mozilla/5.0 (Windows NT 10.0; Win64; x64; rv:142.0) Gecko/20100101 Firefox/142.0	directus_fields	19	http://10.0.20.3:8055
49	update	c5e8bb40-50e6-4421-a26e-e3f1f5736aa4	2025-09-07 13:33:11.652-04	10.0.20.39	Mozilla/5.0 (Windows NT 10.0; Win64; x64; rv:142.0) Gecko/20100101 Firefox/142.0	directus_fields	20	http://10.0.20.3:8055
50	update	c5e8bb40-50e6-4421-a26e-e3f1f5736aa4	2025-09-07 13:33:25.646-04	10.0.20.39	Mozilla/5.0 (Windows NT 10.0; Win64; x64; rv:142.0) Gecko/20100101 Firefox/142.0	directus_fields	7	http://10.0.20.3:8055
51	update	c5e8bb40-50e6-4421-a26e-e3f1f5736aa4	2025-09-07 13:33:25.662-04	10.0.20.39	Mozilla/5.0 (Windows NT 10.0; Win64; x64; rv:142.0) Gecko/20100101 Firefox/142.0	directus_fields	14	http://10.0.20.3:8055
52	update	c5e8bb40-50e6-4421-a26e-e3f1f5736aa4	2025-09-07 13:33:25.673-04	10.0.20.39	Mozilla/5.0 (Windows NT 10.0; Win64; x64; rv:142.0) Gecko/20100101 Firefox/142.0	directus_fields	20	http://10.0.20.3:8055
53	update	c5e8bb40-50e6-4421-a26e-e3f1f5736aa4	2025-09-07 13:33:25.684-04	10.0.20.39	Mozilla/5.0 (Windows NT 10.0; Win64; x64; rv:142.0) Gecko/20100101 Firefox/142.0	directus_fields	8	http://10.0.20.3:8055
54	update	c5e8bb40-50e6-4421-a26e-e3f1f5736aa4	2025-09-07 13:33:25.693-04	10.0.20.39	Mozilla/5.0 (Windows NT 10.0; Win64; x64; rv:142.0) Gecko/20100101 Firefox/142.0	directus_fields	9	http://10.0.20.3:8055
55	update	c5e8bb40-50e6-4421-a26e-e3f1f5736aa4	2025-09-07 13:33:25.703-04	10.0.20.39	Mozilla/5.0 (Windows NT 10.0; Win64; x64; rv:142.0) Gecko/20100101 Firefox/142.0	directus_fields	10	http://10.0.20.3:8055
56	update	c5e8bb40-50e6-4421-a26e-e3f1f5736aa4	2025-09-07 13:33:25.712-04	10.0.20.39	Mozilla/5.0 (Windows NT 10.0; Win64; x64; rv:142.0) Gecko/20100101 Firefox/142.0	directus_fields	11	http://10.0.20.3:8055
57	update	c5e8bb40-50e6-4421-a26e-e3f1f5736aa4	2025-09-07 13:33:25.722-04	10.0.20.39	Mozilla/5.0 (Windows NT 10.0; Win64; x64; rv:142.0) Gecko/20100101 Firefox/142.0	directus_fields	12	http://10.0.20.3:8055
58	update	c5e8bb40-50e6-4421-a26e-e3f1f5736aa4	2025-09-07 13:33:25.733-04	10.0.20.39	Mozilla/5.0 (Windows NT 10.0; Win64; x64; rv:142.0) Gecko/20100101 Firefox/142.0	directus_fields	13	http://10.0.20.3:8055
59	update	c5e8bb40-50e6-4421-a26e-e3f1f5736aa4	2025-09-07 13:33:25.744-04	10.0.20.39	Mozilla/5.0 (Windows NT 10.0; Win64; x64; rv:142.0) Gecko/20100101 Firefox/142.0	directus_fields	15	http://10.0.20.3:8055
60	update	c5e8bb40-50e6-4421-a26e-e3f1f5736aa4	2025-09-07 13:33:25.753-04	10.0.20.39	Mozilla/5.0 (Windows NT 10.0; Win64; x64; rv:142.0) Gecko/20100101 Firefox/142.0	directus_fields	16	http://10.0.20.3:8055
61	update	c5e8bb40-50e6-4421-a26e-e3f1f5736aa4	2025-09-07 13:33:25.763-04	10.0.20.39	Mozilla/5.0 (Windows NT 10.0; Win64; x64; rv:142.0) Gecko/20100101 Firefox/142.0	directus_fields	17	http://10.0.20.3:8055
62	update	c5e8bb40-50e6-4421-a26e-e3f1f5736aa4	2025-09-07 13:33:25.773-04	10.0.20.39	Mozilla/5.0 (Windows NT 10.0; Win64; x64; rv:142.0) Gecko/20100101 Firefox/142.0	directus_fields	18	http://10.0.20.3:8055
63	update	c5e8bb40-50e6-4421-a26e-e3f1f5736aa4	2025-09-07 13:33:25.782-04	10.0.20.39	Mozilla/5.0 (Windows NT 10.0; Win64; x64; rv:142.0) Gecko/20100101 Firefox/142.0	directus_fields	19	http://10.0.20.3:8055
64	update	c5e8bb40-50e6-4421-a26e-e3f1f5736aa4	2025-09-07 13:36:48.805-04	10.0.20.39	Mozilla/5.0 (Windows NT 10.0; Win64; x64; rv:142.0) Gecko/20100101 Firefox/142.0	directus_collections	pages	http://10.0.20.3:8055
65	create	c5e8bb40-50e6-4421-a26e-e3f1f5736aa4	2025-09-07 13:39:49.542-04	10.0.20.39	Mozilla/5.0 (Windows NT 10.0; Win64; x64; rv:142.0) Gecko/20100101 Firefox/142.0	directus_policies	016d9eea-27c6-4acf-95f3-ac3f26b1f0bc	http://10.0.20.3:8055
66	create	c5e8bb40-50e6-4421-a26e-e3f1f5736aa4	2025-09-07 13:39:49.578-04	10.0.20.39	Mozilla/5.0 (Windows NT 10.0; Win64; x64; rv:142.0) Gecko/20100101 Firefox/142.0	directus_permissions	1	http://10.0.20.3:8055
67	create	c5e8bb40-50e6-4421-a26e-e3f1f5736aa4	2025-09-07 13:39:49.583-04	10.0.20.39	Mozilla/5.0 (Windows NT 10.0; Win64; x64; rv:142.0) Gecko/20100101 Firefox/142.0	directus_permissions	2	http://10.0.20.3:8055
68	create	c5e8bb40-50e6-4421-a26e-e3f1f5736aa4	2025-09-07 13:39:49.59-04	10.0.20.39	Mozilla/5.0 (Windows NT 10.0; Win64; x64; rv:142.0) Gecko/20100101 Firefox/142.0	directus_permissions	3	http://10.0.20.3:8055
69	create	c5e8bb40-50e6-4421-a26e-e3f1f5736aa4	2025-09-07 13:39:49.595-04	10.0.20.39	Mozilla/5.0 (Windows NT 10.0; Win64; x64; rv:142.0) Gecko/20100101 Firefox/142.0	directus_permissions	4	http://10.0.20.3:8055
70	create	c5e8bb40-50e6-4421-a26e-e3f1f5736aa4	2025-09-07 13:39:49.599-04	10.0.20.39	Mozilla/5.0 (Windows NT 10.0; Win64; x64; rv:142.0) Gecko/20100101 Firefox/142.0	directus_permissions	5	http://10.0.20.3:8055
71	create	c5e8bb40-50e6-4421-a26e-e3f1f5736aa4	2025-09-07 13:39:49.606-04	10.0.20.39	Mozilla/5.0 (Windows NT 10.0; Win64; x64; rv:142.0) Gecko/20100101 Firefox/142.0	directus_permissions	6	http://10.0.20.3:8055
72	create	c5e8bb40-50e6-4421-a26e-e3f1f5736aa4	2025-09-07 13:39:49.611-04	10.0.20.39	Mozilla/5.0 (Windows NT 10.0; Win64; x64; rv:142.0) Gecko/20100101 Firefox/142.0	directus_permissions	7	http://10.0.20.3:8055
73	create	c5e8bb40-50e6-4421-a26e-e3f1f5736aa4	2025-09-07 13:39:49.616-04	10.0.20.39	Mozilla/5.0 (Windows NT 10.0; Win64; x64; rv:142.0) Gecko/20100101 Firefox/142.0	directus_permissions	8	http://10.0.20.3:8055
74	create	c5e8bb40-50e6-4421-a26e-e3f1f5736aa4	2025-09-07 13:39:49.622-04	10.0.20.39	Mozilla/5.0 (Windows NT 10.0; Win64; x64; rv:142.0) Gecko/20100101 Firefox/142.0	directus_permissions	9	http://10.0.20.3:8055
75	create	c5e8bb40-50e6-4421-a26e-e3f1f5736aa4	2025-09-07 13:39:49.627-04	10.0.20.39	Mozilla/5.0 (Windows NT 10.0; Win64; x64; rv:142.0) Gecko/20100101 Firefox/142.0	directus_permissions	10	http://10.0.20.3:8055
76	create	c5e8bb40-50e6-4421-a26e-e3f1f5736aa4	2025-09-07 13:39:49.632-04	10.0.20.39	Mozilla/5.0 (Windows NT 10.0; Win64; x64; rv:142.0) Gecko/20100101 Firefox/142.0	directus_permissions	11	http://10.0.20.3:8055
77	create	c5e8bb40-50e6-4421-a26e-e3f1f5736aa4	2025-09-07 13:39:49.638-04	10.0.20.39	Mozilla/5.0 (Windows NT 10.0; Win64; x64; rv:142.0) Gecko/20100101 Firefox/142.0	directus_permissions	12	http://10.0.20.3:8055
78	create	c5e8bb40-50e6-4421-a26e-e3f1f5736aa4	2025-09-07 13:39:49.644-04	10.0.20.39	Mozilla/5.0 (Windows NT 10.0; Win64; x64; rv:142.0) Gecko/20100101 Firefox/142.0	directus_permissions	13	http://10.0.20.3:8055
79	create	c5e8bb40-50e6-4421-a26e-e3f1f5736aa4	2025-09-07 13:39:49.65-04	10.0.20.39	Mozilla/5.0 (Windows NT 10.0; Win64; x64; rv:142.0) Gecko/20100101 Firefox/142.0	directus_permissions	14	http://10.0.20.3:8055
80	create	c5e8bb40-50e6-4421-a26e-e3f1f5736aa4	2025-09-07 13:39:49.656-04	10.0.20.39	Mozilla/5.0 (Windows NT 10.0; Win64; x64; rv:142.0) Gecko/20100101 Firefox/142.0	directus_permissions	15	http://10.0.20.3:8055
81	create	c5e8bb40-50e6-4421-a26e-e3f1f5736aa4	2025-09-07 13:39:49.661-04	10.0.20.39	Mozilla/5.0 (Windows NT 10.0; Win64; x64; rv:142.0) Gecko/20100101 Firefox/142.0	directus_permissions	16	http://10.0.20.3:8055
82	create	c5e8bb40-50e6-4421-a26e-e3f1f5736aa4	2025-09-07 13:39:49.666-04	10.0.20.39	Mozilla/5.0 (Windows NT 10.0; Win64; x64; rv:142.0) Gecko/20100101 Firefox/142.0	directus_permissions	17	http://10.0.20.3:8055
83	create	c5e8bb40-50e6-4421-a26e-e3f1f5736aa4	2025-09-07 13:39:49.671-04	10.0.20.39	Mozilla/5.0 (Windows NT 10.0; Win64; x64; rv:142.0) Gecko/20100101 Firefox/142.0	directus_permissions	18	http://10.0.20.3:8055
84	create	c5e8bb40-50e6-4421-a26e-e3f1f5736aa4	2025-09-07 13:39:49.676-04	10.0.20.39	Mozilla/5.0 (Windows NT 10.0; Win64; x64; rv:142.0) Gecko/20100101 Firefox/142.0	directus_permissions	19	http://10.0.20.3:8055
85	create	c5e8bb40-50e6-4421-a26e-e3f1f5736aa4	2025-09-07 13:39:49.681-04	10.0.20.39	Mozilla/5.0 (Windows NT 10.0; Win64; x64; rv:142.0) Gecko/20100101 Firefox/142.0	directus_permissions	20	http://10.0.20.3:8055
86	update	c5e8bb40-50e6-4421-a26e-e3f1f5736aa4	2025-09-07 13:40:46.179-04	10.0.20.39	Mozilla/5.0 (Windows NT 10.0; Win64; x64; rv:142.0) Gecko/20100101 Firefox/142.0	directus_policies	016d9eea-27c6-4acf-95f3-ac3f26b1f0bc	http://10.0.20.3:8055
87	delete	c5e8bb40-50e6-4421-a26e-e3f1f5736aa4	2025-09-07 13:40:58.106-04	10.0.20.39	Mozilla/5.0 (Windows NT 10.0; Win64; x64; rv:142.0) Gecko/20100101 Firefox/142.0	directus_policies	016d9eea-27c6-4acf-95f3-ac3f26b1f0bc	http://10.0.20.3:8055
88	create	c5e8bb40-50e6-4421-a26e-e3f1f5736aa4	2025-09-07 13:42:25.567-04	10.0.20.39	Mozilla/5.0 (Windows NT 10.0; Win64; x64; rv:142.0) Gecko/20100101 Firefox/142.0	directus_fields	21	http://10.0.20.3:8055
89	create	c5e8bb40-50e6-4421-a26e-e3f1f5736aa4	2025-09-07 13:42:34.949-04	10.0.20.39	Mozilla/5.0 (Windows NT 10.0; Win64; x64; rv:142.0) Gecko/20100101 Firefox/142.0	directus_fields	22	http://10.0.20.3:8055
90	create	c5e8bb40-50e6-4421-a26e-e3f1f5736aa4	2025-09-07 13:42:34.954-04	10.0.20.39	Mozilla/5.0 (Windows NT 10.0; Win64; x64; rv:142.0) Gecko/20100101 Firefox/142.0	directus_collections	pages_translations	http://10.0.20.3:8055
91	create	c5e8bb40-50e6-4421-a26e-e3f1f5736aa4	2025-09-07 13:42:35.022-04	10.0.20.39	Mozilla/5.0 (Windows NT 10.0; Win64; x64; rv:142.0) Gecko/20100101 Firefox/142.0	directus_fields	23	http://10.0.20.3:8055
92	create	c5e8bb40-50e6-4421-a26e-e3f1f5736aa4	2025-09-07 13:42:35.027-04	10.0.20.39	Mozilla/5.0 (Windows NT 10.0; Win64; x64; rv:142.0) Gecko/20100101 Firefox/142.0	directus_fields	24	http://10.0.20.3:8055
93	create	c5e8bb40-50e6-4421-a26e-e3f1f5736aa4	2025-09-07 13:42:35.033-04	10.0.20.39	Mozilla/5.0 (Windows NT 10.0; Win64; x64; rv:142.0) Gecko/20100101 Firefox/142.0	directus_fields	25	http://10.0.20.3:8055
94	create	c5e8bb40-50e6-4421-a26e-e3f1f5736aa4	2025-09-07 13:42:35.038-04	10.0.20.39	Mozilla/5.0 (Windows NT 10.0; Win64; x64; rv:142.0) Gecko/20100101 Firefox/142.0	directus_collections	languages	http://10.0.20.3:8055
95	create	c5e8bb40-50e6-4421-a26e-e3f1f5736aa4	2025-09-07 13:42:35.095-04	10.0.20.39	Mozilla/5.0 (Windows NT 10.0; Win64; x64; rv:142.0) Gecko/20100101 Firefox/142.0	directus_fields	26	http://10.0.20.3:8055
96	create	c5e8bb40-50e6-4421-a26e-e3f1f5736aa4	2025-09-07 13:42:35.211-04	10.0.20.39	Mozilla/5.0 (Windows NT 10.0; Win64; x64; rv:142.0) Gecko/20100101 Firefox/142.0	directus_fields	27	http://10.0.20.3:8055
97	create	c5e8bb40-50e6-4421-a26e-e3f1f5736aa4	2025-09-07 13:42:35.454-04	10.0.20.39	Mozilla/5.0 (Windows NT 10.0; Win64; x64; rv:142.0) Gecko/20100101 Firefox/142.0	languages	en-US	http://10.0.20.3:8055
98	create	c5e8bb40-50e6-4421-a26e-e3f1f5736aa4	2025-09-07 13:42:35.458-04	10.0.20.39	Mozilla/5.0 (Windows NT 10.0; Win64; x64; rv:142.0) Gecko/20100101 Firefox/142.0	languages	ar-SA	http://10.0.20.3:8055
99	create	c5e8bb40-50e6-4421-a26e-e3f1f5736aa4	2025-09-07 13:42:35.463-04	10.0.20.39	Mozilla/5.0 (Windows NT 10.0; Win64; x64; rv:142.0) Gecko/20100101 Firefox/142.0	languages	de-DE	http://10.0.20.3:8055
100	create	c5e8bb40-50e6-4421-a26e-e3f1f5736aa4	2025-09-07 13:42:35.468-04	10.0.20.39	Mozilla/5.0 (Windows NT 10.0; Win64; x64; rv:142.0) Gecko/20100101 Firefox/142.0	languages	fr-FR	http://10.0.20.3:8055
101	create	c5e8bb40-50e6-4421-a26e-e3f1f5736aa4	2025-09-07 13:42:35.472-04	10.0.20.39	Mozilla/5.0 (Windows NT 10.0; Win64; x64; rv:142.0) Gecko/20100101 Firefox/142.0	languages	ru-RU	http://10.0.20.3:8055
102	create	c5e8bb40-50e6-4421-a26e-e3f1f5736aa4	2025-09-07 13:42:35.477-04	10.0.20.39	Mozilla/5.0 (Windows NT 10.0; Win64; x64; rv:142.0) Gecko/20100101 Firefox/142.0	languages	es-ES	http://10.0.20.3:8055
103	create	c5e8bb40-50e6-4421-a26e-e3f1f5736aa4	2025-09-07 13:42:35.481-04	10.0.20.39	Mozilla/5.0 (Windows NT 10.0; Win64; x64; rv:142.0) Gecko/20100101 Firefox/142.0	languages	it-IT	http://10.0.20.3:8055
104	create	c5e8bb40-50e6-4421-a26e-e3f1f5736aa4	2025-09-07 13:42:35.485-04	10.0.20.39	Mozilla/5.0 (Windows NT 10.0; Win64; x64; rv:142.0) Gecko/20100101 Firefox/142.0	languages	pt-BR	http://10.0.20.3:8055
105	create	c5e8bb40-50e6-4421-a26e-e3f1f5736aa4	2025-09-07 13:43:43.966-04	10.0.20.39	Mozilla/5.0 (Windows NT 10.0; Win64; x64; rv:142.0) Gecko/20100101 Firefox/142.0	languages	en	http://10.0.20.3:8055
106	delete	c5e8bb40-50e6-4421-a26e-e3f1f5736aa4	2025-09-07 13:44:10.899-04	10.0.20.39	Mozilla/5.0 (Windows NT 10.0; Win64; x64; rv:142.0) Gecko/20100101 Firefox/142.0	languages	ar-SA	http://10.0.20.3:8055
107	delete	c5e8bb40-50e6-4421-a26e-e3f1f5736aa4	2025-09-07 13:44:10.901-04	10.0.20.39	Mozilla/5.0 (Windows NT 10.0; Win64; x64; rv:142.0) Gecko/20100101 Firefox/142.0	languages	en	http://10.0.20.3:8055
108	delete	c5e8bb40-50e6-4421-a26e-e3f1f5736aa4	2025-09-07 13:44:10.903-04	10.0.20.39	Mozilla/5.0 (Windows NT 10.0; Win64; x64; rv:142.0) Gecko/20100101 Firefox/142.0	languages	it-IT	http://10.0.20.3:8055
109	delete	c5e8bb40-50e6-4421-a26e-e3f1f5736aa4	2025-09-07 13:44:10.904-04	10.0.20.39	Mozilla/5.0 (Windows NT 10.0; Win64; x64; rv:142.0) Gecko/20100101 Firefox/142.0	languages	pt-BR	http://10.0.20.3:8055
110	delete	c5e8bb40-50e6-4421-a26e-e3f1f5736aa4	2025-09-07 13:44:10.906-04	10.0.20.39	Mozilla/5.0 (Windows NT 10.0; Win64; x64; rv:142.0) Gecko/20100101 Firefox/142.0	languages	ru-RU	http://10.0.20.3:8055
111	delete	c5e8bb40-50e6-4421-a26e-e3f1f5736aa4	2025-09-07 13:44:41.836-04	10.0.20.39	Mozilla/5.0 (Windows NT 10.0; Win64; x64; rv:142.0) Gecko/20100101 Firefox/142.0	directus_fields	20	http://10.0.20.3:8055
112	update	c5e8bb40-50e6-4421-a26e-e3f1f5736aa4	2025-09-07 13:45:49.34-04	10.0.20.39	Mozilla/5.0 (Windows NT 10.0; Win64; x64; rv:142.0) Gecko/20100101 Firefox/142.0	directus_fields	21	http://10.0.20.3:8055
113	update	c5e8bb40-50e6-4421-a26e-e3f1f5736aa4	2025-09-07 13:46:17.725-04	10.0.20.39	Mozilla/5.0 (Windows NT 10.0; Win64; x64; rv:142.0) Gecko/20100101 Firefox/142.0	directus_fields	7	http://10.0.20.3:8055
114	update	c5e8bb40-50e6-4421-a26e-e3f1f5736aa4	2025-09-07 13:46:17.737-04	10.0.20.39	Mozilla/5.0 (Windows NT 10.0; Win64; x64; rv:142.0) Gecko/20100101 Firefox/142.0	directus_fields	14	http://10.0.20.3:8055
115	update	c5e8bb40-50e6-4421-a26e-e3f1f5736aa4	2025-09-07 13:46:17.747-04	10.0.20.39	Mozilla/5.0 (Windows NT 10.0; Win64; x64; rv:142.0) Gecko/20100101 Firefox/142.0	directus_fields	8	http://10.0.20.3:8055
116	update	c5e8bb40-50e6-4421-a26e-e3f1f5736aa4	2025-09-07 13:46:17.757-04	10.0.20.39	Mozilla/5.0 (Windows NT 10.0; Win64; x64; rv:142.0) Gecko/20100101 Firefox/142.0	directus_fields	9	http://10.0.20.3:8055
117	update	c5e8bb40-50e6-4421-a26e-e3f1f5736aa4	2025-09-07 13:46:17.766-04	10.0.20.39	Mozilla/5.0 (Windows NT 10.0; Win64; x64; rv:142.0) Gecko/20100101 Firefox/142.0	directus_fields	10	http://10.0.20.3:8055
118	update	c5e8bb40-50e6-4421-a26e-e3f1f5736aa4	2025-09-07 13:46:17.776-04	10.0.20.39	Mozilla/5.0 (Windows NT 10.0; Win64; x64; rv:142.0) Gecko/20100101 Firefox/142.0	directus_fields	21	http://10.0.20.3:8055
119	update	c5e8bb40-50e6-4421-a26e-e3f1f5736aa4	2025-09-07 13:46:17.786-04	10.0.20.39	Mozilla/5.0 (Windows NT 10.0; Win64; x64; rv:142.0) Gecko/20100101 Firefox/142.0	directus_fields	11	http://10.0.20.3:8055
120	update	c5e8bb40-50e6-4421-a26e-e3f1f5736aa4	2025-09-07 13:46:17.798-04	10.0.20.39	Mozilla/5.0 (Windows NT 10.0; Win64; x64; rv:142.0) Gecko/20100101 Firefox/142.0	directus_fields	12	http://10.0.20.3:8055
121	update	c5e8bb40-50e6-4421-a26e-e3f1f5736aa4	2025-09-07 13:46:17.809-04	10.0.20.39	Mozilla/5.0 (Windows NT 10.0; Win64; x64; rv:142.0) Gecko/20100101 Firefox/142.0	directus_fields	13	http://10.0.20.3:8055
122	update	c5e8bb40-50e6-4421-a26e-e3f1f5736aa4	2025-09-07 13:46:17.828-04	10.0.20.39	Mozilla/5.0 (Windows NT 10.0; Win64; x64; rv:142.0) Gecko/20100101 Firefox/142.0	directus_fields	15	http://10.0.20.3:8055
123	update	c5e8bb40-50e6-4421-a26e-e3f1f5736aa4	2025-09-07 13:46:17.84-04	10.0.20.39	Mozilla/5.0 (Windows NT 10.0; Win64; x64; rv:142.0) Gecko/20100101 Firefox/142.0	directus_fields	16	http://10.0.20.3:8055
124	update	c5e8bb40-50e6-4421-a26e-e3f1f5736aa4	2025-09-07 13:46:17.85-04	10.0.20.39	Mozilla/5.0 (Windows NT 10.0; Win64; x64; rv:142.0) Gecko/20100101 Firefox/142.0	directus_fields	17	http://10.0.20.3:8055
125	update	c5e8bb40-50e6-4421-a26e-e3f1f5736aa4	2025-09-07 13:46:17.859-04	10.0.20.39	Mozilla/5.0 (Windows NT 10.0; Win64; x64; rv:142.0) Gecko/20100101 Firefox/142.0	directus_fields	18	http://10.0.20.3:8055
126	update	c5e8bb40-50e6-4421-a26e-e3f1f5736aa4	2025-09-07 13:46:17.87-04	10.0.20.39	Mozilla/5.0 (Windows NT 10.0; Win64; x64; rv:142.0) Gecko/20100101 Firefox/142.0	directus_fields	19	http://10.0.20.3:8055
127	update	c5e8bb40-50e6-4421-a26e-e3f1f5736aa4	2025-09-07 13:46:20.313-04	10.0.20.39	Mozilla/5.0 (Windows NT 10.0; Win64; x64; rv:142.0) Gecko/20100101 Firefox/142.0	directus_fields	7	http://10.0.20.3:8055
128	update	c5e8bb40-50e6-4421-a26e-e3f1f5736aa4	2025-09-07 13:46:20.323-04	10.0.20.39	Mozilla/5.0 (Windows NT 10.0; Win64; x64; rv:142.0) Gecko/20100101 Firefox/142.0	directus_fields	14	http://10.0.20.3:8055
129	update	c5e8bb40-50e6-4421-a26e-e3f1f5736aa4	2025-09-07 13:46:20.335-04	10.0.20.39	Mozilla/5.0 (Windows NT 10.0; Win64; x64; rv:142.0) Gecko/20100101 Firefox/142.0	directus_fields	21	http://10.0.20.3:8055
130	update	c5e8bb40-50e6-4421-a26e-e3f1f5736aa4	2025-09-07 13:46:20.345-04	10.0.20.39	Mozilla/5.0 (Windows NT 10.0; Win64; x64; rv:142.0) Gecko/20100101 Firefox/142.0	directus_fields	8	http://10.0.20.3:8055
131	update	c5e8bb40-50e6-4421-a26e-e3f1f5736aa4	2025-09-07 13:46:20.353-04	10.0.20.39	Mozilla/5.0 (Windows NT 10.0; Win64; x64; rv:142.0) Gecko/20100101 Firefox/142.0	directus_fields	9	http://10.0.20.3:8055
132	update	c5e8bb40-50e6-4421-a26e-e3f1f5736aa4	2025-09-07 13:46:20.363-04	10.0.20.39	Mozilla/5.0 (Windows NT 10.0; Win64; x64; rv:142.0) Gecko/20100101 Firefox/142.0	directus_fields	10	http://10.0.20.3:8055
133	update	c5e8bb40-50e6-4421-a26e-e3f1f5736aa4	2025-09-07 13:46:20.372-04	10.0.20.39	Mozilla/5.0 (Windows NT 10.0; Win64; x64; rv:142.0) Gecko/20100101 Firefox/142.0	directus_fields	11	http://10.0.20.3:8055
134	update	c5e8bb40-50e6-4421-a26e-e3f1f5736aa4	2025-09-07 13:46:20.381-04	10.0.20.39	Mozilla/5.0 (Windows NT 10.0; Win64; x64; rv:142.0) Gecko/20100101 Firefox/142.0	directus_fields	12	http://10.0.20.3:8055
135	update	c5e8bb40-50e6-4421-a26e-e3f1f5736aa4	2025-09-07 13:46:20.39-04	10.0.20.39	Mozilla/5.0 (Windows NT 10.0; Win64; x64; rv:142.0) Gecko/20100101 Firefox/142.0	directus_fields	13	http://10.0.20.3:8055
136	update	c5e8bb40-50e6-4421-a26e-e3f1f5736aa4	2025-09-07 13:46:20.4-04	10.0.20.39	Mozilla/5.0 (Windows NT 10.0; Win64; x64; rv:142.0) Gecko/20100101 Firefox/142.0	directus_fields	15	http://10.0.20.3:8055
137	update	c5e8bb40-50e6-4421-a26e-e3f1f5736aa4	2025-09-07 13:46:20.408-04	10.0.20.39	Mozilla/5.0 (Windows NT 10.0; Win64; x64; rv:142.0) Gecko/20100101 Firefox/142.0	directus_fields	16	http://10.0.20.3:8055
138	update	c5e8bb40-50e6-4421-a26e-e3f1f5736aa4	2025-09-07 13:46:20.417-04	10.0.20.39	Mozilla/5.0 (Windows NT 10.0; Win64; x64; rv:142.0) Gecko/20100101 Firefox/142.0	directus_fields	17	http://10.0.20.3:8055
139	update	c5e8bb40-50e6-4421-a26e-e3f1f5736aa4	2025-09-07 13:46:20.427-04	10.0.20.39	Mozilla/5.0 (Windows NT 10.0; Win64; x64; rv:142.0) Gecko/20100101 Firefox/142.0	directus_fields	18	http://10.0.20.3:8055
140	update	c5e8bb40-50e6-4421-a26e-e3f1f5736aa4	2025-09-07 13:46:20.435-04	10.0.20.39	Mozilla/5.0 (Windows NT 10.0; Win64; x64; rv:142.0) Gecko/20100101 Firefox/142.0	directus_fields	19	http://10.0.20.3:8055
141	create	c5e8bb40-50e6-4421-a26e-e3f1f5736aa4	2025-09-07 13:48:10.81-04	10.0.20.39	Mozilla/5.0 (Windows NT 10.0; Win64; x64; rv:142.0) Gecko/20100101 Firefox/142.0	directus_fields	28	http://10.0.20.3:8055
142	create	c5e8bb40-50e6-4421-a26e-e3f1f5736aa4	2025-09-07 13:49:09.512-04	10.0.20.39	Mozilla/5.0 (Windows NT 10.0; Win64; x64; rv:142.0) Gecko/20100101 Firefox/142.0	directus_fields	29	http://10.0.20.3:8055
143	create	c5e8bb40-50e6-4421-a26e-e3f1f5736aa4	2025-09-07 13:49:32.999-04	10.0.20.39	Mozilla/5.0 (Windows NT 10.0; Win64; x64; rv:142.0) Gecko/20100101 Firefox/142.0	directus_fields	30	http://10.0.20.3:8055
144	create	c5e8bb40-50e6-4421-a26e-e3f1f5736aa4	2025-09-07 13:49:51.183-04	10.0.20.39	Mozilla/5.0 (Windows NT 10.0; Win64; x64; rv:142.0) Gecko/20100101 Firefox/142.0	directus_fields	31	http://10.0.20.3:8055
145	delete	c5e8bb40-50e6-4421-a26e-e3f1f5736aa4	2025-09-07 13:50:16.465-04	10.0.20.39	Mozilla/5.0 (Windows NT 10.0; Win64; x64; rv:142.0) Gecko/20100101 Firefox/142.0	directus_fields	15	http://10.0.20.3:8055
146	delete	c5e8bb40-50e6-4421-a26e-e3f1f5736aa4	2025-09-07 13:50:16.476-04	10.0.20.39	Mozilla/5.0 (Windows NT 10.0; Win64; x64; rv:142.0) Gecko/20100101 Firefox/142.0	directus_fields	16	http://10.0.20.3:8055
147	delete	c5e8bb40-50e6-4421-a26e-e3f1f5736aa4	2025-09-07 13:50:19.62-04	10.0.20.39	Mozilla/5.0 (Windows NT 10.0; Win64; x64; rv:142.0) Gecko/20100101 Firefox/142.0	directus_fields	17	http://10.0.20.3:8055
148	delete	c5e8bb40-50e6-4421-a26e-e3f1f5736aa4	2025-09-07 13:50:43.618-04	10.0.20.39	Mozilla/5.0 (Windows NT 10.0; Win64; x64; rv:142.0) Gecko/20100101 Firefox/142.0	directus_fields	19	http://10.0.20.3:8055
149	update	c5e8bb40-50e6-4421-a26e-e3f1f5736aa4	2025-09-07 13:50:46.928-04	10.0.20.39	Mozilla/5.0 (Windows NT 10.0; Win64; x64; rv:142.0) Gecko/20100101 Firefox/142.0	directus_fields	7	http://10.0.20.3:8055
150	update	c5e8bb40-50e6-4421-a26e-e3f1f5736aa4	2025-09-07 13:50:46.938-04	10.0.20.39	Mozilla/5.0 (Windows NT 10.0; Win64; x64; rv:142.0) Gecko/20100101 Firefox/142.0	directus_fields	14	http://10.0.20.3:8055
151	update	c5e8bb40-50e6-4421-a26e-e3f1f5736aa4	2025-09-07 13:50:46.949-04	10.0.20.39	Mozilla/5.0 (Windows NT 10.0; Win64; x64; rv:142.0) Gecko/20100101 Firefox/142.0	directus_fields	21	http://10.0.20.3:8055
152	update	c5e8bb40-50e6-4421-a26e-e3f1f5736aa4	2025-09-07 13:50:46.959-04	10.0.20.39	Mozilla/5.0 (Windows NT 10.0; Win64; x64; rv:142.0) Gecko/20100101 Firefox/142.0	directus_fields	8	http://10.0.20.3:8055
153	update	c5e8bb40-50e6-4421-a26e-e3f1f5736aa4	2025-09-07 13:50:46.969-04	10.0.20.39	Mozilla/5.0 (Windows NT 10.0; Win64; x64; rv:142.0) Gecko/20100101 Firefox/142.0	directus_fields	10	http://10.0.20.3:8055
154	update	c5e8bb40-50e6-4421-a26e-e3f1f5736aa4	2025-09-07 13:50:46.979-04	10.0.20.39	Mozilla/5.0 (Windows NT 10.0; Win64; x64; rv:142.0) Gecko/20100101 Firefox/142.0	directus_fields	11	http://10.0.20.3:8055
155	update	c5e8bb40-50e6-4421-a26e-e3f1f5736aa4	2025-09-07 13:50:46.989-04	10.0.20.39	Mozilla/5.0 (Windows NT 10.0; Win64; x64; rv:142.0) Gecko/20100101 Firefox/142.0	directus_fields	12	http://10.0.20.3:8055
156	update	c5e8bb40-50e6-4421-a26e-e3f1f5736aa4	2025-09-07 13:50:46.998-04	10.0.20.39	Mozilla/5.0 (Windows NT 10.0; Win64; x64; rv:142.0) Gecko/20100101 Firefox/142.0	directus_fields	13	http://10.0.20.3:8055
157	update	c5e8bb40-50e6-4421-a26e-e3f1f5736aa4	2025-09-07 13:50:47.007-04	10.0.20.39	Mozilla/5.0 (Windows NT 10.0; Win64; x64; rv:142.0) Gecko/20100101 Firefox/142.0	directus_fields	18	http://10.0.20.3:8055
158	update	c5e8bb40-50e6-4421-a26e-e3f1f5736aa4	2025-09-07 13:50:47.081-04	10.0.20.39	Mozilla/5.0 (Windows NT 10.0; Win64; x64; rv:142.0) Gecko/20100101 Firefox/142.0	directus_fields	9	http://10.0.20.3:8055
159	update	c5e8bb40-50e6-4421-a26e-e3f1f5736aa4	2025-09-07 13:50:57.372-04	10.0.20.39	Mozilla/5.0 (Windows NT 10.0; Win64; x64; rv:142.0) Gecko/20100101 Firefox/142.0	directus_fields	7	http://10.0.20.3:8055
161	update	c5e8bb40-50e6-4421-a26e-e3f1f5736aa4	2025-09-07 13:50:57.384-04	10.0.20.39	Mozilla/5.0 (Windows NT 10.0; Win64; x64; rv:142.0) Gecko/20100101 Firefox/142.0	directus_fields	14	http://10.0.20.3:8055
163	update	c5e8bb40-50e6-4421-a26e-e3f1f5736aa4	2025-09-07 13:50:57.396-04	10.0.20.39	Mozilla/5.0 (Windows NT 10.0; Win64; x64; rv:142.0) Gecko/20100101 Firefox/142.0	directus_fields	21	http://10.0.20.3:8055
165	update	c5e8bb40-50e6-4421-a26e-e3f1f5736aa4	2025-09-07 13:50:57.408-04	10.0.20.39	Mozilla/5.0 (Windows NT 10.0; Win64; x64; rv:142.0) Gecko/20100101 Firefox/142.0	directus_fields	8	http://10.0.20.3:8055
167	update	c5e8bb40-50e6-4421-a26e-e3f1f5736aa4	2025-09-07 13:50:57.419-04	10.0.20.39	Mozilla/5.0 (Windows NT 10.0; Win64; x64; rv:142.0) Gecko/20100101 Firefox/142.0	directus_fields	11	http://10.0.20.3:8055
169	update	c5e8bb40-50e6-4421-a26e-e3f1f5736aa4	2025-09-07 13:50:57.433-04	10.0.20.39	Mozilla/5.0 (Windows NT 10.0; Win64; x64; rv:142.0) Gecko/20100101 Firefox/142.0	directus_fields	12	http://10.0.20.3:8055
171	update	c5e8bb40-50e6-4421-a26e-e3f1f5736aa4	2025-09-07 13:50:57.452-04	10.0.20.39	Mozilla/5.0 (Windows NT 10.0; Win64; x64; rv:142.0) Gecko/20100101 Firefox/142.0	directus_fields	13	http://10.0.20.3:8055
173	update	c5e8bb40-50e6-4421-a26e-e3f1f5736aa4	2025-09-07 13:50:57.466-04	10.0.20.39	Mozilla/5.0 (Windows NT 10.0; Win64; x64; rv:142.0) Gecko/20100101 Firefox/142.0	directus_fields	18	http://10.0.20.3:8055
175	update	c5e8bb40-50e6-4421-a26e-e3f1f5736aa4	2025-09-07 13:50:57.478-04	10.0.20.39	Mozilla/5.0 (Windows NT 10.0; Win64; x64; rv:142.0) Gecko/20100101 Firefox/142.0	directus_fields	10	http://10.0.20.3:8055
177	update	c5e8bb40-50e6-4421-a26e-e3f1f5736aa4	2025-09-07 13:50:57.491-04	10.0.20.39	Mozilla/5.0 (Windows NT 10.0; Win64; x64; rv:142.0) Gecko/20100101 Firefox/142.0	directus_fields	9	http://10.0.20.3:8055
179	update	c5e8bb40-50e6-4421-a26e-e3f1f5736aa4	2025-09-07 13:51:01.037-04	10.0.20.39	Mozilla/5.0 (Windows NT 10.0; Win64; x64; rv:142.0) Gecko/20100101 Firefox/142.0	directus_fields	7	http://10.0.20.3:8055
180	update	c5e8bb40-50e6-4421-a26e-e3f1f5736aa4	2025-09-07 13:51:01.049-04	10.0.20.39	Mozilla/5.0 (Windows NT 10.0; Win64; x64; rv:142.0) Gecko/20100101 Firefox/142.0	directus_fields	14	http://10.0.20.3:8055
181	update	c5e8bb40-50e6-4421-a26e-e3f1f5736aa4	2025-09-07 13:51:01.06-04	10.0.20.39	Mozilla/5.0 (Windows NT 10.0; Win64; x64; rv:142.0) Gecko/20100101 Firefox/142.0	directus_fields	21	http://10.0.20.3:8055
182	update	c5e8bb40-50e6-4421-a26e-e3f1f5736aa4	2025-09-07 13:51:01.07-04	10.0.20.39	Mozilla/5.0 (Windows NT 10.0; Win64; x64; rv:142.0) Gecko/20100101 Firefox/142.0	directus_fields	8	http://10.0.20.3:8055
183	update	c5e8bb40-50e6-4421-a26e-e3f1f5736aa4	2025-09-07 13:51:01.08-04	10.0.20.39	Mozilla/5.0 (Windows NT 10.0; Win64; x64; rv:142.0) Gecko/20100101 Firefox/142.0	directus_fields	13	http://10.0.20.3:8055
184	update	c5e8bb40-50e6-4421-a26e-e3f1f5736aa4	2025-09-07 13:51:01.091-04	10.0.20.39	Mozilla/5.0 (Windows NT 10.0; Win64; x64; rv:142.0) Gecko/20100101 Firefox/142.0	directus_fields	12	http://10.0.20.3:8055
185	update	c5e8bb40-50e6-4421-a26e-e3f1f5736aa4	2025-09-07 13:51:01.102-04	10.0.20.39	Mozilla/5.0 (Windows NT 10.0; Win64; x64; rv:142.0) Gecko/20100101 Firefox/142.0	directus_fields	18	http://10.0.20.3:8055
186	update	c5e8bb40-50e6-4421-a26e-e3f1f5736aa4	2025-09-07 13:51:01.111-04	10.0.20.39	Mozilla/5.0 (Windows NT 10.0; Win64; x64; rv:142.0) Gecko/20100101 Firefox/142.0	directus_fields	10	http://10.0.20.3:8055
187	update	c5e8bb40-50e6-4421-a26e-e3f1f5736aa4	2025-09-07 13:51:01.121-04	10.0.20.39	Mozilla/5.0 (Windows NT 10.0; Win64; x64; rv:142.0) Gecko/20100101 Firefox/142.0	directus_fields	9	http://10.0.20.3:8055
188	update	c5e8bb40-50e6-4421-a26e-e3f1f5736aa4	2025-09-07 13:51:01.132-04	10.0.20.39	Mozilla/5.0 (Windows NT 10.0; Win64; x64; rv:142.0) Gecko/20100101 Firefox/142.0	directus_fields	11	http://10.0.20.3:8055
189	update	c5e8bb40-50e6-4421-a26e-e3f1f5736aa4	2025-09-07 13:51:11.592-04	10.0.20.39	Mozilla/5.0 (Windows NT 10.0; Win64; x64; rv:142.0) Gecko/20100101 Firefox/142.0	directus_fields	7	http://10.0.20.3:8055
191	update	c5e8bb40-50e6-4421-a26e-e3f1f5736aa4	2025-09-07 13:51:11.605-04	10.0.20.39	Mozilla/5.0 (Windows NT 10.0; Win64; x64; rv:142.0) Gecko/20100101 Firefox/142.0	directus_fields	14	http://10.0.20.3:8055
193	update	c5e8bb40-50e6-4421-a26e-e3f1f5736aa4	2025-09-07 13:51:11.616-04	10.0.20.39	Mozilla/5.0 (Windows NT 10.0; Win64; x64; rv:142.0) Gecko/20100101 Firefox/142.0	directus_fields	21	http://10.0.20.3:8055
195	update	c5e8bb40-50e6-4421-a26e-e3f1f5736aa4	2025-09-07 13:51:11.629-04	10.0.20.39	Mozilla/5.0 (Windows NT 10.0; Win64; x64; rv:142.0) Gecko/20100101 Firefox/142.0	directus_fields	8	http://10.0.20.3:8055
197	update	c5e8bb40-50e6-4421-a26e-e3f1f5736aa4	2025-09-07 13:51:11.641-04	10.0.20.39	Mozilla/5.0 (Windows NT 10.0; Win64; x64; rv:142.0) Gecko/20100101 Firefox/142.0	directus_fields	13	http://10.0.20.3:8055
199	update	c5e8bb40-50e6-4421-a26e-e3f1f5736aa4	2025-09-07 13:51:11.656-04	10.0.20.39	Mozilla/5.0 (Windows NT 10.0; Win64; x64; rv:142.0) Gecko/20100101 Firefox/142.0	directus_fields	12	http://10.0.20.3:8055
201	update	c5e8bb40-50e6-4421-a26e-e3f1f5736aa4	2025-09-07 13:51:11.668-04	10.0.20.39	Mozilla/5.0 (Windows NT 10.0; Win64; x64; rv:142.0) Gecko/20100101 Firefox/142.0	directus_fields	18	http://10.0.20.3:8055
203	update	c5e8bb40-50e6-4421-a26e-e3f1f5736aa4	2025-09-07 13:51:11.683-04	10.0.20.39	Mozilla/5.0 (Windows NT 10.0; Win64; x64; rv:142.0) Gecko/20100101 Firefox/142.0	directus_fields	9	http://10.0.20.3:8055
205	update	c5e8bb40-50e6-4421-a26e-e3f1f5736aa4	2025-09-07 13:51:11.694-04	10.0.20.39	Mozilla/5.0 (Windows NT 10.0; Win64; x64; rv:142.0) Gecko/20100101 Firefox/142.0	directus_fields	11	http://10.0.20.3:8055
207	update	c5e8bb40-50e6-4421-a26e-e3f1f5736aa4	2025-09-07 13:51:11.71-04	10.0.20.39	Mozilla/5.0 (Windows NT 10.0; Win64; x64; rv:142.0) Gecko/20100101 Firefox/142.0	directus_fields	10	http://10.0.20.3:8055
209	update	c5e8bb40-50e6-4421-a26e-e3f1f5736aa4	2025-09-07 13:51:11.881-04	10.0.20.39	Mozilla/5.0 (Windows NT 10.0; Win64; x64; rv:142.0) Gecko/20100101 Firefox/142.0	directus_fields	7	http://10.0.20.3:8055
210	update	c5e8bb40-50e6-4421-a26e-e3f1f5736aa4	2025-09-07 13:51:11.892-04	10.0.20.39	Mozilla/5.0 (Windows NT 10.0; Win64; x64; rv:142.0) Gecko/20100101 Firefox/142.0	directus_fields	14	http://10.0.20.3:8055
160	update	c5e8bb40-50e6-4421-a26e-e3f1f5736aa4	2025-09-07 13:50:57.379-04	10.0.20.39	Mozilla/5.0 (Windows NT 10.0; Win64; x64; rv:142.0) Gecko/20100101 Firefox/142.0	directus_fields	7	http://10.0.20.3:8055
162	update	c5e8bb40-50e6-4421-a26e-e3f1f5736aa4	2025-09-07 13:50:57.392-04	10.0.20.39	Mozilla/5.0 (Windows NT 10.0; Win64; x64; rv:142.0) Gecko/20100101 Firefox/142.0	directus_fields	14	http://10.0.20.3:8055
164	update	c5e8bb40-50e6-4421-a26e-e3f1f5736aa4	2025-09-07 13:50:57.405-04	10.0.20.39	Mozilla/5.0 (Windows NT 10.0; Win64; x64; rv:142.0) Gecko/20100101 Firefox/142.0	directus_fields	21	http://10.0.20.3:8055
166	update	c5e8bb40-50e6-4421-a26e-e3f1f5736aa4	2025-09-07 13:50:57.416-04	10.0.20.39	Mozilla/5.0 (Windows NT 10.0; Win64; x64; rv:142.0) Gecko/20100101 Firefox/142.0	directus_fields	8	http://10.0.20.3:8055
168	update	c5e8bb40-50e6-4421-a26e-e3f1f5736aa4	2025-09-07 13:50:57.429-04	10.0.20.39	Mozilla/5.0 (Windows NT 10.0; Win64; x64; rv:142.0) Gecko/20100101 Firefox/142.0	directus_fields	11	http://10.0.20.3:8055
170	update	c5e8bb40-50e6-4421-a26e-e3f1f5736aa4	2025-09-07 13:50:57.445-04	10.0.20.39	Mozilla/5.0 (Windows NT 10.0; Win64; x64; rv:142.0) Gecko/20100101 Firefox/142.0	directus_fields	13	http://10.0.20.3:8055
172	update	c5e8bb40-50e6-4421-a26e-e3f1f5736aa4	2025-09-07 13:50:57.457-04	10.0.20.39	Mozilla/5.0 (Windows NT 10.0; Win64; x64; rv:142.0) Gecko/20100101 Firefox/142.0	directus_fields	18	http://10.0.20.3:8055
174	update	c5e8bb40-50e6-4421-a26e-e3f1f5736aa4	2025-09-07 13:50:57.47-04	10.0.20.39	Mozilla/5.0 (Windows NT 10.0; Win64; x64; rv:142.0) Gecko/20100101 Firefox/142.0	directus_fields	12	http://10.0.20.3:8055
176	update	c5e8bb40-50e6-4421-a26e-e3f1f5736aa4	2025-09-07 13:50:57.486-04	10.0.20.39	Mozilla/5.0 (Windows NT 10.0; Win64; x64; rv:142.0) Gecko/20100101 Firefox/142.0	directus_fields	10	http://10.0.20.3:8055
178	update	c5e8bb40-50e6-4421-a26e-e3f1f5736aa4	2025-09-07 13:50:57.5-04	10.0.20.39	Mozilla/5.0 (Windows NT 10.0; Win64; x64; rv:142.0) Gecko/20100101 Firefox/142.0	directus_fields	9	http://10.0.20.3:8055
190	update	c5e8bb40-50e6-4421-a26e-e3f1f5736aa4	2025-09-07 13:51:11.6-04	10.0.20.39	Mozilla/5.0 (Windows NT 10.0; Win64; x64; rv:142.0) Gecko/20100101 Firefox/142.0	directus_fields	7	http://10.0.20.3:8055
192	update	c5e8bb40-50e6-4421-a26e-e3f1f5736aa4	2025-09-07 13:51:11.613-04	10.0.20.39	Mozilla/5.0 (Windows NT 10.0; Win64; x64; rv:142.0) Gecko/20100101 Firefox/142.0	directus_fields	14	http://10.0.20.3:8055
194	update	c5e8bb40-50e6-4421-a26e-e3f1f5736aa4	2025-09-07 13:51:11.626-04	10.0.20.39	Mozilla/5.0 (Windows NT 10.0; Win64; x64; rv:142.0) Gecko/20100101 Firefox/142.0	directus_fields	21	http://10.0.20.3:8055
196	update	c5e8bb40-50e6-4421-a26e-e3f1f5736aa4	2025-09-07 13:51:11.636-04	10.0.20.39	Mozilla/5.0 (Windows NT 10.0; Win64; x64; rv:142.0) Gecko/20100101 Firefox/142.0	directus_fields	8	http://10.0.20.3:8055
198	update	c5e8bb40-50e6-4421-a26e-e3f1f5736aa4	2025-09-07 13:51:11.648-04	10.0.20.39	Mozilla/5.0 (Windows NT 10.0; Win64; x64; rv:142.0) Gecko/20100101 Firefox/142.0	directus_fields	12	http://10.0.20.3:8055
200	update	c5e8bb40-50e6-4421-a26e-e3f1f5736aa4	2025-09-07 13:51:11.661-04	10.0.20.39	Mozilla/5.0 (Windows NT 10.0; Win64; x64; rv:142.0) Gecko/20100101 Firefox/142.0	directus_fields	18	http://10.0.20.3:8055
202	update	c5e8bb40-50e6-4421-a26e-e3f1f5736aa4	2025-09-07 13:51:11.673-04	10.0.20.39	Mozilla/5.0 (Windows NT 10.0; Win64; x64; rv:142.0) Gecko/20100101 Firefox/142.0	directus_fields	9	http://10.0.20.3:8055
204	update	c5e8bb40-50e6-4421-a26e-e3f1f5736aa4	2025-09-07 13:51:11.685-04	10.0.20.39	Mozilla/5.0 (Windows NT 10.0; Win64; x64; rv:142.0) Gecko/20100101 Firefox/142.0	directus_fields	11	http://10.0.20.3:8055
206	update	c5e8bb40-50e6-4421-a26e-e3f1f5736aa4	2025-09-07 13:51:11.697-04	10.0.20.39	Mozilla/5.0 (Windows NT 10.0; Win64; x64; rv:142.0) Gecko/20100101 Firefox/142.0	directus_fields	10	http://10.0.20.3:8055
208	update	c5e8bb40-50e6-4421-a26e-e3f1f5736aa4	2025-09-07 13:51:11.713-04	10.0.20.39	Mozilla/5.0 (Windows NT 10.0; Win64; x64; rv:142.0) Gecko/20100101 Firefox/142.0	directus_fields	13	http://10.0.20.3:8055
211	update	c5e8bb40-50e6-4421-a26e-e3f1f5736aa4	2025-09-07 13:51:11.902-04	10.0.20.39	Mozilla/5.0 (Windows NT 10.0; Win64; x64; rv:142.0) Gecko/20100101 Firefox/142.0	directus_fields	21	http://10.0.20.3:8055
212	update	c5e8bb40-50e6-4421-a26e-e3f1f5736aa4	2025-09-07 13:51:11.913-04	10.0.20.39	Mozilla/5.0 (Windows NT 10.0; Win64; x64; rv:142.0) Gecko/20100101 Firefox/142.0	directus_fields	8	http://10.0.20.3:8055
213	update	c5e8bb40-50e6-4421-a26e-e3f1f5736aa4	2025-09-07 13:51:11.925-04	10.0.20.39	Mozilla/5.0 (Windows NT 10.0; Win64; x64; rv:142.0) Gecko/20100101 Firefox/142.0	directus_fields	18	http://10.0.20.3:8055
214	update	c5e8bb40-50e6-4421-a26e-e3f1f5736aa4	2025-09-07 13:51:11.936-04	10.0.20.39	Mozilla/5.0 (Windows NT 10.0; Win64; x64; rv:142.0) Gecko/20100101 Firefox/142.0	directus_fields	9	http://10.0.20.3:8055
215	update	c5e8bb40-50e6-4421-a26e-e3f1f5736aa4	2025-09-07 13:51:11.944-04	10.0.20.39	Mozilla/5.0 (Windows NT 10.0; Win64; x64; rv:142.0) Gecko/20100101 Firefox/142.0	directus_fields	11	http://10.0.20.3:8055
216	update	c5e8bb40-50e6-4421-a26e-e3f1f5736aa4	2025-09-07 13:51:11.952-04	10.0.20.39	Mozilla/5.0 (Windows NT 10.0; Win64; x64; rv:142.0) Gecko/20100101 Firefox/142.0	directus_fields	10	http://10.0.20.3:8055
217	update	c5e8bb40-50e6-4421-a26e-e3f1f5736aa4	2025-09-07 13:51:11.964-04	10.0.20.39	Mozilla/5.0 (Windows NT 10.0; Win64; x64; rv:142.0) Gecko/20100101 Firefox/142.0	directus_fields	13	http://10.0.20.3:8055
218	update	c5e8bb40-50e6-4421-a26e-e3f1f5736aa4	2025-09-07 13:51:11.975-04	10.0.20.39	Mozilla/5.0 (Windows NT 10.0; Win64; x64; rv:142.0) Gecko/20100101 Firefox/142.0	directus_fields	12	http://10.0.20.3:8055
219	update	c5e8bb40-50e6-4421-a26e-e3f1f5736aa4	2025-09-07 13:51:25.278-04	10.0.20.39	Mozilla/5.0 (Windows NT 10.0; Win64; x64; rv:142.0) Gecko/20100101 Firefox/142.0	directus_fields	7	http://10.0.20.3:8055
220	update	c5e8bb40-50e6-4421-a26e-e3f1f5736aa4	2025-09-07 13:51:25.286-04	10.0.20.39	Mozilla/5.0 (Windows NT 10.0; Win64; x64; rv:142.0) Gecko/20100101 Firefox/142.0	directus_fields	7	http://10.0.20.3:8055
221	update	c5e8bb40-50e6-4421-a26e-e3f1f5736aa4	2025-09-07 13:51:25.291-04	10.0.20.39	Mozilla/5.0 (Windows NT 10.0; Win64; x64; rv:142.0) Gecko/20100101 Firefox/142.0	directus_fields	8	http://10.0.20.3:8055
222	update	c5e8bb40-50e6-4421-a26e-e3f1f5736aa4	2025-09-07 13:51:25.298-04	10.0.20.39	Mozilla/5.0 (Windows NT 10.0; Win64; x64; rv:142.0) Gecko/20100101 Firefox/142.0	directus_fields	14	http://10.0.20.3:8055
223	update	c5e8bb40-50e6-4421-a26e-e3f1f5736aa4	2025-09-07 13:51:25.306-04	10.0.20.39	Mozilla/5.0 (Windows NT 10.0; Win64; x64; rv:142.0) Gecko/20100101 Firefox/142.0	directus_fields	14	http://10.0.20.3:8055
224	update	c5e8bb40-50e6-4421-a26e-e3f1f5736aa4	2025-09-07 13:51:25.312-04	10.0.20.39	Mozilla/5.0 (Windows NT 10.0; Win64; x64; rv:142.0) Gecko/20100101 Firefox/142.0	directus_fields	21	http://10.0.20.3:8055
225	update	c5e8bb40-50e6-4421-a26e-e3f1f5736aa4	2025-09-07 13:51:25.319-04	10.0.20.39	Mozilla/5.0 (Windows NT 10.0; Win64; x64; rv:142.0) Gecko/20100101 Firefox/142.0	directus_fields	21	http://10.0.20.3:8055
226	update	c5e8bb40-50e6-4421-a26e-e3f1f5736aa4	2025-09-07 13:51:25.324-04	10.0.20.39	Mozilla/5.0 (Windows NT 10.0; Win64; x64; rv:142.0) Gecko/20100101 Firefox/142.0	directus_fields	8	http://10.0.20.3:8055
227	update	c5e8bb40-50e6-4421-a26e-e3f1f5736aa4	2025-09-07 13:51:25.331-04	10.0.20.39	Mozilla/5.0 (Windows NT 10.0; Win64; x64; rv:142.0) Gecko/20100101 Firefox/142.0	directus_fields	18	http://10.0.20.3:8055
228	update	c5e8bb40-50e6-4421-a26e-e3f1f5736aa4	2025-09-07 13:51:25.337-04	10.0.20.39	Mozilla/5.0 (Windows NT 10.0; Win64; x64; rv:142.0) Gecko/20100101 Firefox/142.0	directus_fields	18	http://10.0.20.3:8055
229	update	c5e8bb40-50e6-4421-a26e-e3f1f5736aa4	2025-09-07 13:51:25.342-04	10.0.20.39	Mozilla/5.0 (Windows NT 10.0; Win64; x64; rv:142.0) Gecko/20100101 Firefox/142.0	directus_fields	11	http://10.0.20.3:8055
230	update	c5e8bb40-50e6-4421-a26e-e3f1f5736aa4	2025-09-07 13:51:25.349-04	10.0.20.39	Mozilla/5.0 (Windows NT 10.0; Win64; x64; rv:142.0) Gecko/20100101 Firefox/142.0	directus_fields	11	http://10.0.20.3:8055
231	update	c5e8bb40-50e6-4421-a26e-e3f1f5736aa4	2025-09-07 13:51:25.353-04	10.0.20.39	Mozilla/5.0 (Windows NT 10.0; Win64; x64; rv:142.0) Gecko/20100101 Firefox/142.0	directus_fields	10	http://10.0.20.3:8055
232	update	c5e8bb40-50e6-4421-a26e-e3f1f5736aa4	2025-09-07 13:51:25.36-04	10.0.20.39	Mozilla/5.0 (Windows NT 10.0; Win64; x64; rv:142.0) Gecko/20100101 Firefox/142.0	directus_fields	10	http://10.0.20.3:8055
233	update	c5e8bb40-50e6-4421-a26e-e3f1f5736aa4	2025-09-07 13:51:25.365-04	10.0.20.39	Mozilla/5.0 (Windows NT 10.0; Win64; x64; rv:142.0) Gecko/20100101 Firefox/142.0	directus_fields	13	http://10.0.20.3:8055
234	update	c5e8bb40-50e6-4421-a26e-e3f1f5736aa4	2025-09-07 13:51:25.373-04	10.0.20.39	Mozilla/5.0 (Windows NT 10.0; Win64; x64; rv:142.0) Gecko/20100101 Firefox/142.0	directus_fields	13	http://10.0.20.3:8055
235	update	c5e8bb40-50e6-4421-a26e-e3f1f5736aa4	2025-09-07 13:51:25.376-04	10.0.20.39	Mozilla/5.0 (Windows NT 10.0; Win64; x64; rv:142.0) Gecko/20100101 Firefox/142.0	directus_fields	12	http://10.0.20.3:8055
236	update	c5e8bb40-50e6-4421-a26e-e3f1f5736aa4	2025-09-07 13:51:25.386-04	10.0.20.39	Mozilla/5.0 (Windows NT 10.0; Win64; x64; rv:142.0) Gecko/20100101 Firefox/142.0	directus_fields	12	http://10.0.20.3:8055
237	update	c5e8bb40-50e6-4421-a26e-e3f1f5736aa4	2025-09-07 13:51:25.388-04	10.0.20.39	Mozilla/5.0 (Windows NT 10.0; Win64; x64; rv:142.0) Gecko/20100101 Firefox/142.0	directus_fields	9	http://10.0.20.3:8055
238	update	c5e8bb40-50e6-4421-a26e-e3f1f5736aa4	2025-09-07 13:51:25.397-04	10.0.20.39	Mozilla/5.0 (Windows NT 10.0; Win64; x64; rv:142.0) Gecko/20100101 Firefox/142.0	directus_fields	9	http://10.0.20.3:8055
239	update	c5e8bb40-50e6-4421-a26e-e3f1f5736aa4	2025-09-07 13:52:39.108-04	10.0.20.39	Mozilla/5.0 (Windows NT 10.0; Win64; x64; rv:142.0) Gecko/20100101 Firefox/142.0	directus_fields	21	http://10.0.20.3:8055
240	update	c5e8bb40-50e6-4421-a26e-e3f1f5736aa4	2025-09-07 13:53:03.134-04	10.0.20.39	Mozilla/5.0 (Windows NT 10.0; Win64; x64; rv:142.0) Gecko/20100101 Firefox/142.0	directus_fields	14	http://10.0.20.3:8055
241	update	c5e8bb40-50e6-4421-a26e-e3f1f5736aa4	2025-09-07 13:53:03.135-04	10.0.20.39	Mozilla/5.0 (Windows NT 10.0; Win64; x64; rv:142.0) Gecko/20100101 Firefox/142.0	directus_fields	8	http://10.0.20.3:8055
242	update	c5e8bb40-50e6-4421-a26e-e3f1f5736aa4	2025-09-07 13:53:17.051-04	10.0.20.39	Mozilla/5.0 (Windows NT 10.0; Win64; x64; rv:142.0) Gecko/20100101 Firefox/142.0	directus_fields	7	http://10.0.20.3:8055
243	update	c5e8bb40-50e6-4421-a26e-e3f1f5736aa4	2025-09-07 13:53:20.676-04	10.0.20.39	Mozilla/5.0 (Windows NT 10.0; Win64; x64; rv:142.0) Gecko/20100101 Firefox/142.0	directus_fields	7	http://10.0.20.3:8055
244	update	c5e8bb40-50e6-4421-a26e-e3f1f5736aa4	2025-09-07 13:53:20.688-04	10.0.20.39	Mozilla/5.0 (Windows NT 10.0; Win64; x64; rv:142.0) Gecko/20100101 Firefox/142.0	directus_fields	14	http://10.0.20.3:8055
245	update	c5e8bb40-50e6-4421-a26e-e3f1f5736aa4	2025-09-07 13:53:20.7-04	10.0.20.39	Mozilla/5.0 (Windows NT 10.0; Win64; x64; rv:142.0) Gecko/20100101 Firefox/142.0	directus_fields	8	http://10.0.20.3:8055
246	update	c5e8bb40-50e6-4421-a26e-e3f1f5736aa4	2025-09-07 13:53:20.712-04	10.0.20.39	Mozilla/5.0 (Windows NT 10.0; Win64; x64; rv:142.0) Gecko/20100101 Firefox/142.0	directus_fields	18	http://10.0.20.3:8055
247	update	c5e8bb40-50e6-4421-a26e-e3f1f5736aa4	2025-09-07 13:53:20.723-04	10.0.20.39	Mozilla/5.0 (Windows NT 10.0; Win64; x64; rv:142.0) Gecko/20100101 Firefox/142.0	directus_fields	11	http://10.0.20.3:8055
248	update	c5e8bb40-50e6-4421-a26e-e3f1f5736aa4	2025-09-07 13:53:20.733-04	10.0.20.39	Mozilla/5.0 (Windows NT 10.0; Win64; x64; rv:142.0) Gecko/20100101 Firefox/142.0	directus_fields	10	http://10.0.20.3:8055
249	update	c5e8bb40-50e6-4421-a26e-e3f1f5736aa4	2025-09-07 13:53:20.743-04	10.0.20.39	Mozilla/5.0 (Windows NT 10.0; Win64; x64; rv:142.0) Gecko/20100101 Firefox/142.0	directus_fields	13	http://10.0.20.3:8055
250	update	c5e8bb40-50e6-4421-a26e-e3f1f5736aa4	2025-09-07 13:53:20.755-04	10.0.20.39	Mozilla/5.0 (Windows NT 10.0; Win64; x64; rv:142.0) Gecko/20100101 Firefox/142.0	directus_fields	12	http://10.0.20.3:8055
251	update	c5e8bb40-50e6-4421-a26e-e3f1f5736aa4	2025-09-07 13:53:20.765-04	10.0.20.39	Mozilla/5.0 (Windows NT 10.0; Win64; x64; rv:142.0) Gecko/20100101 Firefox/142.0	directus_fields	21	http://10.0.20.3:8055
252	update	c5e8bb40-50e6-4421-a26e-e3f1f5736aa4	2025-09-07 13:53:20.774-04	10.0.20.39	Mozilla/5.0 (Windows NT 10.0; Win64; x64; rv:142.0) Gecko/20100101 Firefox/142.0	directus_fields	9	http://10.0.20.3:8055
253	update	c5e8bb40-50e6-4421-a26e-e3f1f5736aa4	2025-09-07 13:53:30.635-04	10.0.20.39	Mozilla/5.0 (Windows NT 10.0; Win64; x64; rv:142.0) Gecko/20100101 Firefox/142.0	directus_fields	7	http://10.0.20.3:8055
254	update	c5e8bb40-50e6-4421-a26e-e3f1f5736aa4	2025-09-07 13:53:30.67-04	10.0.20.39	Mozilla/5.0 (Windows NT 10.0; Win64; x64; rv:142.0) Gecko/20100101 Firefox/142.0	directus_fields	14	http://10.0.20.3:8055
255	update	c5e8bb40-50e6-4421-a26e-e3f1f5736aa4	2025-09-07 13:53:30.688-04	10.0.20.39	Mozilla/5.0 (Windows NT 10.0; Win64; x64; rv:142.0) Gecko/20100101 Firefox/142.0	directus_fields	8	http://10.0.20.3:8055
256	update	c5e8bb40-50e6-4421-a26e-e3f1f5736aa4	2025-09-07 13:53:30.699-04	10.0.20.39	Mozilla/5.0 (Windows NT 10.0; Win64; x64; rv:142.0) Gecko/20100101 Firefox/142.0	directus_fields	11	http://10.0.20.3:8055
257	update	c5e8bb40-50e6-4421-a26e-e3f1f5736aa4	2025-09-07 13:53:30.709-04	10.0.20.39	Mozilla/5.0 (Windows NT 10.0; Win64; x64; rv:142.0) Gecko/20100101 Firefox/142.0	directus_fields	10	http://10.0.20.3:8055
258	update	c5e8bb40-50e6-4421-a26e-e3f1f5736aa4	2025-09-07 13:53:30.721-04	10.0.20.39	Mozilla/5.0 (Windows NT 10.0; Win64; x64; rv:142.0) Gecko/20100101 Firefox/142.0	directus_fields	13	http://10.0.20.3:8055
259	update	c5e8bb40-50e6-4421-a26e-e3f1f5736aa4	2025-09-07 13:53:30.731-04	10.0.20.39	Mozilla/5.0 (Windows NT 10.0; Win64; x64; rv:142.0) Gecko/20100101 Firefox/142.0	directus_fields	12	http://10.0.20.3:8055
260	update	c5e8bb40-50e6-4421-a26e-e3f1f5736aa4	2025-09-07 13:53:30.742-04	10.0.20.39	Mozilla/5.0 (Windows NT 10.0; Win64; x64; rv:142.0) Gecko/20100101 Firefox/142.0	directus_fields	18	http://10.0.20.3:8055
261	update	c5e8bb40-50e6-4421-a26e-e3f1f5736aa4	2025-09-07 13:53:30.751-04	10.0.20.39	Mozilla/5.0 (Windows NT 10.0; Win64; x64; rv:142.0) Gecko/20100101 Firefox/142.0	directus_fields	21	http://10.0.20.3:8055
262	update	c5e8bb40-50e6-4421-a26e-e3f1f5736aa4	2025-09-07 13:53:30.76-04	10.0.20.39	Mozilla/5.0 (Windows NT 10.0; Win64; x64; rv:142.0) Gecko/20100101 Firefox/142.0	directus_fields	9	http://10.0.20.3:8055
263	update	c5e8bb40-50e6-4421-a26e-e3f1f5736aa4	2025-09-07 13:55:06.436-04	10.0.20.39	Mozilla/5.0 (Windows NT 10.0; Win64; x64; rv:142.0) Gecko/20100101 Firefox/142.0	languages	de-DE	http://10.0.20.3:8055
264	update	c5e8bb40-50e6-4421-a26e-e3f1f5736aa4	2025-09-07 13:55:20.053-04	10.0.20.39	Mozilla/5.0 (Windows NT 10.0; Win64; x64; rv:142.0) Gecko/20100101 Firefox/142.0	languages	en-US	http://10.0.20.3:8055
265	update	c5e8bb40-50e6-4421-a26e-e3f1f5736aa4	2025-09-07 13:55:34.257-04	10.0.20.39	Mozilla/5.0 (Windows NT 10.0; Win64; x64; rv:142.0) Gecko/20100101 Firefox/142.0	languages	es-ES	http://10.0.20.3:8055
266	update	c5e8bb40-50e6-4421-a26e-e3f1f5736aa4	2025-09-07 13:55:39.671-04	10.0.20.39	Mozilla/5.0 (Windows NT 10.0; Win64; x64; rv:142.0) Gecko/20100101 Firefox/142.0	languages	fr-FR	http://10.0.20.3:8055
270	create	c5e8bb40-50e6-4421-a26e-e3f1f5736aa4	2025-09-07 13:56:44.013-04	10.0.20.39	Mozilla/5.0 (Windows NT 10.0; Win64; x64; rv:142.0) Gecko/20100101 Firefox/142.0	languages	fr	http://10.0.20.3:8055
271	delete	c5e8bb40-50e6-4421-a26e-e3f1f5736aa4	2025-09-07 13:56:57.822-04	10.0.20.39	Mozilla/5.0 (Windows NT 10.0; Win64; x64; rv:142.0) Gecko/20100101 Firefox/142.0	languages	es-ES	http://10.0.20.3:8055
272	delete	c5e8bb40-50e6-4421-a26e-e3f1f5736aa4	2025-09-07 13:56:57.823-04	10.0.20.39	Mozilla/5.0 (Windows NT 10.0; Win64; x64; rv:142.0) Gecko/20100101 Firefox/142.0	languages	fr-FR	http://10.0.20.3:8055
273	delete	c5e8bb40-50e6-4421-a26e-e3f1f5736aa4	2025-09-07 13:56:57.824-04	10.0.20.39	Mozilla/5.0 (Windows NT 10.0; Win64; x64; rv:142.0) Gecko/20100101 Firefox/142.0	languages	en-US	http://10.0.20.3:8055
274	delete	c5e8bb40-50e6-4421-a26e-e3f1f5736aa4	2025-09-07 13:56:57.825-04	10.0.20.39	Mozilla/5.0 (Windows NT 10.0; Win64; x64; rv:142.0) Gecko/20100101 Firefox/142.0	languages	de-DE	http://10.0.20.3:8055
267	create	c5e8bb40-50e6-4421-a26e-e3f1f5736aa4	2025-09-07 13:56:04.89-04	10.0.20.39	Mozilla/5.0 (Windows NT 10.0; Win64; x64; rv:142.0) Gecko/20100101 Firefox/142.0	languages	en	http://10.0.20.3:8055
268	create	c5e8bb40-50e6-4421-a26e-e3f1f5736aa4	2025-09-07 13:56:17.021-04	10.0.20.39	Mozilla/5.0 (Windows NT 10.0; Win64; x64; rv:142.0) Gecko/20100101 Firefox/142.0	languages	de	http://10.0.20.3:8055
269	create	c5e8bb40-50e6-4421-a26e-e3f1f5736aa4	2025-09-07 13:56:30.403-04	10.0.20.39	Mozilla/5.0 (Windows NT 10.0; Win64; x64; rv:142.0) Gecko/20100101 Firefox/142.0	languages	es	http://10.0.20.3:8055
275	update	c5e8bb40-50e6-4421-a26e-e3f1f5736aa4	2025-09-07 14:01:51.386-04	10.0.20.39	Mozilla/5.0 (Windows NT 10.0; Win64; x64; rv:142.0) Gecko/20100101 Firefox/142.0	directus_fields	21	http://10.0.20.3:8055
276	update	c5e8bb40-50e6-4421-a26e-e3f1f5736aa4	2025-09-07 14:04:27.334-04	10.0.20.39	Mozilla/5.0 (Windows NT 10.0; Win64; x64; rv:142.0) Gecko/20100101 Firefox/142.0	directus_fields	21	http://10.0.20.3:8055
277	update	c5e8bb40-50e6-4421-a26e-e3f1f5736aa4	2025-09-07 14:05:05.234-04	10.0.20.39	Mozilla/5.0 (Windows NT 10.0; Win64; x64; rv:142.0) Gecko/20100101 Firefox/142.0	directus_fields	21	http://10.0.20.3:8055
278	create	c5e8bb40-50e6-4421-a26e-e3f1f5736aa4	2025-09-07 14:06:48.109-04	10.0.20.39	Mozilla/5.0 (Windows NT 10.0; Win64; x64; rv:142.0) Gecko/20100101 Firefox/142.0	pages_translations	1	http://10.0.20.3:8055
279	create	c5e8bb40-50e6-4421-a26e-e3f1f5736aa4	2025-09-07 14:06:48.115-04	10.0.20.39	Mozilla/5.0 (Windows NT 10.0; Win64; x64; rv:142.0) Gecko/20100101 Firefox/142.0	pages_translations	2	http://10.0.20.3:8055
280	create	c5e8bb40-50e6-4421-a26e-e3f1f5736aa4	2025-09-07 14:06:48.12-04	10.0.20.39	Mozilla/5.0 (Windows NT 10.0; Win64; x64; rv:142.0) Gecko/20100101 Firefox/142.0	pages	2e499703-c9d0-4471-ba16-9604a64b37f1	http://10.0.20.3:8055
281	create	c5e8bb40-50e6-4421-a26e-e3f1f5736aa4	2025-09-07 14:07:07.398-04	10.0.20.39	Mozilla/5.0 (Windows NT 10.0; Win64; x64; rv:142.0) Gecko/20100101 Firefox/142.0	pages_translations	3	http://10.0.20.3:8055
282	create	c5e8bb40-50e6-4421-a26e-e3f1f5736aa4	2025-09-07 14:07:07.405-04	10.0.20.39	Mozilla/5.0 (Windows NT 10.0; Win64; x64; rv:142.0) Gecko/20100101 Firefox/142.0	pages_translations	4	http://10.0.20.3:8055
283	update	c5e8bb40-50e6-4421-a26e-e3f1f5736aa4	2025-09-07 14:07:07.41-04	10.0.20.39	Mozilla/5.0 (Windows NT 10.0; Win64; x64; rv:142.0) Gecko/20100101 Firefox/142.0	pages	2e499703-c9d0-4471-ba16-9604a64b37f1	http://10.0.20.3:8055
284	create	c5e8bb40-50e6-4421-a26e-e3f1f5736aa4	2025-09-07 14:08:10.918-04	10.0.20.39	Mozilla/5.0 (Windows NT 10.0; Win64; x64; rv:142.0) Gecko/20100101 Firefox/142.0	directus_fields	32	http://10.0.20.3:8055
285	create	c5e8bb40-50e6-4421-a26e-e3f1f5736aa4	2025-09-07 14:08:10.923-04	10.0.20.39	Mozilla/5.0 (Windows NT 10.0; Win64; x64; rv:142.0) Gecko/20100101 Firefox/142.0	directus_fields	33	http://10.0.20.3:8055
286	create	c5e8bb40-50e6-4421-a26e-e3f1f5736aa4	2025-09-07 14:08:10.929-04	10.0.20.39	Mozilla/5.0 (Windows NT 10.0; Win64; x64; rv:142.0) Gecko/20100101 Firefox/142.0	directus_fields	34	http://10.0.20.3:8055
287	create	c5e8bb40-50e6-4421-a26e-e3f1f5736aa4	2025-09-07 14:08:10.935-04	10.0.20.39	Mozilla/5.0 (Windows NT 10.0; Win64; x64; rv:142.0) Gecko/20100101 Firefox/142.0	directus_fields	35	http://10.0.20.3:8055
288	create	c5e8bb40-50e6-4421-a26e-e3f1f5736aa4	2025-09-07 14:08:10.94-04	10.0.20.39	Mozilla/5.0 (Windows NT 10.0; Win64; x64; rv:142.0) Gecko/20100101 Firefox/142.0	directus_fields	36	http://10.0.20.3:8055
289	create	c5e8bb40-50e6-4421-a26e-e3f1f5736aa4	2025-09-07 14:08:10.945-04	10.0.20.39	Mozilla/5.0 (Windows NT 10.0; Win64; x64; rv:142.0) Gecko/20100101 Firefox/142.0	directus_fields	37	http://10.0.20.3:8055
290	create	c5e8bb40-50e6-4421-a26e-e3f1f5736aa4	2025-09-07 14:08:10.95-04	10.0.20.39	Mozilla/5.0 (Windows NT 10.0; Win64; x64; rv:142.0) Gecko/20100101 Firefox/142.0	directus_fields	38	http://10.0.20.3:8055
291	create	c5e8bb40-50e6-4421-a26e-e3f1f5736aa4	2025-09-07 14:08:10.955-04	10.0.20.39	Mozilla/5.0 (Windows NT 10.0; Win64; x64; rv:142.0) Gecko/20100101 Firefox/142.0	directus_collections	navigation	http://10.0.20.3:8055
292	create	c5e8bb40-50e6-4421-a26e-e3f1f5736aa4	2025-09-07 14:09:33.457-04	10.0.20.39	Mozilla/5.0 (Windows NT 10.0; Win64; x64; rv:142.0) Gecko/20100101 Firefox/142.0	directus_fields	39	http://10.0.20.3:8055
293	create	c5e8bb40-50e6-4421-a26e-e3f1f5736aa4	2025-09-07 14:10:23.848-04	10.0.20.39	Mozilla/5.0 (Windows NT 10.0; Win64; x64; rv:142.0) Gecko/20100101 Firefox/142.0	directus_fields	40	http://10.0.20.3:8055
294	create	c5e8bb40-50e6-4421-a26e-e3f1f5736aa4	2025-09-07 14:11:09.048-04	10.0.20.39	Mozilla/5.0 (Windows NT 10.0; Win64; x64; rv:142.0) Gecko/20100101 Firefox/142.0	directus_fields	41	http://10.0.20.3:8055
295	create	c5e8bb40-50e6-4421-a26e-e3f1f5736aa4	2025-09-07 14:11:09.161-04	10.0.20.39	Mozilla/5.0 (Windows NT 10.0; Win64; x64; rv:142.0) Gecko/20100101 Firefox/142.0	directus_fields	42	http://10.0.20.3:8055
296	create	c5e8bb40-50e6-4421-a26e-e3f1f5736aa4	2025-09-07 14:11:09.166-04	10.0.20.39	Mozilla/5.0 (Windows NT 10.0; Win64; x64; rv:142.0) Gecko/20100101 Firefox/142.0	directus_collections	navigation_translations	http://10.0.20.3:8055
297	create	c5e8bb40-50e6-4421-a26e-e3f1f5736aa4	2025-09-07 14:11:09.23-04	10.0.20.39	Mozilla/5.0 (Windows NT 10.0; Win64; x64; rv:142.0) Gecko/20100101 Firefox/142.0	directus_fields	43	http://10.0.20.3:8055
298	create	c5e8bb40-50e6-4421-a26e-e3f1f5736aa4	2025-09-07 14:11:09.349-04	10.0.20.39	Mozilla/5.0 (Windows NT 10.0; Win64; x64; rv:142.0) Gecko/20100101 Firefox/142.0	directus_fields	44	http://10.0.20.3:8055
299	create	c5e8bb40-50e6-4421-a26e-e3f1f5736aa4	2025-09-07 14:11:54.442-04	10.0.20.39	Mozilla/5.0 (Windows NT 10.0; Win64; x64; rv:142.0) Gecko/20100101 Firefox/142.0	directus_fields	45	http://10.0.20.3:8055
300	update	c5e8bb40-50e6-4421-a26e-e3f1f5736aa4	2025-09-07 14:13:26.208-04	10.0.20.39	Mozilla/5.0 (Windows NT 10.0; Win64; x64; rv:142.0) Gecko/20100101 Firefox/142.0	directus_fields	41	http://10.0.20.3:8055
301	create	c5e8bb40-50e6-4421-a26e-e3f1f5736aa4	2025-09-07 14:24:01.354-04	10.0.20.39	Mozilla/5.0 (Windows NT 10.0; Win64; x64; rv:142.0) Gecko/20100101 Firefox/142.0	directus_fields	46	http://10.0.20.3:8055
302	update	c5e8bb40-50e6-4421-a26e-e3f1f5736aa4	2025-09-07 14:24:08.413-04	10.0.20.39	Mozilla/5.0 (Windows NT 10.0; Win64; x64; rv:142.0) Gecko/20100101 Firefox/142.0	directus_fields	32	http://10.0.20.3:8055
303	update	c5e8bb40-50e6-4421-a26e-e3f1f5736aa4	2025-09-07 14:24:11.826-04	10.0.20.39	Mozilla/5.0 (Windows NT 10.0; Win64; x64; rv:142.0) Gecko/20100101 Firefox/142.0	directus_fields	33	http://10.0.20.3:8055
304	update	c5e8bb40-50e6-4421-a26e-e3f1f5736aa4	2025-09-07 14:24:15.103-04	10.0.20.39	Mozilla/5.0 (Windows NT 10.0; Win64; x64; rv:142.0) Gecko/20100101 Firefox/142.0	directus_fields	34	http://10.0.20.3:8055
305	update	c5e8bb40-50e6-4421-a26e-e3f1f5736aa4	2025-09-07 14:24:18.586-04	10.0.20.39	Mozilla/5.0 (Windows NT 10.0; Win64; x64; rv:142.0) Gecko/20100101 Firefox/142.0	directus_fields	46	http://10.0.20.3:8055
306	update	c5e8bb40-50e6-4421-a26e-e3f1f5736aa4	2025-09-07 14:24:21.277-04	10.0.20.39	Mozilla/5.0 (Windows NT 10.0; Win64; x64; rv:142.0) Gecko/20100101 Firefox/142.0	directus_fields	32	http://10.0.20.3:8055
307	update	c5e8bb40-50e6-4421-a26e-e3f1f5736aa4	2025-09-07 14:24:21.289-04	10.0.20.39	Mozilla/5.0 (Windows NT 10.0; Win64; x64; rv:142.0) Gecko/20100101 Firefox/142.0	directus_fields	33	http://10.0.20.3:8055
308	update	c5e8bb40-50e6-4421-a26e-e3f1f5736aa4	2025-09-07 14:24:21.299-04	10.0.20.39	Mozilla/5.0 (Windows NT 10.0; Win64; x64; rv:142.0) Gecko/20100101 Firefox/142.0	directus_fields	46	http://10.0.20.3:8055
309	update	c5e8bb40-50e6-4421-a26e-e3f1f5736aa4	2025-09-07 14:24:21.311-04	10.0.20.39	Mozilla/5.0 (Windows NT 10.0; Win64; x64; rv:142.0) Gecko/20100101 Firefox/142.0	directus_fields	34	http://10.0.20.3:8055
310	update	c5e8bb40-50e6-4421-a26e-e3f1f5736aa4	2025-09-07 14:24:21.323-04	10.0.20.39	Mozilla/5.0 (Windows NT 10.0; Win64; x64; rv:142.0) Gecko/20100101 Firefox/142.0	directus_fields	35	http://10.0.20.3:8055
311	update	c5e8bb40-50e6-4421-a26e-e3f1f5736aa4	2025-09-07 14:24:21.335-04	10.0.20.39	Mozilla/5.0 (Windows NT 10.0; Win64; x64; rv:142.0) Gecko/20100101 Firefox/142.0	directus_fields	36	http://10.0.20.3:8055
312	update	c5e8bb40-50e6-4421-a26e-e3f1f5736aa4	2025-09-07 14:24:21.345-04	10.0.20.39	Mozilla/5.0 (Windows NT 10.0; Win64; x64; rv:142.0) Gecko/20100101 Firefox/142.0	directus_fields	37	http://10.0.20.3:8055
313	update	c5e8bb40-50e6-4421-a26e-e3f1f5736aa4	2025-09-07 14:24:21.354-04	10.0.20.39	Mozilla/5.0 (Windows NT 10.0; Win64; x64; rv:142.0) Gecko/20100101 Firefox/142.0	directus_fields	38	http://10.0.20.3:8055
314	update	c5e8bb40-50e6-4421-a26e-e3f1f5736aa4	2025-09-07 14:24:21.364-04	10.0.20.39	Mozilla/5.0 (Windows NT 10.0; Win64; x64; rv:142.0) Gecko/20100101 Firefox/142.0	directus_fields	39	http://10.0.20.3:8055
315	update	c5e8bb40-50e6-4421-a26e-e3f1f5736aa4	2025-09-07 14:24:21.374-04	10.0.20.39	Mozilla/5.0 (Windows NT 10.0; Win64; x64; rv:142.0) Gecko/20100101 Firefox/142.0	directus_fields	40	http://10.0.20.3:8055
316	update	c5e8bb40-50e6-4421-a26e-e3f1f5736aa4	2025-09-07 14:24:21.385-04	10.0.20.39	Mozilla/5.0 (Windows NT 10.0; Win64; x64; rv:142.0) Gecko/20100101 Firefox/142.0	directus_fields	41	http://10.0.20.3:8055
317	update	c5e8bb40-50e6-4421-a26e-e3f1f5736aa4	2025-09-07 14:24:34.934-04	10.0.20.39	Mozilla/5.0 (Windows NT 10.0; Win64; x64; rv:142.0) Gecko/20100101 Firefox/142.0	directus_fields	32	http://10.0.20.3:8055
318	update	c5e8bb40-50e6-4421-a26e-e3f1f5736aa4	2025-09-07 14:24:34.945-04	10.0.20.39	Mozilla/5.0 (Windows NT 10.0; Win64; x64; rv:142.0) Gecko/20100101 Firefox/142.0	directus_fields	33	http://10.0.20.3:8055
319	update	c5e8bb40-50e6-4421-a26e-e3f1f5736aa4	2025-09-07 14:24:34.957-04	10.0.20.39	Mozilla/5.0 (Windows NT 10.0; Win64; x64; rv:142.0) Gecko/20100101 Firefox/142.0	directus_fields	46	http://10.0.20.3:8055
320	update	c5e8bb40-50e6-4421-a26e-e3f1f5736aa4	2025-09-07 14:24:34.969-04	10.0.20.39	Mozilla/5.0 (Windows NT 10.0; Win64; x64; rv:142.0) Gecko/20100101 Firefox/142.0	directus_fields	35	http://10.0.20.3:8055
321	update	c5e8bb40-50e6-4421-a26e-e3f1f5736aa4	2025-09-07 14:24:34.98-04	10.0.20.39	Mozilla/5.0 (Windows NT 10.0; Win64; x64; rv:142.0) Gecko/20100101 Firefox/142.0	directus_fields	36	http://10.0.20.3:8055
322	update	c5e8bb40-50e6-4421-a26e-e3f1f5736aa4	2025-09-07 14:24:34.993-04	10.0.20.39	Mozilla/5.0 (Windows NT 10.0; Win64; x64; rv:142.0) Gecko/20100101 Firefox/142.0	directus_fields	37	http://10.0.20.3:8055
323	update	c5e8bb40-50e6-4421-a26e-e3f1f5736aa4	2025-09-07 14:24:35.003-04	10.0.20.39	Mozilla/5.0 (Windows NT 10.0; Win64; x64; rv:142.0) Gecko/20100101 Firefox/142.0	directus_fields	38	http://10.0.20.3:8055
324	update	c5e8bb40-50e6-4421-a26e-e3f1f5736aa4	2025-09-07 14:24:35.013-04	10.0.20.39	Mozilla/5.0 (Windows NT 10.0; Win64; x64; rv:142.0) Gecko/20100101 Firefox/142.0	directus_fields	39	http://10.0.20.3:8055
325	update	c5e8bb40-50e6-4421-a26e-e3f1f5736aa4	2025-09-07 14:24:35.022-04	10.0.20.39	Mozilla/5.0 (Windows NT 10.0; Win64; x64; rv:142.0) Gecko/20100101 Firefox/142.0	directus_fields	34	http://10.0.20.3:8055
326	update	c5e8bb40-50e6-4421-a26e-e3f1f5736aa4	2025-09-07 14:24:35.032-04	10.0.20.39	Mozilla/5.0 (Windows NT 10.0; Win64; x64; rv:142.0) Gecko/20100101 Firefox/142.0	directus_fields	40	http://10.0.20.3:8055
327	update	c5e8bb40-50e6-4421-a26e-e3f1f5736aa4	2025-09-07 14:24:35.041-04	10.0.20.39	Mozilla/5.0 (Windows NT 10.0; Win64; x64; rv:142.0) Gecko/20100101 Firefox/142.0	directus_fields	41	http://10.0.20.3:8055
328	update	c5e8bb40-50e6-4421-a26e-e3f1f5736aa4	2025-09-07 14:24:38.442-04	10.0.20.39	Mozilla/5.0 (Windows NT 10.0; Win64; x64; rv:142.0) Gecko/20100101 Firefox/142.0	directus_fields	39	http://10.0.20.3:8055
329	update	c5e8bb40-50e6-4421-a26e-e3f1f5736aa4	2025-09-07 14:24:41.558-04	10.0.20.39	Mozilla/5.0 (Windows NT 10.0; Win64; x64; rv:142.0) Gecko/20100101 Firefox/142.0	directus_fields	32	http://10.0.20.3:8055
330	update	c5e8bb40-50e6-4421-a26e-e3f1f5736aa4	2025-09-07 14:24:41.568-04	10.0.20.39	Mozilla/5.0 (Windows NT 10.0; Win64; x64; rv:142.0) Gecko/20100101 Firefox/142.0	directus_fields	33	http://10.0.20.3:8055
331	update	c5e8bb40-50e6-4421-a26e-e3f1f5736aa4	2025-09-07 14:24:41.578-04	10.0.20.39	Mozilla/5.0 (Windows NT 10.0; Win64; x64; rv:142.0) Gecko/20100101 Firefox/142.0	directus_fields	46	http://10.0.20.3:8055
332	update	c5e8bb40-50e6-4421-a26e-e3f1f5736aa4	2025-09-07 14:24:41.588-04	10.0.20.39	Mozilla/5.0 (Windows NT 10.0; Win64; x64; rv:142.0) Gecko/20100101 Firefox/142.0	directus_fields	39	http://10.0.20.3:8055
333	update	c5e8bb40-50e6-4421-a26e-e3f1f5736aa4	2025-09-07 14:24:41.598-04	10.0.20.39	Mozilla/5.0 (Windows NT 10.0; Win64; x64; rv:142.0) Gecko/20100101 Firefox/142.0	directus_fields	35	http://10.0.20.3:8055
334	update	c5e8bb40-50e6-4421-a26e-e3f1f5736aa4	2025-09-07 14:24:41.607-04	10.0.20.39	Mozilla/5.0 (Windows NT 10.0; Win64; x64; rv:142.0) Gecko/20100101 Firefox/142.0	directus_fields	36	http://10.0.20.3:8055
335	update	c5e8bb40-50e6-4421-a26e-e3f1f5736aa4	2025-09-07 14:24:41.618-04	10.0.20.39	Mozilla/5.0 (Windows NT 10.0; Win64; x64; rv:142.0) Gecko/20100101 Firefox/142.0	directus_fields	37	http://10.0.20.3:8055
336	update	c5e8bb40-50e6-4421-a26e-e3f1f5736aa4	2025-09-07 14:24:41.629-04	10.0.20.39	Mozilla/5.0 (Windows NT 10.0; Win64; x64; rv:142.0) Gecko/20100101 Firefox/142.0	directus_fields	38	http://10.0.20.3:8055
337	update	c5e8bb40-50e6-4421-a26e-e3f1f5736aa4	2025-09-07 14:24:41.639-04	10.0.20.39	Mozilla/5.0 (Windows NT 10.0; Win64; x64; rv:142.0) Gecko/20100101 Firefox/142.0	directus_fields	34	http://10.0.20.3:8055
338	update	c5e8bb40-50e6-4421-a26e-e3f1f5736aa4	2025-09-07 14:24:41.649-04	10.0.20.39	Mozilla/5.0 (Windows NT 10.0; Win64; x64; rv:142.0) Gecko/20100101 Firefox/142.0	directus_fields	40	http://10.0.20.3:8055
339	update	c5e8bb40-50e6-4421-a26e-e3f1f5736aa4	2025-09-07 14:24:41.659-04	10.0.20.39	Mozilla/5.0 (Windows NT 10.0; Win64; x64; rv:142.0) Gecko/20100101 Firefox/142.0	directus_fields	41	http://10.0.20.3:8055
340	create	c5e8bb40-50e6-4421-a26e-e3f1f5736aa4	2025-09-07 14:27:22.792-04	10.0.20.39	Mozilla/5.0 (Windows NT 10.0; Win64; x64; rv:142.0) Gecko/20100101 Firefox/142.0	navigation_translations	1	http://10.0.20.3:8055
341	create	c5e8bb40-50e6-4421-a26e-e3f1f5736aa4	2025-09-07 14:27:22.796-04	10.0.20.39	Mozilla/5.0 (Windows NT 10.0; Win64; x64; rv:142.0) Gecko/20100101 Firefox/142.0	navigation_translations	2	http://10.0.20.3:8055
342	create	c5e8bb40-50e6-4421-a26e-e3f1f5736aa4	2025-09-07 14:27:22.801-04	10.0.20.39	Mozilla/5.0 (Windows NT 10.0; Win64; x64; rv:142.0) Gecko/20100101 Firefox/142.0	navigation_translations	3	http://10.0.20.3:8055
343	create	c5e8bb40-50e6-4421-a26e-e3f1f5736aa4	2025-09-07 14:27:22.806-04	10.0.20.39	Mozilla/5.0 (Windows NT 10.0; Win64; x64; rv:142.0) Gecko/20100101 Firefox/142.0	navigation_translations	4	http://10.0.20.3:8055
344	create	c5e8bb40-50e6-4421-a26e-e3f1f5736aa4	2025-09-07 14:27:22.81-04	10.0.20.39	Mozilla/5.0 (Windows NT 10.0; Win64; x64; rv:142.0) Gecko/20100101 Firefox/142.0	navigation	1	http://10.0.20.3:8055
345	create	c5e8bb40-50e6-4421-a26e-e3f1f5736aa4	2025-09-07 14:28:22.197-04	10.0.20.39	Mozilla/5.0 (Windows NT 10.0; Win64; x64; rv:142.0) Gecko/20100101 Firefox/142.0	navigation_translations	5	http://10.0.20.3:8055
346	create	c5e8bb40-50e6-4421-a26e-e3f1f5736aa4	2025-09-07 14:28:22.203-04	10.0.20.39	Mozilla/5.0 (Windows NT 10.0; Win64; x64; rv:142.0) Gecko/20100101 Firefox/142.0	navigation_translations	6	http://10.0.20.3:8055
347	create	c5e8bb40-50e6-4421-a26e-e3f1f5736aa4	2025-09-07 14:28:22.208-04	10.0.20.39	Mozilla/5.0 (Windows NT 10.0; Win64; x64; rv:142.0) Gecko/20100101 Firefox/142.0	navigation_translations	7	http://10.0.20.3:8055
348	create	c5e8bb40-50e6-4421-a26e-e3f1f5736aa4	2025-09-07 14:28:22.212-04	10.0.20.39	Mozilla/5.0 (Windows NT 10.0; Win64; x64; rv:142.0) Gecko/20100101 Firefox/142.0	navigation_translations	8	http://10.0.20.3:8055
349	create	c5e8bb40-50e6-4421-a26e-e3f1f5736aa4	2025-09-07 14:28:22.217-04	10.0.20.39	Mozilla/5.0 (Windows NT 10.0; Win64; x64; rv:142.0) Gecko/20100101 Firefox/142.0	navigation	2	http://10.0.20.3:8055
350	create	c5e8bb40-50e6-4421-a26e-e3f1f5736aa4	2025-09-07 14:29:00.476-04	10.0.20.39	Mozilla/5.0 (Windows NT 10.0; Win64; x64; rv:142.0) Gecko/20100101 Firefox/142.0	navigation_translations	9	http://10.0.20.3:8055
351	create	c5e8bb40-50e6-4421-a26e-e3f1f5736aa4	2025-09-07 14:29:00.481-04	10.0.20.39	Mozilla/5.0 (Windows NT 10.0; Win64; x64; rv:142.0) Gecko/20100101 Firefox/142.0	navigation_translations	10	http://10.0.20.3:8055
352	create	c5e8bb40-50e6-4421-a26e-e3f1f5736aa4	2025-09-07 14:29:00.486-04	10.0.20.39	Mozilla/5.0 (Windows NT 10.0; Win64; x64; rv:142.0) Gecko/20100101 Firefox/142.0	navigation_translations	11	http://10.0.20.3:8055
353	create	c5e8bb40-50e6-4421-a26e-e3f1f5736aa4	2025-09-07 14:29:00.491-04	10.0.20.39	Mozilla/5.0 (Windows NT 10.0; Win64; x64; rv:142.0) Gecko/20100101 Firefox/142.0	navigation_translations	12	http://10.0.20.3:8055
354	create	c5e8bb40-50e6-4421-a26e-e3f1f5736aa4	2025-09-07 14:29:00.494-04	10.0.20.39	Mozilla/5.0 (Windows NT 10.0; Win64; x64; rv:142.0) Gecko/20100101 Firefox/142.0	navigation	3	http://10.0.20.3:8055
355	create	c5e8bb40-50e6-4421-a26e-e3f1f5736aa4	2025-09-07 14:29:38.597-04	10.0.20.39	Mozilla/5.0 (Windows NT 10.0; Win64; x64; rv:142.0) Gecko/20100101 Firefox/142.0	navigation_translations	13	http://10.0.20.3:8055
356	create	c5e8bb40-50e6-4421-a26e-e3f1f5736aa4	2025-09-07 14:29:38.604-04	10.0.20.39	Mozilla/5.0 (Windows NT 10.0; Win64; x64; rv:142.0) Gecko/20100101 Firefox/142.0	navigation_translations	14	http://10.0.20.3:8055
357	create	c5e8bb40-50e6-4421-a26e-e3f1f5736aa4	2025-09-07 14:29:38.609-04	10.0.20.39	Mozilla/5.0 (Windows NT 10.0; Win64; x64; rv:142.0) Gecko/20100101 Firefox/142.0	navigation_translations	15	http://10.0.20.3:8055
358	create	c5e8bb40-50e6-4421-a26e-e3f1f5736aa4	2025-09-07 14:29:38.614-04	10.0.20.39	Mozilla/5.0 (Windows NT 10.0; Win64; x64; rv:142.0) Gecko/20100101 Firefox/142.0	navigation_translations	16	http://10.0.20.3:8055
359	create	c5e8bb40-50e6-4421-a26e-e3f1f5736aa4	2025-09-07 14:29:38.619-04	10.0.20.39	Mozilla/5.0 (Windows NT 10.0; Win64; x64; rv:142.0) Gecko/20100101 Firefox/142.0	navigation	4	http://10.0.20.3:8055
360	create	c5e8bb40-50e6-4421-a26e-e3f1f5736aa4	2025-09-07 14:30:24.51-04	10.0.20.39	Mozilla/5.0 (Windows NT 10.0; Win64; x64; rv:142.0) Gecko/20100101 Firefox/142.0	navigation_translations	17	http://10.0.20.3:8055
361	create	c5e8bb40-50e6-4421-a26e-e3f1f5736aa4	2025-09-07 14:30:24.516-04	10.0.20.39	Mozilla/5.0 (Windows NT 10.0; Win64; x64; rv:142.0) Gecko/20100101 Firefox/142.0	navigation_translations	18	http://10.0.20.3:8055
362	create	c5e8bb40-50e6-4421-a26e-e3f1f5736aa4	2025-09-07 14:30:24.52-04	10.0.20.39	Mozilla/5.0 (Windows NT 10.0; Win64; x64; rv:142.0) Gecko/20100101 Firefox/142.0	navigation_translations	19	http://10.0.20.3:8055
363	create	c5e8bb40-50e6-4421-a26e-e3f1f5736aa4	2025-09-07 14:30:24.526-04	10.0.20.39	Mozilla/5.0 (Windows NT 10.0; Win64; x64; rv:142.0) Gecko/20100101 Firefox/142.0	navigation_translations	20	http://10.0.20.3:8055
364	create	c5e8bb40-50e6-4421-a26e-e3f1f5736aa4	2025-09-07 14:30:24.531-04	10.0.20.39	Mozilla/5.0 (Windows NT 10.0; Win64; x64; rv:142.0) Gecko/20100101 Firefox/142.0	navigation	5	http://10.0.20.3:8055
365	update	c5e8bb40-50e6-4421-a26e-e3f1f5736aa4	2025-09-07 14:30:30.133-04	10.0.20.39	Mozilla/5.0 (Windows NT 10.0; Win64; x64; rv:142.0) Gecko/20100101 Firefox/142.0	navigation	1	http://10.0.20.3:8055
366	create	c5e8bb40-50e6-4421-a26e-e3f1f5736aa4	2025-09-07 14:32:08.412-04	10.0.20.39	Mozilla/5.0 (Windows NT 10.0; Win64; x64; rv:142.0) Gecko/20100101 Firefox/142.0	directus_fields	47	http://10.0.20.3:8055
367	create	c5e8bb40-50e6-4421-a26e-e3f1f5736aa4	2025-09-07 14:32:08.418-04	10.0.20.39	Mozilla/5.0 (Windows NT 10.0; Win64; x64; rv:142.0) Gecko/20100101 Firefox/142.0	directus_fields	48	http://10.0.20.3:8055
368	create	c5e8bb40-50e6-4421-a26e-e3f1f5736aa4	2025-09-07 14:32:08.423-04	10.0.20.39	Mozilla/5.0 (Windows NT 10.0; Win64; x64; rv:142.0) Gecko/20100101 Firefox/142.0	directus_fields	49	http://10.0.20.3:8055
369	create	c5e8bb40-50e6-4421-a26e-e3f1f5736aa4	2025-09-07 14:32:08.427-04	10.0.20.39	Mozilla/5.0 (Windows NT 10.0; Win64; x64; rv:142.0) Gecko/20100101 Firefox/142.0	directus_fields	50	http://10.0.20.3:8055
370	create	c5e8bb40-50e6-4421-a26e-e3f1f5736aa4	2025-09-07 14:32:08.431-04	10.0.20.39	Mozilla/5.0 (Windows NT 10.0; Win64; x64; rv:142.0) Gecko/20100101 Firefox/142.0	directus_fields	51	http://10.0.20.3:8055
371	create	c5e8bb40-50e6-4421-a26e-e3f1f5736aa4	2025-09-07 14:32:08.436-04	10.0.20.39	Mozilla/5.0 (Windows NT 10.0; Win64; x64; rv:142.0) Gecko/20100101 Firefox/142.0	directus_collections	company	http://10.0.20.3:8055
372	create	c5e8bb40-50e6-4421-a26e-e3f1f5736aa4	2025-09-07 14:32:51.573-04	10.0.20.39	Mozilla/5.0 (Windows NT 10.0; Win64; x64; rv:142.0) Gecko/20100101 Firefox/142.0	directus_fields	52	http://10.0.20.3:8055
373	create	c5e8bb40-50e6-4421-a26e-e3f1f5736aa4	2025-09-07 14:32:51.694-04	10.0.20.39	Mozilla/5.0 (Windows NT 10.0; Win64; x64; rv:142.0) Gecko/20100101 Firefox/142.0	directus_fields	53	http://10.0.20.3:8055
374	create	c5e8bb40-50e6-4421-a26e-e3f1f5736aa4	2025-09-07 14:32:51.697-04	10.0.20.39	Mozilla/5.0 (Windows NT 10.0; Win64; x64; rv:142.0) Gecko/20100101 Firefox/142.0	directus_collections	company_translations	http://10.0.20.3:8055
375	create	c5e8bb40-50e6-4421-a26e-e3f1f5736aa4	2025-09-07 14:32:51.758-04	10.0.20.39	Mozilla/5.0 (Windows NT 10.0; Win64; x64; rv:142.0) Gecko/20100101 Firefox/142.0	directus_fields	54	http://10.0.20.3:8055
376	create	c5e8bb40-50e6-4421-a26e-e3f1f5736aa4	2025-09-07 14:32:51.866-04	10.0.20.39	Mozilla/5.0 (Windows NT 10.0; Win64; x64; rv:142.0) Gecko/20100101 Firefox/142.0	directus_fields	55	http://10.0.20.3:8055
377	create	c5e8bb40-50e6-4421-a26e-e3f1f5736aa4	2025-09-07 14:33:20.033-04	10.0.20.39	Mozilla/5.0 (Windows NT 10.0; Win64; x64; rv:142.0) Gecko/20100101 Firefox/142.0	directus_fields	56	http://10.0.20.3:8055
378	delete	c5e8bb40-50e6-4421-a26e-e3f1f5736aa4	2025-09-07 14:33:29.174-04	10.0.20.39	Mozilla/5.0 (Windows NT 10.0; Win64; x64; rv:142.0) Gecko/20100101 Firefox/142.0	directus_fields	56	http://10.0.20.3:8055
379	create	c5e8bb40-50e6-4421-a26e-e3f1f5736aa4	2025-09-07 14:33:45.219-04	10.0.20.39	Mozilla/5.0 (Windows NT 10.0; Win64; x64; rv:142.0) Gecko/20100101 Firefox/142.0	directus_fields	57	http://10.0.20.3:8055
380	create	c5e8bb40-50e6-4421-a26e-e3f1f5736aa4	2025-09-07 14:34:47.594-04	10.0.20.39	Mozilla/5.0 (Windows NT 10.0; Win64; x64; rv:142.0) Gecko/20100101 Firefox/142.0	directus_fields	58	http://10.0.20.3:8055
381	create	c5e8bb40-50e6-4421-a26e-e3f1f5736aa4	2025-09-07 14:35:18.758-04	10.0.20.39	Mozilla/5.0 (Windows NT 10.0; Win64; x64; rv:142.0) Gecko/20100101 Firefox/142.0	directus_fields	59	http://10.0.20.3:8055
382	create	c5e8bb40-50e6-4421-a26e-e3f1f5736aa4	2025-09-07 14:47:17.773-04	10.0.20.39	Mozilla/5.0 (Windows NT 10.0; Win64; x64; rv:142.0) Gecko/20100101 Firefox/142.0	directus_files	f5496cbd-f251-4913-8d06-ea9f4da1d1a9	http://10.0.20.3:8055
383	delete	c5e8bb40-50e6-4421-a26e-e3f1f5736aa4	2025-09-07 14:47:17.795-04	10.0.20.39	Mozilla/5.0 (Windows NT 10.0; Win64; x64; rv:142.0) Gecko/20100101 Firefox/142.0	directus_files	f5496cbd-f251-4913-8d06-ea9f4da1d1a9	http://10.0.20.3:8055
384	create	c5e8bb40-50e6-4421-a26e-e3f1f5736aa4	2025-09-07 14:48:42.65-04	10.0.20.39	Mozilla/5.0 (Windows NT 10.0; Win64; x64; rv:142.0) Gecko/20100101 Firefox/142.0	directus_files	6a965309-2b31-4260-81dc-a105fd60e40e	http://10.0.20.3:8055
385	delete	c5e8bb40-50e6-4421-a26e-e3f1f5736aa4	2025-09-07 14:48:42.661-04	10.0.20.39	Mozilla/5.0 (Windows NT 10.0; Win64; x64; rv:142.0) Gecko/20100101 Firefox/142.0	directus_files	6a965309-2b31-4260-81dc-a105fd60e40e	http://10.0.20.3:8055
386	create	c5e8bb40-50e6-4421-a26e-e3f1f5736aa4	2025-09-07 15:03:16.037-04	10.0.20.39	Mozilla/5.0 (Windows NT 10.0; Win64; x64; rv:142.0) Gecko/20100101 Firefox/142.0	directus_fields	60	http://10.0.20.3:8055
387	update	c5e8bb40-50e6-4421-a26e-e3f1f5736aa4	2025-09-07 15:03:20.226-04	10.0.20.39	Mozilla/5.0 (Windows NT 10.0; Win64; x64; rv:142.0) Gecko/20100101 Firefox/142.0	directus_fields	47	http://10.0.20.3:8055
388	update	c5e8bb40-50e6-4421-a26e-e3f1f5736aa4	2025-09-07 15:03:20.236-04	10.0.20.39	Mozilla/5.0 (Windows NT 10.0; Win64; x64; rv:142.0) Gecko/20100101 Firefox/142.0	directus_fields	48	http://10.0.20.3:8055
389	update	c5e8bb40-50e6-4421-a26e-e3f1f5736aa4	2025-09-07 15:03:20.246-04	10.0.20.39	Mozilla/5.0 (Windows NT 10.0; Win64; x64; rv:142.0) Gecko/20100101 Firefox/142.0	directus_fields	49	http://10.0.20.3:8055
390	update	c5e8bb40-50e6-4421-a26e-e3f1f5736aa4	2025-09-07 15:03:20.256-04	10.0.20.39	Mozilla/5.0 (Windows NT 10.0; Win64; x64; rv:142.0) Gecko/20100101 Firefox/142.0	directus_fields	50	http://10.0.20.3:8055
391	update	c5e8bb40-50e6-4421-a26e-e3f1f5736aa4	2025-09-07 15:03:20.266-04	10.0.20.39	Mozilla/5.0 (Windows NT 10.0; Win64; x64; rv:142.0) Gecko/20100101 Firefox/142.0	directus_fields	51	http://10.0.20.3:8055
392	update	c5e8bb40-50e6-4421-a26e-e3f1f5736aa4	2025-09-07 15:03:20.277-04	10.0.20.39	Mozilla/5.0 (Windows NT 10.0; Win64; x64; rv:142.0) Gecko/20100101 Firefox/142.0	directus_fields	60	http://10.0.20.3:8055
393	update	c5e8bb40-50e6-4421-a26e-e3f1f5736aa4	2025-09-07 15:03:20.287-04	10.0.20.39	Mozilla/5.0 (Windows NT 10.0; Win64; x64; rv:142.0) Gecko/20100101 Firefox/142.0	directus_fields	52	http://10.0.20.3:8055
394	update	c5e8bb40-50e6-4421-a26e-e3f1f5736aa4	2025-09-07 15:03:20.297-04	10.0.20.39	Mozilla/5.0 (Windows NT 10.0; Win64; x64; rv:142.0) Gecko/20100101 Firefox/142.0	directus_fields	59	http://10.0.20.3:8055
395	create	c5e8bb40-50e6-4421-a26e-e3f1f5736aa4	2025-09-07 15:03:56.579-04	10.0.20.39	Mozilla/5.0 (Windows NT 10.0; Win64; x64; rv:142.0) Gecko/20100101 Firefox/142.0	company	1	http://10.0.20.3:8055
396	create	c5e8bb40-50e6-4421-a26e-e3f1f5736aa4	2025-09-07 15:05:15.879-04	10.0.20.39	Mozilla/5.0 (Windows NT 10.0; Win64; x64; rv:142.0) Gecko/20100101 Firefox/142.0	directus_files	4786e6f0-4fc2-4fc3-8866-556ee1cba44d	http://10.0.20.3:8055
397	delete	c5e8bb40-50e6-4421-a26e-e3f1f5736aa4	2025-09-07 15:05:15.893-04	10.0.20.39	Mozilla/5.0 (Windows NT 10.0; Win64; x64; rv:142.0) Gecko/20100101 Firefox/142.0	directus_files	4786e6f0-4fc2-4fc3-8866-556ee1cba44d	http://10.0.20.3:8055
398	create	c5e8bb40-50e6-4421-a26e-e3f1f5736aa4	2025-09-07 15:09:52.49-04	10.0.20.39	Mozilla/5.0 (Windows NT 10.0; Win64; x64; rv:142.0) Gecko/20100101 Firefox/142.0	directus_files	14468428-708c-4b9c-a208-5f144e000fb0	http://10.0.20.3:8055
399	delete	c5e8bb40-50e6-4421-a26e-e3f1f5736aa4	2025-09-07 15:09:52.502-04	10.0.20.39	Mozilla/5.0 (Windows NT 10.0; Win64; x64; rv:142.0) Gecko/20100101 Firefox/142.0	directus_files	14468428-708c-4b9c-a208-5f144e000fb0	http://10.0.20.3:8055
400	create	c5e8bb40-50e6-4421-a26e-e3f1f5736aa4	2025-09-07 15:12:07.373-04	10.0.20.39	Mozilla/5.0 (Windows NT 10.0; Win64; x64; rv:142.0) Gecko/20100101 Firefox/142.0	directus_files	7954cc0b-72f2-46c6-8dc6-a7e630d3d69f	http://10.0.20.3:8055
401	delete	c5e8bb40-50e6-4421-a26e-e3f1f5736aa4	2025-09-07 15:12:07.384-04	10.0.20.39	Mozilla/5.0 (Windows NT 10.0; Win64; x64; rv:142.0) Gecko/20100101 Firefox/142.0	directus_files	7954cc0b-72f2-46c6-8dc6-a7e630d3d69f	http://10.0.20.3:8055
402	create	c5e8bb40-50e6-4421-a26e-e3f1f5736aa4	2025-09-07 15:12:13.782-04	10.0.20.39	Mozilla/5.0 (Windows NT 10.0; Win64; x64; rv:142.0) Gecko/20100101 Firefox/142.0	directus_files	caac001a-44b5-44ae-95fa-d69a0a1afbda	http://10.0.20.3:8055
403	delete	c5e8bb40-50e6-4421-a26e-e3f1f5736aa4	2025-09-07 15:12:13.793-04	10.0.20.39	Mozilla/5.0 (Windows NT 10.0; Win64; x64; rv:142.0) Gecko/20100101 Firefox/142.0	directus_files	caac001a-44b5-44ae-95fa-d69a0a1afbda	http://10.0.20.3:8055
404	create	c5e8bb40-50e6-4421-a26e-e3f1f5736aa4	2025-09-07 15:13:06.518-04	10.0.20.39	Mozilla/5.0 (Windows NT 10.0; Win64; x64; rv:142.0) Gecko/20100101 Firefox/142.0	directus_files	0cfea432-c175-4365-a492-dfe4ad143fdd	http://10.0.20.3:8055
405	delete	c5e8bb40-50e6-4421-a26e-e3f1f5736aa4	2025-09-07 15:13:06.529-04	10.0.20.39	Mozilla/5.0 (Windows NT 10.0; Win64; x64; rv:142.0) Gecko/20100101 Firefox/142.0	directus_files	0cfea432-c175-4365-a492-dfe4ad143fdd	http://10.0.20.3:8055
406	create	c5e8bb40-50e6-4421-a26e-e3f1f5736aa4	2025-09-07 15:13:12.134-04	10.0.20.39	Mozilla/5.0 (Windows NT 10.0; Win64; x64; rv:142.0) Gecko/20100101 Firefox/142.0	directus_files	8986db7f-5bee-4ebe-b305-ef1440292da5	http://10.0.20.3:8055
407	delete	c5e8bb40-50e6-4421-a26e-e3f1f5736aa4	2025-09-07 15:13:12.144-04	10.0.20.39	Mozilla/5.0 (Windows NT 10.0; Win64; x64; rv:142.0) Gecko/20100101 Firefox/142.0	directus_files	8986db7f-5bee-4ebe-b305-ef1440292da5	http://10.0.20.3:8055
408	create	c5e8bb40-50e6-4421-a26e-e3f1f5736aa4	2025-09-07 15:13:43.839-04	10.0.20.39	Mozilla/5.0 (Windows NT 10.0; Win64; x64; rv:142.0) Gecko/20100101 Firefox/142.0	directus_files	0523a3b0-3c0e-414c-8b9f-f5acf7d20427	http://10.0.20.3:8055
409	delete	c5e8bb40-50e6-4421-a26e-e3f1f5736aa4	2025-09-07 15:13:43.848-04	10.0.20.39	Mozilla/5.0 (Windows NT 10.0; Win64; x64; rv:142.0) Gecko/20100101 Firefox/142.0	directus_files	0523a3b0-3c0e-414c-8b9f-f5acf7d20427	http://10.0.20.3:8055
410	create	c5e8bb40-50e6-4421-a26e-e3f1f5736aa4	2025-09-07 15:27:03.625-04	10.0.20.39	Mozilla/5.0 (Windows NT 10.0; Win64; x64; rv:142.0) Gecko/20100101 Firefox/142.0	directus_files	893633e0-d183-4e63-bdde-1ec61ae92ff5	http://10.0.20.3:8055
411	update	c5e8bb40-50e6-4421-a26e-e3f1f5736aa4	2025-09-07 15:27:10.483-04	10.0.20.39	Mozilla/5.0 (Windows NT 10.0; Win64; x64; rv:142.0) Gecko/20100101 Firefox/142.0	company	1	http://10.0.20.3:8055
412	create	c5e8bb40-50e6-4421-a26e-e3f1f5736aa4	2025-09-07 21:29:48.77-04	10.0.20.39	Mozilla/5.0 (Windows NT 10.0; Win64; x64; rv:142.0) Gecko/20100101 Firefox/142.0	directus_permissions	21	http://10.0.20.3:8055
413	create	c5e8bb40-50e6-4421-a26e-e3f1f5736aa4	2025-09-07 21:29:48.781-04	10.0.20.39	Mozilla/5.0 (Windows NT 10.0; Win64; x64; rv:142.0) Gecko/20100101 Firefox/142.0	directus_permissions	22	http://10.0.20.3:8055
414	update	c5e8bb40-50e6-4421-a26e-e3f1f5736aa4	2025-09-07 21:29:48.787-04	10.0.20.39	Mozilla/5.0 (Windows NT 10.0; Win64; x64; rv:142.0) Gecko/20100101 Firefox/142.0	directus_policies	abf8a154-5b1c-4a46-ac9c-7300570f4f17	http://10.0.20.3:8055
415	create	c5e8bb40-50e6-4421-a26e-e3f1f5736aa4	2025-09-07 21:30:53.191-04	10.0.20.39	Mozilla/5.0 (Windows NT 10.0; Win64; x64; rv:142.0) Gecko/20100101 Firefox/142.0	directus_permissions	23	http://10.0.20.3:8055
416	create	c5e8bb40-50e6-4421-a26e-e3f1f5736aa4	2025-09-07 21:30:53.2-04	10.0.20.39	Mozilla/5.0 (Windows NT 10.0; Win64; x64; rv:142.0) Gecko/20100101 Firefox/142.0	directus_permissions	24	http://10.0.20.3:8055
417	create	c5e8bb40-50e6-4421-a26e-e3f1f5736aa4	2025-09-07 21:30:53.206-04	10.0.20.39	Mozilla/5.0 (Windows NT 10.0; Win64; x64; rv:142.0) Gecko/20100101 Firefox/142.0	directus_permissions	25	http://10.0.20.3:8055
418	create	c5e8bb40-50e6-4421-a26e-e3f1f5736aa4	2025-09-07 21:30:53.211-04	10.0.20.39	Mozilla/5.0 (Windows NT 10.0; Win64; x64; rv:142.0) Gecko/20100101 Firefox/142.0	directus_permissions	26	http://10.0.20.3:8055
419	create	c5e8bb40-50e6-4421-a26e-e3f1f5736aa4	2025-09-07 21:30:53.218-04	10.0.20.39	Mozilla/5.0 (Windows NT 10.0; Win64; x64; rv:142.0) Gecko/20100101 Firefox/142.0	directus_permissions	27	http://10.0.20.3:8055
420	update	c5e8bb40-50e6-4421-a26e-e3f1f5736aa4	2025-09-07 21:30:53.224-04	10.0.20.39	Mozilla/5.0 (Windows NT 10.0; Win64; x64; rv:142.0) Gecko/20100101 Firefox/142.0	directus_policies	abf8a154-5b1c-4a46-ac9c-7300570f4f17	http://10.0.20.3:8055
421	update	c5e8bb40-50e6-4421-a26e-e3f1f5736aa4	2025-09-07 21:52:30.261-04	10.0.20.39	Mozilla/5.0 (Windows NT 10.0; Win64; x64; rv:142.0) Gecko/20100101 Firefox/142.0	directus_collections	navigation	http://10.0.20.3:8055
422	update	c5e8bb40-50e6-4421-a26e-e3f1f5736aa4	2025-09-07 21:52:30.262-04	10.0.20.39	Mozilla/5.0 (Windows NT 10.0; Win64; x64; rv:142.0) Gecko/20100101 Firefox/142.0	directus_collections	company	http://10.0.20.3:8055
423	update	c5e8bb40-50e6-4421-a26e-e3f1f5736aa4	2025-09-07 21:52:30.272-04	10.0.20.39	Mozilla/5.0 (Windows NT 10.0; Win64; x64; rv:142.0) Gecko/20100101 Firefox/142.0	directus_collections	company_translations	http://10.0.20.3:8055
424	update	c5e8bb40-50e6-4421-a26e-e3f1f5736aa4	2025-09-07 21:52:30.28-04	10.0.20.39	Mozilla/5.0 (Windows NT 10.0; Win64; x64; rv:142.0) Gecko/20100101 Firefox/142.0	directus_collections	languages	http://10.0.20.3:8055
425	update	c5e8bb40-50e6-4421-a26e-e3f1f5736aa4	2025-09-07 21:52:30.288-04	10.0.20.39	Mozilla/5.0 (Windows NT 10.0; Win64; x64; rv:142.0) Gecko/20100101 Firefox/142.0	directus_collections	navigation_translations	http://10.0.20.3:8055
426	update	c5e8bb40-50e6-4421-a26e-e3f1f5736aa4	2025-09-07 21:52:30.296-04	10.0.20.39	Mozilla/5.0 (Windows NT 10.0; Win64; x64; rv:142.0) Gecko/20100101 Firefox/142.0	directus_collections	pages	http://10.0.20.3:8055
427	update	c5e8bb40-50e6-4421-a26e-e3f1f5736aa4	2025-09-07 21:52:30.308-04	10.0.20.39	Mozilla/5.0 (Windows NT 10.0; Win64; x64; rv:142.0) Gecko/20100101 Firefox/142.0	directus_collections	pages_translations	http://10.0.20.3:8055
428	update	c5e8bb40-50e6-4421-a26e-e3f1f5736aa4	2025-09-07 21:52:36.561-04	10.0.20.39	Mozilla/5.0 (Windows NT 10.0; Win64; x64; rv:142.0) Gecko/20100101 Firefox/142.0	directus_collections	company	http://10.0.20.3:8055
429	update	c5e8bb40-50e6-4421-a26e-e3f1f5736aa4	2025-09-07 21:52:36.57-04	10.0.20.39	Mozilla/5.0 (Windows NT 10.0; Win64; x64; rv:142.0) Gecko/20100101 Firefox/142.0	directus_collections	company_translations	http://10.0.20.3:8055
430	update	c5e8bb40-50e6-4421-a26e-e3f1f5736aa4	2025-09-07 21:52:36.579-04	10.0.20.39	Mozilla/5.0 (Windows NT 10.0; Win64; x64; rv:142.0) Gecko/20100101 Firefox/142.0	directus_collections	languages	http://10.0.20.3:8055
431	update	c5e8bb40-50e6-4421-a26e-e3f1f5736aa4	2025-09-07 21:52:36.587-04	10.0.20.39	Mozilla/5.0 (Windows NT 10.0; Win64; x64; rv:142.0) Gecko/20100101 Firefox/142.0	directus_collections	navigation_translations	http://10.0.20.3:8055
432	update	c5e8bb40-50e6-4421-a26e-e3f1f5736aa4	2025-09-07 21:52:36.595-04	10.0.20.39	Mozilla/5.0 (Windows NT 10.0; Win64; x64; rv:142.0) Gecko/20100101 Firefox/142.0	directus_collections	pages	http://10.0.20.3:8055
433	update	c5e8bb40-50e6-4421-a26e-e3f1f5736aa4	2025-09-07 21:52:36.603-04	10.0.20.39	Mozilla/5.0 (Windows NT 10.0; Win64; x64; rv:142.0) Gecko/20100101 Firefox/142.0	directus_collections	pages_translations	http://10.0.20.3:8055
434	update	c5e8bb40-50e6-4421-a26e-e3f1f5736aa4	2025-09-07 21:52:36.611-04	10.0.20.39	Mozilla/5.0 (Windows NT 10.0; Win64; x64; rv:142.0) Gecko/20100101 Firefox/142.0	directus_collections	navigation	http://10.0.20.3:8055
435	create	c5e8bb40-50e6-4421-a26e-e3f1f5736aa4	2025-09-07 21:53:11.402-04	10.0.20.39	Mozilla/5.0 (Windows NT 10.0; Win64; x64; rv:142.0) Gecko/20100101 Firefox/142.0	directus_fields	61	http://10.0.20.3:8055
436	create	c5e8bb40-50e6-4421-a26e-e3f1f5736aa4	2025-09-07 21:53:11.408-04	10.0.20.39	Mozilla/5.0 (Windows NT 10.0; Win64; x64; rv:142.0) Gecko/20100101 Firefox/142.0	directus_fields	62	http://10.0.20.3:8055
437	create	c5e8bb40-50e6-4421-a26e-e3f1f5736aa4	2025-09-07 21:53:11.413-04	10.0.20.39	Mozilla/5.0 (Windows NT 10.0; Win64; x64; rv:142.0) Gecko/20100101 Firefox/142.0	directus_fields	63	http://10.0.20.3:8055
438	create	c5e8bb40-50e6-4421-a26e-e3f1f5736aa4	2025-09-07 21:53:11.418-04	10.0.20.39	Mozilla/5.0 (Windows NT 10.0; Win64; x64; rv:142.0) Gecko/20100101 Firefox/142.0	directus_fields	64	http://10.0.20.3:8055
439	create	c5e8bb40-50e6-4421-a26e-e3f1f5736aa4	2025-09-07 21:53:11.424-04	10.0.20.39	Mozilla/5.0 (Windows NT 10.0; Win64; x64; rv:142.0) Gecko/20100101 Firefox/142.0	directus_fields	65	http://10.0.20.3:8055
440	create	c5e8bb40-50e6-4421-a26e-e3f1f5736aa4	2025-09-07 21:53:11.429-04	10.0.20.39	Mozilla/5.0 (Windows NT 10.0; Win64; x64; rv:142.0) Gecko/20100101 Firefox/142.0	directus_fields	66	http://10.0.20.3:8055
441	create	c5e8bb40-50e6-4421-a26e-e3f1f5736aa4	2025-09-07 21:53:11.435-04	10.0.20.39	Mozilla/5.0 (Windows NT 10.0; Win64; x64; rv:142.0) Gecko/20100101 Firefox/142.0	directus_collections	landing	http://10.0.20.3:8055
442	update	c5e8bb40-50e6-4421-a26e-e3f1f5736aa4	2025-09-07 21:54:19.272-04	10.0.20.39	Mozilla/5.0 (Windows NT 10.0; Win64; x64; rv:142.0) Gecko/20100101 Firefox/142.0	directus_collections	landing	http://10.0.20.3:8055
443	create	c5e8bb40-50e6-4421-a26e-e3f1f5736aa4	2025-09-07 21:54:42.937-04	10.0.20.39	Mozilla/5.0 (Windows NT 10.0; Win64; x64; rv:142.0) Gecko/20100101 Firefox/142.0	directus_fields	67	http://10.0.20.3:8055
444	create	c5e8bb40-50e6-4421-a26e-e3f1f5736aa4	2025-09-07 21:54:42.943-04	10.0.20.39	Mozilla/5.0 (Windows NT 10.0; Win64; x64; rv:142.0) Gecko/20100101 Firefox/142.0	directus_fields	68	http://10.0.20.3:8055
445	create	c5e8bb40-50e6-4421-a26e-e3f1f5736aa4	2025-09-07 21:54:42.948-04	10.0.20.39	Mozilla/5.0 (Windows NT 10.0; Win64; x64; rv:142.0) Gecko/20100101 Firefox/142.0	directus_fields	69	http://10.0.20.3:8055
446	create	c5e8bb40-50e6-4421-a26e-e3f1f5736aa4	2025-09-07 21:54:42.953-04	10.0.20.39	Mozilla/5.0 (Windows NT 10.0; Win64; x64; rv:142.0) Gecko/20100101 Firefox/142.0	directus_fields	70	http://10.0.20.3:8055
447	create	c5e8bb40-50e6-4421-a26e-e3f1f5736aa4	2025-09-07 21:54:42.959-04	10.0.20.39	Mozilla/5.0 (Windows NT 10.0; Win64; x64; rv:142.0) Gecko/20100101 Firefox/142.0	directus_fields	71	http://10.0.20.3:8055
448	create	c5e8bb40-50e6-4421-a26e-e3f1f5736aa4	2025-09-07 21:54:42.965-04	10.0.20.39	Mozilla/5.0 (Windows NT 10.0; Win64; x64; rv:142.0) Gecko/20100101 Firefox/142.0	directus_fields	72	http://10.0.20.3:8055
449	create	c5e8bb40-50e6-4421-a26e-e3f1f5736aa4	2025-09-07 21:54:42.97-04	10.0.20.39	Mozilla/5.0 (Windows NT 10.0; Win64; x64; rv:142.0) Gecko/20100101 Firefox/142.0	directus_collections	hero	http://10.0.20.3:8055
450	create	c5e8bb40-50e6-4421-a26e-e3f1f5736aa4	2025-09-07 21:57:50.917-04	10.0.20.39	Mozilla/5.0 (Windows NT 10.0; Win64; x64; rv:142.0) Gecko/20100101 Firefox/142.0	directus_fields	73	http://10.0.20.3:8055
451	create	c5e8bb40-50e6-4421-a26e-e3f1f5736aa4	2025-09-07 21:57:51.052-04	10.0.20.39	Mozilla/5.0 (Windows NT 10.0; Win64; x64; rv:142.0) Gecko/20100101 Firefox/142.0	directus_fields	74	http://10.0.20.3:8055
452	create	c5e8bb40-50e6-4421-a26e-e3f1f5736aa4	2025-09-07 21:57:51.057-04	10.0.20.39	Mozilla/5.0 (Windows NT 10.0; Win64; x64; rv:142.0) Gecko/20100101 Firefox/142.0	directus_collections	hero_translations	http://10.0.20.3:8055
453	create	c5e8bb40-50e6-4421-a26e-e3f1f5736aa4	2025-09-07 21:57:51.125-04	10.0.20.39	Mozilla/5.0 (Windows NT 10.0; Win64; x64; rv:142.0) Gecko/20100101 Firefox/142.0	directus_fields	75	http://10.0.20.3:8055
454	create	c5e8bb40-50e6-4421-a26e-e3f1f5736aa4	2025-09-07 21:57:51.243-04	10.0.20.39	Mozilla/5.0 (Windows NT 10.0; Win64; x64; rv:142.0) Gecko/20100101 Firefox/142.0	directus_fields	76	http://10.0.20.3:8055
455	create	c5e8bb40-50e6-4421-a26e-e3f1f5736aa4	2025-09-07 22:25:32.78-04	10.0.20.39	Mozilla/5.0 (Windows NT 10.0; Win64; x64; rv:142.0) Gecko/20100101 Firefox/142.0	directus_fields	77	http://10.0.20.3:8055
456	create	c5e8bb40-50e6-4421-a26e-e3f1f5736aa4	2025-09-07 22:26:43.913-04	10.0.20.39	Mozilla/5.0 (Windows NT 10.0; Win64; x64; rv:142.0) Gecko/20100101 Firefox/142.0	directus_fields	78	http://10.0.20.3:8055
457	update	c5e8bb40-50e6-4421-a26e-e3f1f5736aa4	2025-09-07 22:26:59.543-04	10.0.20.39	Mozilla/5.0 (Windows NT 10.0; Win64; x64; rv:142.0) Gecko/20100101 Firefox/142.0	directus_collections	navigation	http://10.0.20.3:8055
458	create	c5e8bb40-50e6-4421-a26e-e3f1f5736aa4	2025-09-07 22:27:15.102-04	10.0.20.39	Mozilla/5.0 (Windows NT 10.0; Win64; x64; rv:142.0) Gecko/20100101 Firefox/142.0	directus_fields	79	http://10.0.20.3:8055
459	create	c5e8bb40-50e6-4421-a26e-e3f1f5736aa4	2025-09-07 22:29:48.041-04	10.0.20.39	Mozilla/5.0 (Windows NT 10.0; Win64; x64; rv:142.0) Gecko/20100101 Firefox/142.0	navigation_translations	21	http://10.0.20.3:8055
460	create	c5e8bb40-50e6-4421-a26e-e3f1f5736aa4	2025-09-07 22:29:48.046-04	10.0.20.39	Mozilla/5.0 (Windows NT 10.0; Win64; x64; rv:142.0) Gecko/20100101 Firefox/142.0	navigation_translations	22	http://10.0.20.3:8055
461	create	c5e8bb40-50e6-4421-a26e-e3f1f5736aa4	2025-09-07 22:29:48.052-04	10.0.20.39	Mozilla/5.0 (Windows NT 10.0; Win64; x64; rv:142.0) Gecko/20100101 Firefox/142.0	navigation_translations	23	http://10.0.20.3:8055
462	create	c5e8bb40-50e6-4421-a26e-e3f1f5736aa4	2025-09-07 22:29:48.058-04	10.0.20.39	Mozilla/5.0 (Windows NT 10.0; Win64; x64; rv:142.0) Gecko/20100101 Firefox/142.0	navigation_translations	24	http://10.0.20.3:8055
463	create	c5e8bb40-50e6-4421-a26e-e3f1f5736aa4	2025-09-07 22:29:48.063-04	10.0.20.39	Mozilla/5.0 (Windows NT 10.0; Win64; x64; rv:142.0) Gecko/20100101 Firefox/142.0	navigation	6	http://10.0.20.3:8055
464	update	c5e8bb40-50e6-4421-a26e-e3f1f5736aa4	2025-09-07 22:30:05.933-04	10.0.20.39	Mozilla/5.0 (Windows NT 10.0; Win64; x64; rv:142.0) Gecko/20100101 Firefox/142.0	navigation	6	http://10.0.20.3:8055
465	update	c5e8bb40-50e6-4421-a26e-e3f1f5736aa4	2025-09-07 22:31:51.467-04	10.0.20.39	Mozilla/5.0 (Windows NT 10.0; Win64; x64; rv:142.0) Gecko/20100101 Firefox/142.0	directus_collections	hero	http://10.0.20.3:8055
466	update	c5e8bb40-50e6-4421-a26e-e3f1f5736aa4	2025-09-07 22:31:51.468-04	10.0.20.39	Mozilla/5.0 (Windows NT 10.0; Win64; x64; rv:142.0) Gecko/20100101 Firefox/142.0	directus_collections	company	http://10.0.20.3:8055
467	update	c5e8bb40-50e6-4421-a26e-e3f1f5736aa4	2025-09-07 22:31:51.477-04	10.0.20.39	Mozilla/5.0 (Windows NT 10.0; Win64; x64; rv:142.0) Gecko/20100101 Firefox/142.0	directus_collections	company_translations	http://10.0.20.3:8055
468	update	c5e8bb40-50e6-4421-a26e-e3f1f5736aa4	2025-09-07 22:31:51.484-04	10.0.20.39	Mozilla/5.0 (Windows NT 10.0; Win64; x64; rv:142.0) Gecko/20100101 Firefox/142.0	directus_collections	languages	http://10.0.20.3:8055
469	update	c5e8bb40-50e6-4421-a26e-e3f1f5736aa4	2025-09-07 22:31:51.491-04	10.0.20.39	Mozilla/5.0 (Windows NT 10.0; Win64; x64; rv:142.0) Gecko/20100101 Firefox/142.0	directus_collections	navigation_translations	http://10.0.20.3:8055
470	update	c5e8bb40-50e6-4421-a26e-e3f1f5736aa4	2025-09-07 22:31:51.498-04	10.0.20.39	Mozilla/5.0 (Windows NT 10.0; Win64; x64; rv:142.0) Gecko/20100101 Firefox/142.0	directus_collections	pages	http://10.0.20.3:8055
471	update	c5e8bb40-50e6-4421-a26e-e3f1f5736aa4	2025-09-07 22:31:51.506-04	10.0.20.39	Mozilla/5.0 (Windows NT 10.0; Win64; x64; rv:142.0) Gecko/20100101 Firefox/142.0	directus_collections	pages_translations	http://10.0.20.3:8055
472	update	c5e8bb40-50e6-4421-a26e-e3f1f5736aa4	2025-09-07 22:31:51.514-04	10.0.20.39	Mozilla/5.0 (Windows NT 10.0; Win64; x64; rv:142.0) Gecko/20100101 Firefox/142.0	directus_collections	navigation	http://10.0.20.3:8055
473	update	c5e8bb40-50e6-4421-a26e-e3f1f5736aa4	2025-09-07 22:31:51.521-04	10.0.20.39	Mozilla/5.0 (Windows NT 10.0; Win64; x64; rv:142.0) Gecko/20100101 Firefox/142.0	directus_collections	hero_translations	http://10.0.20.3:8055
474	update	c5e8bb40-50e6-4421-a26e-e3f1f5736aa4	2025-09-07 22:31:51.528-04	10.0.20.39	Mozilla/5.0 (Windows NT 10.0; Win64; x64; rv:142.0) Gecko/20100101 Firefox/142.0	directus_collections	landing	http://10.0.20.3:8055
475	create	c5e8bb40-50e6-4421-a26e-e3f1f5736aa4	2025-09-07 22:32:07.413-04	10.0.20.39	Mozilla/5.0 (Windows NT 10.0; Win64; x64; rv:142.0) Gecko/20100101 Firefox/142.0	directus_collections	Landing_Page	http://10.0.20.3:8055
476	update	c5e8bb40-50e6-4421-a26e-e3f1f5736aa4	2025-09-07 22:32:12.645-04	10.0.20.39	Mozilla/5.0 (Windows NT 10.0; Win64; x64; rv:142.0) Gecko/20100101 Firefox/142.0	directus_collections	hero	http://10.0.20.3:8055
477	delete	c5e8bb40-50e6-4421-a26e-e3f1f5736aa4	2025-09-07 22:32:15.858-04	10.0.20.39	Mozilla/5.0 (Windows NT 10.0; Win64; x64; rv:142.0) Gecko/20100101 Firefox/142.0	directus_collections	landing	http://10.0.20.3:8055
478	delete	c5e8bb40-50e6-4421-a26e-e3f1f5736aa4	2025-09-07 22:32:15.863-04	10.0.20.39	Mozilla/5.0 (Windows NT 10.0; Win64; x64; rv:142.0) Gecko/20100101 Firefox/142.0	directus_fields	61	http://10.0.20.3:8055
479	delete	c5e8bb40-50e6-4421-a26e-e3f1f5736aa4	2025-09-07 22:32:15.865-04	10.0.20.39	Mozilla/5.0 (Windows NT 10.0; Win64; x64; rv:142.0) Gecko/20100101 Firefox/142.0	directus_fields	62	http://10.0.20.3:8055
480	delete	c5e8bb40-50e6-4421-a26e-e3f1f5736aa4	2025-09-07 22:32:15.866-04	10.0.20.39	Mozilla/5.0 (Windows NT 10.0; Win64; x64; rv:142.0) Gecko/20100101 Firefox/142.0	directus_fields	63	http://10.0.20.3:8055
481	delete	c5e8bb40-50e6-4421-a26e-e3f1f5736aa4	2025-09-07 22:32:15.867-04	10.0.20.39	Mozilla/5.0 (Windows NT 10.0; Win64; x64; rv:142.0) Gecko/20100101 Firefox/142.0	directus_fields	64	http://10.0.20.3:8055
482	delete	c5e8bb40-50e6-4421-a26e-e3f1f5736aa4	2025-09-07 22:32:15.869-04	10.0.20.39	Mozilla/5.0 (Windows NT 10.0; Win64; x64; rv:142.0) Gecko/20100101 Firefox/142.0	directus_fields	65	http://10.0.20.3:8055
483	delete	c5e8bb40-50e6-4421-a26e-e3f1f5736aa4	2025-09-07 22:32:15.871-04	10.0.20.39	Mozilla/5.0 (Windows NT 10.0; Win64; x64; rv:142.0) Gecko/20100101 Firefox/142.0	directus_fields	66	http://10.0.20.3:8055
484	create	c5e8bb40-50e6-4421-a26e-e3f1f5736aa4	2025-09-07 22:33:01.137-04	10.0.20.39	Mozilla/5.0 (Windows NT 10.0; Win64; x64; rv:142.0) Gecko/20100101 Firefox/142.0	directus_collections	Menus	http://10.0.20.3:8055
485	update	c5e8bb40-50e6-4421-a26e-e3f1f5736aa4	2025-09-07 22:33:09.556-04	10.0.20.39	Mozilla/5.0 (Windows NT 10.0; Win64; x64; rv:142.0) Gecko/20100101 Firefox/142.0	directus_collections	company	http://10.0.20.3:8055
486	update	c5e8bb40-50e6-4421-a26e-e3f1f5736aa4	2025-09-07 22:33:09.557-04	10.0.20.39	Mozilla/5.0 (Windows NT 10.0; Win64; x64; rv:142.0) Gecko/20100101 Firefox/142.0	directus_collections	navigation	http://10.0.20.3:8055
487	update	c5e8bb40-50e6-4421-a26e-e3f1f5736aa4	2025-09-07 22:33:09.564-04	10.0.20.39	Mozilla/5.0 (Windows NT 10.0; Win64; x64; rv:142.0) Gecko/20100101 Firefox/142.0	directus_collections	company_translations	http://10.0.20.3:8055
488	update	c5e8bb40-50e6-4421-a26e-e3f1f5736aa4	2025-09-07 22:33:09.572-04	10.0.20.39	Mozilla/5.0 (Windows NT 10.0; Win64; x64; rv:142.0) Gecko/20100101 Firefox/142.0	directus_collections	languages	http://10.0.20.3:8055
489	update	c5e8bb40-50e6-4421-a26e-e3f1f5736aa4	2025-09-07 22:33:09.581-04	10.0.20.39	Mozilla/5.0 (Windows NT 10.0; Win64; x64; rv:142.0) Gecko/20100101 Firefox/142.0	directus_collections	navigation_translations	http://10.0.20.3:8055
490	update	c5e8bb40-50e6-4421-a26e-e3f1f5736aa4	2025-09-07 22:33:09.591-04	10.0.20.39	Mozilla/5.0 (Windows NT 10.0; Win64; x64; rv:142.0) Gecko/20100101 Firefox/142.0	directus_collections	pages	http://10.0.20.3:8055
491	update	c5e8bb40-50e6-4421-a26e-e3f1f5736aa4	2025-09-07 22:33:09.6-04	10.0.20.39	Mozilla/5.0 (Windows NT 10.0; Win64; x64; rv:142.0) Gecko/20100101 Firefox/142.0	directus_collections	pages_translations	http://10.0.20.3:8055
492	update	c5e8bb40-50e6-4421-a26e-e3f1f5736aa4	2025-09-07 22:33:09.609-04	10.0.20.39	Mozilla/5.0 (Windows NT 10.0; Win64; x64; rv:142.0) Gecko/20100101 Firefox/142.0	directus_collections	hero_translations	http://10.0.20.3:8055
493	update	c5e8bb40-50e6-4421-a26e-e3f1f5736aa4	2025-09-07 22:33:09.619-04	10.0.20.39	Mozilla/5.0 (Windows NT 10.0; Win64; x64; rv:142.0) Gecko/20100101 Firefox/142.0	directus_collections	Landing_Page	http://10.0.20.3:8055
494	update	c5e8bb40-50e6-4421-a26e-e3f1f5736aa4	2025-09-07 22:33:09.626-04	10.0.20.39	Mozilla/5.0 (Windows NT 10.0; Win64; x64; rv:142.0) Gecko/20100101 Firefox/142.0	directus_collections	Menus	http://10.0.20.3:8055
495	update	c5e8bb40-50e6-4421-a26e-e3f1f5736aa4	2025-09-07 22:33:16.142-04	10.0.20.39	Mozilla/5.0 (Windows NT 10.0; Win64; x64; rv:142.0) Gecko/20100101 Firefox/142.0	directus_collections	company	http://10.0.20.3:8055
497	update	c5e8bb40-50e6-4421-a26e-e3f1f5736aa4	2025-09-07 22:33:16.151-04	10.0.20.39	Mozilla/5.0 (Windows NT 10.0; Win64; x64; rv:142.0) Gecko/20100101 Firefox/142.0	directus_collections	company_translations	http://10.0.20.3:8055
498	update	c5e8bb40-50e6-4421-a26e-e3f1f5736aa4	2025-09-07 22:33:16.159-04	10.0.20.39	Mozilla/5.0 (Windows NT 10.0; Win64; x64; rv:142.0) Gecko/20100101 Firefox/142.0	directus_collections	languages	http://10.0.20.3:8055
499	update	c5e8bb40-50e6-4421-a26e-e3f1f5736aa4	2025-09-07 22:33:16.166-04	10.0.20.39	Mozilla/5.0 (Windows NT 10.0; Win64; x64; rv:142.0) Gecko/20100101 Firefox/142.0	directus_collections	navigation_translations	http://10.0.20.3:8055
500	update	c5e8bb40-50e6-4421-a26e-e3f1f5736aa4	2025-09-07 22:33:16.176-04	10.0.20.39	Mozilla/5.0 (Windows NT 10.0; Win64; x64; rv:142.0) Gecko/20100101 Firefox/142.0	directus_collections	pages	http://10.0.20.3:8055
501	update	c5e8bb40-50e6-4421-a26e-e3f1f5736aa4	2025-09-07 22:33:16.185-04	10.0.20.39	Mozilla/5.0 (Windows NT 10.0; Win64; x64; rv:142.0) Gecko/20100101 Firefox/142.0	directus_collections	pages_translations	http://10.0.20.3:8055
502	update	c5e8bb40-50e6-4421-a26e-e3f1f5736aa4	2025-09-07 22:33:16.193-04	10.0.20.39	Mozilla/5.0 (Windows NT 10.0; Win64; x64; rv:142.0) Gecko/20100101 Firefox/142.0	directus_collections	Landing_Page	http://10.0.20.3:8055
503	update	c5e8bb40-50e6-4421-a26e-e3f1f5736aa4	2025-09-07 22:33:16.201-04	10.0.20.39	Mozilla/5.0 (Windows NT 10.0; Win64; x64; rv:142.0) Gecko/20100101 Firefox/142.0	directus_collections	Menus	http://10.0.20.3:8055
504	update	c5e8bb40-50e6-4421-a26e-e3f1f5736aa4	2025-09-07 22:33:19.579-04	10.0.20.39	Mozilla/5.0 (Windows NT 10.0; Win64; x64; rv:142.0) Gecko/20100101 Firefox/142.0	directus_collections	pages_translations	http://10.0.20.3:8055
513	update	c5e8bb40-50e6-4421-a26e-e3f1f5736aa4	2025-09-07 22:33:25.943-04	10.0.20.39	Mozilla/5.0 (Windows NT 10.0; Win64; x64; rv:142.0) Gecko/20100101 Firefox/142.0	directus_collections	company	http://10.0.20.3:8055
514	update	c5e8bb40-50e6-4421-a26e-e3f1f5736aa4	2025-09-07 22:33:25.95-04	10.0.20.39	Mozilla/5.0 (Windows NT 10.0; Win64; x64; rv:142.0) Gecko/20100101 Firefox/142.0	directus_collections	company_translations	http://10.0.20.3:8055
515	update	c5e8bb40-50e6-4421-a26e-e3f1f5736aa4	2025-09-07 22:33:25.959-04	10.0.20.39	Mozilla/5.0 (Windows NT 10.0; Win64; x64; rv:142.0) Gecko/20100101 Firefox/142.0	directus_collections	languages	http://10.0.20.3:8055
516	update	c5e8bb40-50e6-4421-a26e-e3f1f5736aa4	2025-09-07 22:33:25.97-04	10.0.20.39	Mozilla/5.0 (Windows NT 10.0; Win64; x64; rv:142.0) Gecko/20100101 Firefox/142.0	directus_collections	pages	http://10.0.20.3:8055
517	update	c5e8bb40-50e6-4421-a26e-e3f1f5736aa4	2025-09-07 22:33:25.979-04	10.0.20.39	Mozilla/5.0 (Windows NT 10.0; Win64; x64; rv:142.0) Gecko/20100101 Firefox/142.0	directus_collections	Landing_Page	http://10.0.20.3:8055
518	update	c5e8bb40-50e6-4421-a26e-e3f1f5736aa4	2025-09-07 22:33:25.986-04	10.0.20.39	Mozilla/5.0 (Windows NT 10.0; Win64; x64; rv:142.0) Gecko/20100101 Firefox/142.0	directus_collections	Menus	http://10.0.20.3:8055
519	create	c5e8bb40-50e6-4421-a26e-e3f1f5736aa4	2025-09-07 22:33:46.935-04	10.0.20.39	Mozilla/5.0 (Windows NT 10.0; Win64; x64; rv:142.0) Gecko/20100101 Firefox/142.0	directus_collections	General_Settings	http://10.0.20.3:8055
520	update	c5e8bb40-50e6-4421-a26e-e3f1f5736aa4	2025-09-07 22:33:54.449-04	10.0.20.39	Mozilla/5.0 (Windows NT 10.0; Win64; x64; rv:142.0) Gecko/20100101 Firefox/142.0	directus_collections	company	http://10.0.20.3:8055
528	update	c5e8bb40-50e6-4421-a26e-e3f1f5736aa4	2025-09-07 22:33:59.495-04	10.0.20.39	Mozilla/5.0 (Windows NT 10.0; Win64; x64; rv:142.0) Gecko/20100101 Firefox/142.0	directus_collections	company_translations	http://10.0.20.3:8055
529	update	c5e8bb40-50e6-4421-a26e-e3f1f5736aa4	2025-09-07 22:33:59.504-04	10.0.20.39	Mozilla/5.0 (Windows NT 10.0; Win64; x64; rv:142.0) Gecko/20100101 Firefox/142.0	directus_collections	pages	http://10.0.20.3:8055
530	update	c5e8bb40-50e6-4421-a26e-e3f1f5736aa4	2025-09-07 22:33:59.511-04	10.0.20.39	Mozilla/5.0 (Windows NT 10.0; Win64; x64; rv:142.0) Gecko/20100101 Firefox/142.0	directus_collections	Landing_Page	http://10.0.20.3:8055
531	update	c5e8bb40-50e6-4421-a26e-e3f1f5736aa4	2025-09-07 22:33:59.518-04	10.0.20.39	Mozilla/5.0 (Windows NT 10.0; Win64; x64; rv:142.0) Gecko/20100101 Firefox/142.0	directus_collections	Menus	http://10.0.20.3:8055
532	update	c5e8bb40-50e6-4421-a26e-e3f1f5736aa4	2025-09-07 22:33:59.53-04	10.0.20.39	Mozilla/5.0 (Windows NT 10.0; Win64; x64; rv:142.0) Gecko/20100101 Firefox/142.0	directus_collections	General_Settings	http://10.0.20.3:8055
533	update	c5e8bb40-50e6-4421-a26e-e3f1f5736aa4	2025-09-07 22:34:06.098-04	10.0.20.39	Mozilla/5.0 (Windows NT 10.0; Win64; x64; rv:142.0) Gecko/20100101 Firefox/142.0	directus_collections	languages	http://10.0.20.3:8055
534	update	c5e8bb40-50e6-4421-a26e-e3f1f5736aa4	2025-09-07 22:34:09.077-04	10.0.20.39	Mozilla/5.0 (Windows NT 10.0; Win64; x64; rv:142.0) Gecko/20100101 Firefox/142.0	directus_collections	company_translations	http://10.0.20.3:8055
535	update	c5e8bb40-50e6-4421-a26e-e3f1f5736aa4	2025-09-07 22:34:09.085-04	10.0.20.39	Mozilla/5.0 (Windows NT 10.0; Win64; x64; rv:142.0) Gecko/20100101 Firefox/142.0	directus_collections	pages	http://10.0.20.3:8055
536	update	c5e8bb40-50e6-4421-a26e-e3f1f5736aa4	2025-09-07 22:34:09.092-04	10.0.20.39	Mozilla/5.0 (Windows NT 10.0; Win64; x64; rv:142.0) Gecko/20100101 Firefox/142.0	directus_collections	Landing_Page	http://10.0.20.3:8055
537	update	c5e8bb40-50e6-4421-a26e-e3f1f5736aa4	2025-09-07 22:34:09.1-04	10.0.20.39	Mozilla/5.0 (Windows NT 10.0; Win64; x64; rv:142.0) Gecko/20100101 Firefox/142.0	directus_collections	Menus	http://10.0.20.3:8055
538	update	c5e8bb40-50e6-4421-a26e-e3f1f5736aa4	2025-09-07 22:34:09.107-04	10.0.20.39	Mozilla/5.0 (Windows NT 10.0; Win64; x64; rv:142.0) Gecko/20100101 Firefox/142.0	directus_collections	General_Settings	http://10.0.20.3:8055
539	update	c5e8bb40-50e6-4421-a26e-e3f1f5736aa4	2025-09-07 22:34:09.114-04	10.0.20.39	Mozilla/5.0 (Windows NT 10.0; Win64; x64; rv:142.0) Gecko/20100101 Firefox/142.0	directus_collections	languages	http://10.0.20.3:8055
541	update	c5e8bb40-50e6-4421-a26e-e3f1f5736aa4	2025-09-07 22:34:12.797-04	10.0.20.39	Mozilla/5.0 (Windows NT 10.0; Win64; x64; rv:142.0) Gecko/20100101 Firefox/142.0	directus_collections	languages	http://10.0.20.3:8055
543	update	c5e8bb40-50e6-4421-a26e-e3f1f5736aa4	2025-09-07 22:34:12.809-04	10.0.20.39	Mozilla/5.0 (Windows NT 10.0; Win64; x64; rv:142.0) Gecko/20100101 Firefox/142.0	directus_collections	company	http://10.0.20.3:8055
548	update	c5e8bb40-50e6-4421-a26e-e3f1f5736aa4	2025-09-07 22:34:37.626-04	10.0.20.39	Mozilla/5.0 (Windows NT 10.0; Win64; x64; rv:142.0) Gecko/20100101 Firefox/142.0	directus_collections	company	http://10.0.20.3:8055
550	update	c5e8bb40-50e6-4421-a26e-e3f1f5736aa4	2025-09-07 22:34:57.951-04	10.0.20.39	Mozilla/5.0 (Windows NT 10.0; Win64; x64; rv:142.0) Gecko/20100101 Firefox/142.0	directus_collections	company_translations	http://10.0.20.3:8055
496	update	c5e8bb40-50e6-4421-a26e-e3f1f5736aa4	2025-09-07 22:33:16.143-04	10.0.20.39	Mozilla/5.0 (Windows NT 10.0; Win64; x64; rv:142.0) Gecko/20100101 Firefox/142.0	directus_collections	hero_translations	http://10.0.20.3:8055
505	update	c5e8bb40-50e6-4421-a26e-e3f1f5736aa4	2025-09-07 22:33:19.58-04	10.0.20.39	Mozilla/5.0 (Windows NT 10.0; Win64; x64; rv:142.0) Gecko/20100101 Firefox/142.0	directus_collections	company	http://10.0.20.3:8055
506	update	c5e8bb40-50e6-4421-a26e-e3f1f5736aa4	2025-09-07 22:33:19.589-04	10.0.20.39	Mozilla/5.0 (Windows NT 10.0; Win64; x64; rv:142.0) Gecko/20100101 Firefox/142.0	directus_collections	company_translations	http://10.0.20.3:8055
507	update	c5e8bb40-50e6-4421-a26e-e3f1f5736aa4	2025-09-07 22:33:19.596-04	10.0.20.39	Mozilla/5.0 (Windows NT 10.0; Win64; x64; rv:142.0) Gecko/20100101 Firefox/142.0	directus_collections	languages	http://10.0.20.3:8055
508	update	c5e8bb40-50e6-4421-a26e-e3f1f5736aa4	2025-09-07 22:33:19.606-04	10.0.20.39	Mozilla/5.0 (Windows NT 10.0; Win64; x64; rv:142.0) Gecko/20100101 Firefox/142.0	directus_collections	navigation_translations	http://10.0.20.3:8055
509	update	c5e8bb40-50e6-4421-a26e-e3f1f5736aa4	2025-09-07 22:33:19.614-04	10.0.20.39	Mozilla/5.0 (Windows NT 10.0; Win64; x64; rv:142.0) Gecko/20100101 Firefox/142.0	directus_collections	pages	http://10.0.20.3:8055
510	update	c5e8bb40-50e6-4421-a26e-e3f1f5736aa4	2025-09-07 22:33:19.623-04	10.0.20.39	Mozilla/5.0 (Windows NT 10.0; Win64; x64; rv:142.0) Gecko/20100101 Firefox/142.0	directus_collections	Landing_Page	http://10.0.20.3:8055
511	update	c5e8bb40-50e6-4421-a26e-e3f1f5736aa4	2025-09-07 22:33:19.63-04	10.0.20.39	Mozilla/5.0 (Windows NT 10.0; Win64; x64; rv:142.0) Gecko/20100101 Firefox/142.0	directus_collections	Menus	http://10.0.20.3:8055
512	update	c5e8bb40-50e6-4421-a26e-e3f1f5736aa4	2025-09-07 22:33:25.942-04	10.0.20.39	Mozilla/5.0 (Windows NT 10.0; Win64; x64; rv:142.0) Gecko/20100101 Firefox/142.0	directus_collections	navigation_translations	http://10.0.20.3:8055
521	update	c5e8bb40-50e6-4421-a26e-e3f1f5736aa4	2025-09-07 22:33:54.449-04	10.0.20.39	Mozilla/5.0 (Windows NT 10.0; Win64; x64; rv:142.0) Gecko/20100101 Firefox/142.0	directus_collections	company_translations	http://10.0.20.3:8055
522	update	c5e8bb40-50e6-4421-a26e-e3f1f5736aa4	2025-09-07 22:33:54.458-04	10.0.20.39	Mozilla/5.0 (Windows NT 10.0; Win64; x64; rv:142.0) Gecko/20100101 Firefox/142.0	directus_collections	languages	http://10.0.20.3:8055
523	update	c5e8bb40-50e6-4421-a26e-e3f1f5736aa4	2025-09-07 22:33:54.465-04	10.0.20.39	Mozilla/5.0 (Windows NT 10.0; Win64; x64; rv:142.0) Gecko/20100101 Firefox/142.0	directus_collections	pages	http://10.0.20.3:8055
524	update	c5e8bb40-50e6-4421-a26e-e3f1f5736aa4	2025-09-07 22:33:54.472-04	10.0.20.39	Mozilla/5.0 (Windows NT 10.0; Win64; x64; rv:142.0) Gecko/20100101 Firefox/142.0	directus_collections	Landing_Page	http://10.0.20.3:8055
525	update	c5e8bb40-50e6-4421-a26e-e3f1f5736aa4	2025-09-07 22:33:54.481-04	10.0.20.39	Mozilla/5.0 (Windows NT 10.0; Win64; x64; rv:142.0) Gecko/20100101 Firefox/142.0	directus_collections	Menus	http://10.0.20.3:8055
526	update	c5e8bb40-50e6-4421-a26e-e3f1f5736aa4	2025-09-07 22:33:54.491-04	10.0.20.39	Mozilla/5.0 (Windows NT 10.0; Win64; x64; rv:142.0) Gecko/20100101 Firefox/142.0	directus_collections	General_Settings	http://10.0.20.3:8055
527	update	c5e8bb40-50e6-4421-a26e-e3f1f5736aa4	2025-09-07 22:33:59.495-04	10.0.20.39	Mozilla/5.0 (Windows NT 10.0; Win64; x64; rv:142.0) Gecko/20100101 Firefox/142.0	directus_collections	languages	http://10.0.20.3:8055
540	update	c5e8bb40-50e6-4421-a26e-e3f1f5736aa4	2025-09-07 22:34:12.796-04	10.0.20.39	Mozilla/5.0 (Windows NT 10.0; Win64; x64; rv:142.0) Gecko/20100101 Firefox/142.0	directus_collections	company_translations	http://10.0.20.3:8055
542	update	c5e8bb40-50e6-4421-a26e-e3f1f5736aa4	2025-09-07 22:34:12.805-04	10.0.20.39	Mozilla/5.0 (Windows NT 10.0; Win64; x64; rv:142.0) Gecko/20100101 Firefox/142.0	directus_collections	pages	http://10.0.20.3:8055
544	update	c5e8bb40-50e6-4421-a26e-e3f1f5736aa4	2025-09-07 22:34:12.814-04	10.0.20.39	Mozilla/5.0 (Windows NT 10.0; Win64; x64; rv:142.0) Gecko/20100101 Firefox/142.0	directus_collections	Landing_Page	http://10.0.20.3:8055
545	update	c5e8bb40-50e6-4421-a26e-e3f1f5736aa4	2025-09-07 22:34:12.822-04	10.0.20.39	Mozilla/5.0 (Windows NT 10.0; Win64; x64; rv:142.0) Gecko/20100101 Firefox/142.0	directus_collections	Menus	http://10.0.20.3:8055
546	update	c5e8bb40-50e6-4421-a26e-e3f1f5736aa4	2025-09-07 22:34:12.829-04	10.0.20.39	Mozilla/5.0 (Windows NT 10.0; Win64; x64; rv:142.0) Gecko/20100101 Firefox/142.0	directus_collections	General_Settings	http://10.0.20.3:8055
547	update	c5e8bb40-50e6-4421-a26e-e3f1f5736aa4	2025-09-07 22:34:23.613-04	10.0.20.39	Mozilla/5.0 (Windows NT 10.0; Win64; x64; rv:142.0) Gecko/20100101 Firefox/142.0	directus_collections	languages	http://10.0.20.3:8055
549	update	c5e8bb40-50e6-4421-a26e-e3f1f5736aa4	2025-09-07 22:34:57.95-04	10.0.20.39	Mozilla/5.0 (Windows NT 10.0; Win64; x64; rv:142.0) Gecko/20100101 Firefox/142.0	directus_collections	pages	http://10.0.20.3:8055
551	update	c5e8bb40-50e6-4421-a26e-e3f1f5736aa4	2025-09-07 22:34:57.962-04	10.0.20.39	Mozilla/5.0 (Windows NT 10.0; Win64; x64; rv:142.0) Gecko/20100101 Firefox/142.0	directus_collections	Landing_Page	http://10.0.20.3:8055
552	update	c5e8bb40-50e6-4421-a26e-e3f1f5736aa4	2025-09-07 22:34:57.97-04	10.0.20.39	Mozilla/5.0 (Windows NT 10.0; Win64; x64; rv:142.0) Gecko/20100101 Firefox/142.0	directus_collections	Menus	http://10.0.20.3:8055
553	update	c5e8bb40-50e6-4421-a26e-e3f1f5736aa4	2025-09-07 22:34:57.977-04	10.0.20.39	Mozilla/5.0 (Windows NT 10.0; Win64; x64; rv:142.0) Gecko/20100101 Firefox/142.0	directus_collections	General_Settings	http://10.0.20.3:8055
554	create	c5e8bb40-50e6-4421-a26e-e3f1f5736aa4	2025-09-07 22:40:05.832-04	10.0.20.39	Mozilla/5.0 (Windows NT 10.0; Win64; x64; rv:142.0) Gecko/20100101 Firefox/142.0	navigation_translations	25	http://10.0.20.3:8055
555	create	c5e8bb40-50e6-4421-a26e-e3f1f5736aa4	2025-09-07 22:40:05.838-04	10.0.20.39	Mozilla/5.0 (Windows NT 10.0; Win64; x64; rv:142.0) Gecko/20100101 Firefox/142.0	navigation_translations	26	http://10.0.20.3:8055
556	create	c5e8bb40-50e6-4421-a26e-e3f1f5736aa4	2025-09-07 22:40:05.842-04	10.0.20.39	Mozilla/5.0 (Windows NT 10.0; Win64; x64; rv:142.0) Gecko/20100101 Firefox/142.0	navigation_translations	27	http://10.0.20.3:8055
557	create	c5e8bb40-50e6-4421-a26e-e3f1f5736aa4	2025-09-07 22:40:05.847-04	10.0.20.39	Mozilla/5.0 (Windows NT 10.0; Win64; x64; rv:142.0) Gecko/20100101 Firefox/142.0	navigation_translations	28	http://10.0.20.3:8055
558	create	c5e8bb40-50e6-4421-a26e-e3f1f5736aa4	2025-09-07 22:40:05.851-04	10.0.20.39	Mozilla/5.0 (Windows NT 10.0; Win64; x64; rv:142.0) Gecko/20100101 Firefox/142.0	navigation	7	http://10.0.20.3:8055
559	create	c5e8bb40-50e6-4421-a26e-e3f1f5736aa4	2025-09-07 22:45:52.374-04	10.0.20.39	Mozilla/5.0 (Windows NT 10.0; Win64; x64; rv:142.0) Gecko/20100101 Firefox/142.0	directus_fields	80	http://10.0.20.3:8055
560	create	c5e8bb40-50e6-4421-a26e-e3f1f5736aa4	2025-09-07 22:46:31.425-04	10.0.20.39	Mozilla/5.0 (Windows NT 10.0; Win64; x64; rv:142.0) Gecko/20100101 Firefox/142.0	directus_fields	81	http://10.0.20.3:8055
561	delete	c5e8bb40-50e6-4421-a26e-e3f1f5736aa4	2025-09-07 22:46:48.004-04	10.0.20.39	Mozilla/5.0 (Windows NT 10.0; Win64; x64; rv:142.0) Gecko/20100101 Firefox/142.0	directus_fields	80	http://10.0.20.3:8055
562	create	c5e8bb40-50e6-4421-a26e-e3f1f5736aa4	2025-09-07 22:46:56.221-04	10.0.20.39	Mozilla/5.0 (Windows NT 10.0; Win64; x64; rv:142.0) Gecko/20100101 Firefox/142.0	directus_fields	82	http://10.0.20.3:8055
563	update	c5e8bb40-50e6-4421-a26e-e3f1f5736aa4	2025-09-07 22:47:00.418-04	10.0.20.39	Mozilla/5.0 (Windows NT 10.0; Win64; x64; rv:142.0) Gecko/20100101 Firefox/142.0	directus_fields	74	http://10.0.20.3:8055
564	update	c5e8bb40-50e6-4421-a26e-e3f1f5736aa4	2025-09-07 22:47:00.429-04	10.0.20.39	Mozilla/5.0 (Windows NT 10.0; Win64; x64; rv:142.0) Gecko/20100101 Firefox/142.0	directus_fields	75	http://10.0.20.3:8055
565	update	c5e8bb40-50e6-4421-a26e-e3f1f5736aa4	2025-09-07 22:47:00.44-04	10.0.20.39	Mozilla/5.0 (Windows NT 10.0; Win64; x64; rv:142.0) Gecko/20100101 Firefox/142.0	directus_fields	76	http://10.0.20.3:8055
566	update	c5e8bb40-50e6-4421-a26e-e3f1f5736aa4	2025-09-07 22:47:00.451-04	10.0.20.39	Mozilla/5.0 (Windows NT 10.0; Win64; x64; rv:142.0) Gecko/20100101 Firefox/142.0	directus_fields	82	http://10.0.20.3:8055
567	update	c5e8bb40-50e6-4421-a26e-e3f1f5736aa4	2025-09-07 22:47:00.461-04	10.0.20.39	Mozilla/5.0 (Windows NT 10.0; Win64; x64; rv:142.0) Gecko/20100101 Firefox/142.0	directus_fields	81	http://10.0.20.3:8055
568	create	c5e8bb40-50e6-4421-a26e-e3f1f5736aa4	2025-09-07 22:47:43.048-04	10.0.20.39	Mozilla/5.0 (Windows NT 10.0; Win64; x64; rv:142.0) Gecko/20100101 Firefox/142.0	directus_fields	83	http://10.0.20.3:8055
569	create	c5e8bb40-50e6-4421-a26e-e3f1f5736aa4	2025-09-07 22:48:31.676-04	10.0.20.39	Mozilla/5.0 (Windows NT 10.0; Win64; x64; rv:142.0) Gecko/20100101 Firefox/142.0	directus_fields	84	http://10.0.20.3:8055
570	delete	c5e8bb40-50e6-4421-a26e-e3f1f5736aa4	2025-09-07 22:48:36.078-04	10.0.20.39	Mozilla/5.0 (Windows NT 10.0; Win64; x64; rv:142.0) Gecko/20100101 Firefox/142.0	directus_fields	77	http://10.0.20.3:8055
571	update	c5e8bb40-50e6-4421-a26e-e3f1f5736aa4	2025-09-07 22:49:00.23-04	10.0.20.39	Mozilla/5.0 (Windows NT 10.0; Win64; x64; rv:142.0) Gecko/20100101 Firefox/142.0	navigation	6	http://10.0.20.3:8055
572	update	c5e8bb40-50e6-4421-a26e-e3f1f5736aa4	2025-09-07 22:49:14.608-04	10.0.20.39	Mozilla/5.0 (Windows NT 10.0; Win64; x64; rv:142.0) Gecko/20100101 Firefox/142.0	navigation	7	http://10.0.20.3:8055
573	update	c5e8bb40-50e6-4421-a26e-e3f1f5736aa4	2025-09-07 22:56:38.914-04	10.0.20.39	Mozilla/5.0 (Windows NT 10.0; Win64; x64; rv:142.0) Gecko/20100101 Firefox/142.0	directus_collections	pages	http://10.0.20.3:8055
574	update	c5e8bb40-50e6-4421-a26e-e3f1f5736aa4	2025-09-07 22:56:38.923-04	10.0.20.39	Mozilla/5.0 (Windows NT 10.0; Win64; x64; rv:142.0) Gecko/20100101 Firefox/142.0	directus_collections	Landing_Page	http://10.0.20.3:8055
575	update	c5e8bb40-50e6-4421-a26e-e3f1f5736aa4	2025-09-07 22:56:38.931-04	10.0.20.39	Mozilla/5.0 (Windows NT 10.0; Win64; x64; rv:142.0) Gecko/20100101 Firefox/142.0	directus_collections	hero_translations	http://10.0.20.3:8055
576	update	c5e8bb40-50e6-4421-a26e-e3f1f5736aa4	2025-09-07 22:56:38.937-04	10.0.20.39	Mozilla/5.0 (Windows NT 10.0; Win64; x64; rv:142.0) Gecko/20100101 Firefox/142.0	directus_collections	Menus	http://10.0.20.3:8055
577	update	c5e8bb40-50e6-4421-a26e-e3f1f5736aa4	2025-09-07 22:56:38.945-04	10.0.20.39	Mozilla/5.0 (Windows NT 10.0; Win64; x64; rv:142.0) Gecko/20100101 Firefox/142.0	directus_collections	General_Settings	http://10.0.20.3:8055
578	update	c5e8bb40-50e6-4421-a26e-e3f1f5736aa4	2025-09-07 22:56:45.073-04	10.0.20.39	Mozilla/5.0 (Windows NT 10.0; Win64; x64; rv:142.0) Gecko/20100101 Firefox/142.0	directus_collections	pages	http://10.0.20.3:8055
579	update	c5e8bb40-50e6-4421-a26e-e3f1f5736aa4	2025-09-07 22:56:45.074-04	10.0.20.39	Mozilla/5.0 (Windows NT 10.0; Win64; x64; rv:142.0) Gecko/20100101 Firefox/142.0	directus_collections	hero_translations	http://10.0.20.3:8055
580	update	c5e8bb40-50e6-4421-a26e-e3f1f5736aa4	2025-09-07 22:56:45.081-04	10.0.20.39	Mozilla/5.0 (Windows NT 10.0; Win64; x64; rv:142.0) Gecko/20100101 Firefox/142.0	directus_collections	Landing_Page	http://10.0.20.3:8055
581	update	c5e8bb40-50e6-4421-a26e-e3f1f5736aa4	2025-09-07 22:56:45.086-04	10.0.20.39	Mozilla/5.0 (Windows NT 10.0; Win64; x64; rv:142.0) Gecko/20100101 Firefox/142.0	directus_collections	hero	http://10.0.20.3:8055
582	update	c5e8bb40-50e6-4421-a26e-e3f1f5736aa4	2025-09-07 22:56:45.091-04	10.0.20.39	Mozilla/5.0 (Windows NT 10.0; Win64; x64; rv:142.0) Gecko/20100101 Firefox/142.0	directus_collections	Menus	http://10.0.20.3:8055
583	update	c5e8bb40-50e6-4421-a26e-e3f1f5736aa4	2025-09-07 22:56:45.098-04	10.0.20.39	Mozilla/5.0 (Windows NT 10.0; Win64; x64; rv:142.0) Gecko/20100101 Firefox/142.0	directus_collections	General_Settings	http://10.0.20.3:8055
584	update	c5e8bb40-50e6-4421-a26e-e3f1f5736aa4	2025-09-07 22:57:41.969-04	10.0.20.39	Mozilla/5.0 (Windows NT 10.0; Win64; x64; rv:142.0) Gecko/20100101 Firefox/142.0	directus_fields	73	http://10.0.20.3:8055
585	update	c5e8bb40-50e6-4421-a26e-e3f1f5736aa4	2025-09-07 22:58:26.377-04	10.0.20.39	Mozilla/5.0 (Windows NT 10.0; Win64; x64; rv:142.0) Gecko/20100101 Firefox/142.0	directus_fields	73	http://10.0.20.3:8055
586	create	c5e8bb40-50e6-4421-a26e-e3f1f5736aa4	2025-09-07 23:04:38.838-04	10.0.20.39	Mozilla/5.0 (Windows NT 10.0; Win64; x64; rv:142.0) Gecko/20100101 Firefox/142.0	hero_translations	1	http://10.0.20.3:8055
587	create	c5e8bb40-50e6-4421-a26e-e3f1f5736aa4	2025-09-07 23:04:38.844-04	10.0.20.39	Mozilla/5.0 (Windows NT 10.0; Win64; x64; rv:142.0) Gecko/20100101 Firefox/142.0	hero_translations	2	http://10.0.20.3:8055
588	create	c5e8bb40-50e6-4421-a26e-e3f1f5736aa4	2025-09-07 23:04:38.85-04	10.0.20.39	Mozilla/5.0 (Windows NT 10.0; Win64; x64; rv:142.0) Gecko/20100101 Firefox/142.0	hero_translations	3	http://10.0.20.3:8055
589	create	c5e8bb40-50e6-4421-a26e-e3f1f5736aa4	2025-09-07 23:04:38.858-04	10.0.20.39	Mozilla/5.0 (Windows NT 10.0; Win64; x64; rv:142.0) Gecko/20100101 Firefox/142.0	hero_translations	4	http://10.0.20.3:8055
590	create	c5e8bb40-50e6-4421-a26e-e3f1f5736aa4	2025-09-07 23:04:38.862-04	10.0.20.39	Mozilla/5.0 (Windows NT 10.0; Win64; x64; rv:142.0) Gecko/20100101 Firefox/142.0	hero	1	http://10.0.20.3:8055
591	create	c5e8bb40-50e6-4421-a26e-e3f1f5736aa4	2025-09-07 23:04:56.36-04	10.0.20.39	Mozilla/5.0 (Windows NT 10.0; Win64; x64; rv:142.0) Gecko/20100101 Firefox/142.0	directus_fields	85	http://10.0.20.3:8055
592	update	c5e8bb40-50e6-4421-a26e-e3f1f5736aa4	2025-09-07 23:06:44.554-04	10.0.20.39	Mozilla/5.0 (Windows NT 10.0; Win64; x64; rv:142.0) Gecko/20100101 Firefox/142.0	hero_translations	1	http://10.0.20.3:8055
593	update	c5e8bb40-50e6-4421-a26e-e3f1f5736aa4	2025-09-07 23:06:44.563-04	10.0.20.39	Mozilla/5.0 (Windows NT 10.0; Win64; x64; rv:142.0) Gecko/20100101 Firefox/142.0	hero_translations	3	http://10.0.20.3:8055
594	update	c5e8bb40-50e6-4421-a26e-e3f1f5736aa4	2025-09-07 23:06:44.57-04	10.0.20.39	Mozilla/5.0 (Windows NT 10.0; Win64; x64; rv:142.0) Gecko/20100101 Firefox/142.0	hero_translations	4	http://10.0.20.3:8055
595	update	c5e8bb40-50e6-4421-a26e-e3f1f5736aa4	2025-09-07 23:06:44.578-04	10.0.20.39	Mozilla/5.0 (Windows NT 10.0; Win64; x64; rv:142.0) Gecko/20100101 Firefox/142.0	hero_translations	2	http://10.0.20.3:8055
596	update	c5e8bb40-50e6-4421-a26e-e3f1f5736aa4	2025-09-07 23:06:44.583-04	10.0.20.39	Mozilla/5.0 (Windows NT 10.0; Win64; x64; rv:142.0) Gecko/20100101 Firefox/142.0	hero	1	http://10.0.20.3:8055
597	update	c5e8bb40-50e6-4421-a26e-e3f1f5736aa4	2025-09-07 23:06:49.369-04	10.0.20.39	Mozilla/5.0 (Windows NT 10.0; Win64; x64; rv:142.0) Gecko/20100101 Firefox/142.0	hero	1	http://10.0.20.3:8055
598	create	c5e8bb40-50e6-4421-a26e-e3f1f5736aa4	2025-09-07 23:13:38.123-04	10.0.20.39	Mozilla/5.0 (Windows NT 10.0; Win64; x64; rv:142.0) Gecko/20100101 Firefox/142.0	directus_fields	86	http://10.0.20.3:8055
599	update	c5e8bb40-50e6-4421-a26e-e3f1f5736aa4	2025-09-07 23:14:37.094-04	10.0.20.39	Mozilla/5.0 (Windows NT 10.0; Win64; x64; rv:142.0) Gecko/20100101 Firefox/142.0	pages	2e499703-c9d0-4471-ba16-9604a64b37f1	http://10.0.20.3:8055
600	create	c5e8bb40-50e6-4421-a26e-e3f1f5736aa4	2025-09-07 23:16:19.47-04	10.0.20.39	Mozilla/5.0 (Windows NT 10.0; Win64; x64; rv:142.0) Gecko/20100101 Firefox/142.0	directus_files	1fb1f6b8-ba4d-4301-8a72-decb8dd89c71	http://10.0.20.3:8055
601	update	c5e8bb40-50e6-4421-a26e-e3f1f5736aa4	2025-09-07 23:16:23.968-04	10.0.20.39	Mozilla/5.0 (Windows NT 10.0; Win64; x64; rv:142.0) Gecko/20100101 Firefox/142.0	company	1	http://10.0.20.3:8055
602	create	c5e8bb40-50e6-4421-a26e-e3f1f5736aa4	2025-09-07 23:24:02.883-04	10.0.20.39	Mozilla/5.0 (Windows NT 10.0; Win64; x64; rv:142.0) Gecko/20100101 Firefox/142.0	directus_permissions	28	http://10.0.20.3:8055
603	update	c5e8bb40-50e6-4421-a26e-e3f1f5736aa4	2025-09-07 23:24:02.888-04	10.0.20.39	Mozilla/5.0 (Windows NT 10.0; Win64; x64; rv:142.0) Gecko/20100101 Firefox/142.0	directus_policies	abf8a154-5b1c-4a46-ac9c-7300570f4f17	http://10.0.20.3:8055
604	create	c5e8bb40-50e6-4421-a26e-e3f1f5736aa4	2025-09-07 23:24:55.987-04	10.0.20.39	Mozilla/5.0 (Windows NT 10.0; Win64; x64; rv:142.0) Gecko/20100101 Firefox/142.0	directus_fields	87	http://10.0.20.3:8055
605	update	c5e8bb40-50e6-4421-a26e-e3f1f5736aa4	2025-09-07 23:25:00.857-04	10.0.20.39	Mozilla/5.0 (Windows NT 10.0; Win64; x64; rv:142.0) Gecko/20100101 Firefox/142.0	directus_fields	47	http://10.0.20.3:8055
606	update	c5e8bb40-50e6-4421-a26e-e3f1f5736aa4	2025-09-07 23:25:00.867-04	10.0.20.39	Mozilla/5.0 (Windows NT 10.0; Win64; x64; rv:142.0) Gecko/20100101 Firefox/142.0	directus_fields	48	http://10.0.20.3:8055
607	update	c5e8bb40-50e6-4421-a26e-e3f1f5736aa4	2025-09-07 23:25:00.88-04	10.0.20.39	Mozilla/5.0 (Windows NT 10.0; Win64; x64; rv:142.0) Gecko/20100101 Firefox/142.0	directus_fields	49	http://10.0.20.3:8055
608	update	c5e8bb40-50e6-4421-a26e-e3f1f5736aa4	2025-09-07 23:25:00.89-04	10.0.20.39	Mozilla/5.0 (Windows NT 10.0; Win64; x64; rv:142.0) Gecko/20100101 Firefox/142.0	directus_fields	50	http://10.0.20.3:8055
609	update	c5e8bb40-50e6-4421-a26e-e3f1f5736aa4	2025-09-07 23:25:00.9-04	10.0.20.39	Mozilla/5.0 (Windows NT 10.0; Win64; x64; rv:142.0) Gecko/20100101 Firefox/142.0	directus_fields	51	http://10.0.20.3:8055
610	update	c5e8bb40-50e6-4421-a26e-e3f1f5736aa4	2025-09-07 23:25:00.91-04	10.0.20.39	Mozilla/5.0 (Windows NT 10.0; Win64; x64; rv:142.0) Gecko/20100101 Firefox/142.0	directus_fields	60	http://10.0.20.3:8055
611	update	c5e8bb40-50e6-4421-a26e-e3f1f5736aa4	2025-09-07 23:25:00.923-04	10.0.20.39	Mozilla/5.0 (Windows NT 10.0; Win64; x64; rv:142.0) Gecko/20100101 Firefox/142.0	directus_fields	52	http://10.0.20.3:8055
612	update	c5e8bb40-50e6-4421-a26e-e3f1f5736aa4	2025-09-07 23:25:00.933-04	10.0.20.39	Mozilla/5.0 (Windows NT 10.0; Win64; x64; rv:142.0) Gecko/20100101 Firefox/142.0	directus_fields	87	http://10.0.20.3:8055
613	update	c5e8bb40-50e6-4421-a26e-e3f1f5736aa4	2025-09-07 23:25:00.945-04	10.0.20.39	Mozilla/5.0 (Windows NT 10.0; Win64; x64; rv:142.0) Gecko/20100101 Firefox/142.0	directus_fields	59	http://10.0.20.3:8055
614	update	c5e8bb40-50e6-4421-a26e-e3f1f5736aa4	2025-09-07 23:25:00.955-04	10.0.20.39	Mozilla/5.0 (Windows NT 10.0; Win64; x64; rv:142.0) Gecko/20100101 Firefox/142.0	directus_fields	86	http://10.0.20.3:8055
615	update	c5e8bb40-50e6-4421-a26e-e3f1f5736aa4	2025-09-07 23:25:04.606-04	10.0.20.39	Mozilla/5.0 (Windows NT 10.0; Win64; x64; rv:142.0) Gecko/20100101 Firefox/142.0	directus_fields	87	http://10.0.20.3:8055
616	update	c5e8bb40-50e6-4421-a26e-e3f1f5736aa4	2025-09-07 23:25:19.213-04	10.0.20.39	Mozilla/5.0 (Windows NT 10.0; Win64; x64; rv:142.0) Gecko/20100101 Firefox/142.0	company	1	http://10.0.20.3:8055
617	create	c5e8bb40-50e6-4421-a26e-e3f1f5736aa4	2025-09-08 00:13:10.509-04	10.0.20.39	Mozilla/5.0 (Windows NT 10.0; Win64; x64; rv:142.0) Gecko/20100101 Firefox/142.0	directus_permissions	29	http://10.0.20.3:8055
618	create	c5e8bb40-50e6-4421-a26e-e3f1f5736aa4	2025-09-08 00:13:10.515-04	10.0.20.39	Mozilla/5.0 (Windows NT 10.0; Win64; x64; rv:142.0) Gecko/20100101 Firefox/142.0	directus_permissions	30	http://10.0.20.3:8055
619	update	c5e8bb40-50e6-4421-a26e-e3f1f5736aa4	2025-09-08 00:13:10.519-04	10.0.20.39	Mozilla/5.0 (Windows NT 10.0; Win64; x64; rv:142.0) Gecko/20100101 Firefox/142.0	directus_policies	abf8a154-5b1c-4a46-ac9c-7300570f4f17	http://10.0.20.3:8055
620	create	c5e8bb40-50e6-4421-a26e-e3f1f5736aa4	2025-09-08 00:14:38.48-04	10.0.20.39	Mozilla/5.0 (Windows NT 10.0; Win64; x64; rv:142.0) Gecko/20100101 Firefox/142.0	directus_fields	88	http://10.0.20.3:8055
621	update	c5e8bb40-50e6-4421-a26e-e3f1f5736aa4	2025-09-08 00:14:42.244-04	10.0.20.39	Mozilla/5.0 (Windows NT 10.0; Win64; x64; rv:142.0) Gecko/20100101 Firefox/142.0	directus_fields	74	http://10.0.20.3:8055
622	update	c5e8bb40-50e6-4421-a26e-e3f1f5736aa4	2025-09-08 00:14:42.255-04	10.0.20.39	Mozilla/5.0 (Windows NT 10.0; Win64; x64; rv:142.0) Gecko/20100101 Firefox/142.0	directus_fields	75	http://10.0.20.3:8055
623	update	c5e8bb40-50e6-4421-a26e-e3f1f5736aa4	2025-09-08 00:14:42.265-04	10.0.20.39	Mozilla/5.0 (Windows NT 10.0; Win64; x64; rv:142.0) Gecko/20100101 Firefox/142.0	directus_fields	76	http://10.0.20.3:8055
624	update	c5e8bb40-50e6-4421-a26e-e3f1f5736aa4	2025-09-08 00:14:42.277-04	10.0.20.39	Mozilla/5.0 (Windows NT 10.0; Win64; x64; rv:142.0) Gecko/20100101 Firefox/142.0	directus_fields	82	http://10.0.20.3:8055
625	update	c5e8bb40-50e6-4421-a26e-e3f1f5736aa4	2025-09-08 00:14:42.287-04	10.0.20.39	Mozilla/5.0 (Windows NT 10.0; Win64; x64; rv:142.0) Gecko/20100101 Firefox/142.0	directus_fields	88	http://10.0.20.3:8055
626	update	c5e8bb40-50e6-4421-a26e-e3f1f5736aa4	2025-09-08 00:14:42.297-04	10.0.20.39	Mozilla/5.0 (Windows NT 10.0; Win64; x64; rv:142.0) Gecko/20100101 Firefox/142.0	directus_fields	81	http://10.0.20.3:8055
627	update	c5e8bb40-50e6-4421-a26e-e3f1f5736aa4	2025-09-08 00:14:42.307-04	10.0.20.39	Mozilla/5.0 (Windows NT 10.0; Win64; x64; rv:142.0) Gecko/20100101 Firefox/142.0	directus_fields	83	http://10.0.20.3:8055
628	update	c5e8bb40-50e6-4421-a26e-e3f1f5736aa4	2025-09-08 00:14:42.317-04	10.0.20.39	Mozilla/5.0 (Windows NT 10.0; Win64; x64; rv:142.0) Gecko/20100101 Firefox/142.0	directus_fields	85	http://10.0.20.3:8055
629	update	c5e8bb40-50e6-4421-a26e-e3f1f5736aa4	2025-09-08 00:15:25.95-04	10.0.20.39	Mozilla/5.0 (Windows NT 10.0; Win64; x64; rv:142.0) Gecko/20100101 Firefox/142.0	hero_translations	1	http://10.0.20.3:8055
630	update	c5e8bb40-50e6-4421-a26e-e3f1f5736aa4	2025-09-08 00:15:25.958-04	10.0.20.39	Mozilla/5.0 (Windows NT 10.0; Win64; x64; rv:142.0) Gecko/20100101 Firefox/142.0	hero_translations	3	http://10.0.20.3:8055
631	update	c5e8bb40-50e6-4421-a26e-e3f1f5736aa4	2025-09-08 00:15:25.965-04	10.0.20.39	Mozilla/5.0 (Windows NT 10.0; Win64; x64; rv:142.0) Gecko/20100101 Firefox/142.0	hero_translations	2	http://10.0.20.3:8055
632	update	c5e8bb40-50e6-4421-a26e-e3f1f5736aa4	2025-09-08 00:15:25.973-04	10.0.20.39	Mozilla/5.0 (Windows NT 10.0; Win64; x64; rv:142.0) Gecko/20100101 Firefox/142.0	hero_translations	4	http://10.0.20.3:8055
633	update	c5e8bb40-50e6-4421-a26e-e3f1f5736aa4	2025-09-08 00:15:25.979-04	10.0.20.39	Mozilla/5.0 (Windows NT 10.0; Win64; x64; rv:142.0) Gecko/20100101 Firefox/142.0	hero	1	http://10.0.20.3:8055
634	update	c5e8bb40-50e6-4421-a26e-e3f1f5736aa4	2025-09-08 08:10:06.642-04	10.0.20.39	Mozilla/5.0 (Windows NT 10.0; Win64; x64; rv:142.0) Gecko/20100101 Firefox/142.0	directus_collections	hero	http://10.0.20.3:8055
635	create	c5e8bb40-50e6-4421-a26e-e3f1f5736aa4	2025-09-08 08:17:53.445-04	10.0.20.39	Mozilla/5.0 (Windows NT 10.0; Win64; x64; rv:142.0) Gecko/20100101 Firefox/142.0	directus_fields	89	http://10.0.20.3:8055
636	create	c5e8bb40-50e6-4421-a26e-e3f1f5736aa4	2025-09-08 08:17:53.451-04	10.0.20.39	Mozilla/5.0 (Windows NT 10.0; Win64; x64; rv:142.0) Gecko/20100101 Firefox/142.0	directus_fields	90	http://10.0.20.3:8055
637	create	c5e8bb40-50e6-4421-a26e-e3f1f5736aa4	2025-09-08 08:17:53.457-04	10.0.20.39	Mozilla/5.0 (Windows NT 10.0; Win64; x64; rv:142.0) Gecko/20100101 Firefox/142.0	directus_fields	91	http://10.0.20.3:8055
638	create	c5e8bb40-50e6-4421-a26e-e3f1f5736aa4	2025-09-08 08:17:53.462-04	10.0.20.39	Mozilla/5.0 (Windows NT 10.0; Win64; x64; rv:142.0) Gecko/20100101 Firefox/142.0	directus_fields	92	http://10.0.20.3:8055
639	create	c5e8bb40-50e6-4421-a26e-e3f1f5736aa4	2025-09-08 08:17:53.467-04	10.0.20.39	Mozilla/5.0 (Windows NT 10.0; Win64; x64; rv:142.0) Gecko/20100101 Firefox/142.0	directus_fields	93	http://10.0.20.3:8055
640	create	c5e8bb40-50e6-4421-a26e-e3f1f5736aa4	2025-09-08 08:17:53.473-04	10.0.20.39	Mozilla/5.0 (Windows NT 10.0; Win64; x64; rv:142.0) Gecko/20100101 Firefox/142.0	directus_fields	94	http://10.0.20.3:8055
641	create	c5e8bb40-50e6-4421-a26e-e3f1f5736aa4	2025-09-08 08:17:53.479-04	10.0.20.39	Mozilla/5.0 (Windows NT 10.0; Win64; x64; rv:142.0) Gecko/20100101 Firefox/142.0	directus_fields	95	http://10.0.20.3:8055
642	create	c5e8bb40-50e6-4421-a26e-e3f1f5736aa4	2025-09-08 08:17:53.484-04	10.0.20.39	Mozilla/5.0 (Windows NT 10.0; Win64; x64; rv:142.0) Gecko/20100101 Firefox/142.0	directus_collections	Trust_Logos	http://10.0.20.3:8055
643	create	c5e8bb40-50e6-4421-a26e-e3f1f5736aa4	2025-09-08 08:18:30.81-04	10.0.20.39	Mozilla/5.0 (Windows NT 10.0; Win64; x64; rv:142.0) Gecko/20100101 Firefox/142.0	directus_fields	96	http://10.0.20.3:8055
644	update	c5e8bb40-50e6-4421-a26e-e3f1f5736aa4	2025-09-08 08:24:02.644-04	10.0.20.39	Mozilla/5.0 (Windows NT 10.0; Win64; x64; rv:142.0) Gecko/20100101 Firefox/142.0	directus_collections	hero_translations	http://10.0.20.3:8055
645	update	c5e8bb40-50e6-4421-a26e-e3f1f5736aa4	2025-09-08 08:24:02.645-04	10.0.20.39	Mozilla/5.0 (Windows NT 10.0; Win64; x64; rv:142.0) Gecko/20100101 Firefox/142.0	directus_collections	pages	http://10.0.20.3:8055
646	update	c5e8bb40-50e6-4421-a26e-e3f1f5736aa4	2025-09-08 08:24:02.656-04	10.0.20.39	Mozilla/5.0 (Windows NT 10.0; Win64; x64; rv:142.0) Gecko/20100101 Firefox/142.0	directus_collections	hero	http://10.0.20.3:8055
647	update	c5e8bb40-50e6-4421-a26e-e3f1f5736aa4	2025-09-08 08:24:02.659-04	10.0.20.39	Mozilla/5.0 (Windows NT 10.0; Win64; x64; rv:142.0) Gecko/20100101 Firefox/142.0	directus_collections	Landing_Page	http://10.0.20.3:8055
648	update	c5e8bb40-50e6-4421-a26e-e3f1f5736aa4	2025-09-08 08:24:02.666-04	10.0.20.39	Mozilla/5.0 (Windows NT 10.0; Win64; x64; rv:142.0) Gecko/20100101 Firefox/142.0	directus_collections	Trust_Logos	http://10.0.20.3:8055
649	update	c5e8bb40-50e6-4421-a26e-e3f1f5736aa4	2025-09-08 08:24:02.669-04	10.0.20.39	Mozilla/5.0 (Windows NT 10.0; Win64; x64; rv:142.0) Gecko/20100101 Firefox/142.0	directus_collections	Menus	http://10.0.20.3:8055
650	update	c5e8bb40-50e6-4421-a26e-e3f1f5736aa4	2025-09-08 08:24:02.676-04	10.0.20.39	Mozilla/5.0 (Windows NT 10.0; Win64; x64; rv:142.0) Gecko/20100101 Firefox/142.0	directus_collections	General_Settings	http://10.0.20.3:8055
651	delete	c5e8bb40-50e6-4421-a26e-e3f1f5736aa4	2025-09-08 08:24:55.368-04	10.0.20.39	Mozilla/5.0 (Windows NT 10.0; Win64; x64; rv:142.0) Gecko/20100101 Firefox/142.0	directus_collections	Trust_Logos	http://10.0.20.3:8055
652	delete	c5e8bb40-50e6-4421-a26e-e3f1f5736aa4	2025-09-08 08:24:55.373-04	10.0.20.39	Mozilla/5.0 (Windows NT 10.0; Win64; x64; rv:142.0) Gecko/20100101 Firefox/142.0	directus_fields	89	http://10.0.20.3:8055
653	delete	c5e8bb40-50e6-4421-a26e-e3f1f5736aa4	2025-09-08 08:24:55.374-04	10.0.20.39	Mozilla/5.0 (Windows NT 10.0; Win64; x64; rv:142.0) Gecko/20100101 Firefox/142.0	directus_fields	90	http://10.0.20.3:8055
654	delete	c5e8bb40-50e6-4421-a26e-e3f1f5736aa4	2025-09-08 08:24:55.375-04	10.0.20.39	Mozilla/5.0 (Windows NT 10.0; Win64; x64; rv:142.0) Gecko/20100101 Firefox/142.0	directus_fields	91	http://10.0.20.3:8055
655	delete	c5e8bb40-50e6-4421-a26e-e3f1f5736aa4	2025-09-08 08:24:55.376-04	10.0.20.39	Mozilla/5.0 (Windows NT 10.0; Win64; x64; rv:142.0) Gecko/20100101 Firefox/142.0	directus_fields	92	http://10.0.20.3:8055
656	delete	c5e8bb40-50e6-4421-a26e-e3f1f5736aa4	2025-09-08 08:24:55.377-04	10.0.20.39	Mozilla/5.0 (Windows NT 10.0; Win64; x64; rv:142.0) Gecko/20100101 Firefox/142.0	directus_fields	93	http://10.0.20.3:8055
657	delete	c5e8bb40-50e6-4421-a26e-e3f1f5736aa4	2025-09-08 08:24:55.379-04	10.0.20.39	Mozilla/5.0 (Windows NT 10.0; Win64; x64; rv:142.0) Gecko/20100101 Firefox/142.0	directus_fields	94	http://10.0.20.3:8055
658	delete	c5e8bb40-50e6-4421-a26e-e3f1f5736aa4	2025-09-08 08:24:55.38-04	10.0.20.39	Mozilla/5.0 (Windows NT 10.0; Win64; x64; rv:142.0) Gecko/20100101 Firefox/142.0	directus_fields	95	http://10.0.20.3:8055
659	delete	c5e8bb40-50e6-4421-a26e-e3f1f5736aa4	2025-09-08 08:24:55.381-04	10.0.20.39	Mozilla/5.0 (Windows NT 10.0; Win64; x64; rv:142.0) Gecko/20100101 Firefox/142.0	directus_fields	96	http://10.0.20.3:8055
660	create	c5e8bb40-50e6-4421-a26e-e3f1f5736aa4	2025-09-08 08:26:38.488-04	10.0.20.39	Mozilla/5.0 (Windows NT 10.0; Win64; x64; rv:142.0) Gecko/20100101 Firefox/142.0	directus_fields	97	http://10.0.20.3:8055
661	create	c5e8bb40-50e6-4421-a26e-e3f1f5736aa4	2025-09-08 08:26:38.494-04	10.0.20.39	Mozilla/5.0 (Windows NT 10.0; Win64; x64; rv:142.0) Gecko/20100101 Firefox/142.0	directus_fields	98	http://10.0.20.3:8055
662	create	c5e8bb40-50e6-4421-a26e-e3f1f5736aa4	2025-09-08 08:26:38.499-04	10.0.20.39	Mozilla/5.0 (Windows NT 10.0; Win64; x64; rv:142.0) Gecko/20100101 Firefox/142.0	directus_fields	99	http://10.0.20.3:8055
663	create	c5e8bb40-50e6-4421-a26e-e3f1f5736aa4	2025-09-08 08:26:38.504-04	10.0.20.39	Mozilla/5.0 (Windows NT 10.0; Win64; x64; rv:142.0) Gecko/20100101 Firefox/142.0	directus_fields	100	http://10.0.20.3:8055
664	create	c5e8bb40-50e6-4421-a26e-e3f1f5736aa4	2025-09-08 08:26:38.509-04	10.0.20.39	Mozilla/5.0 (Windows NT 10.0; Win64; x64; rv:142.0) Gecko/20100101 Firefox/142.0	directus_fields	101	http://10.0.20.3:8055
665	create	c5e8bb40-50e6-4421-a26e-e3f1f5736aa4	2025-09-08 08:26:38.513-04	10.0.20.39	Mozilla/5.0 (Windows NT 10.0; Win64; x64; rv:142.0) Gecko/20100101 Firefox/142.0	directus_fields	102	http://10.0.20.3:8055
666	create	c5e8bb40-50e6-4421-a26e-e3f1f5736aa4	2025-09-08 08:26:38.518-04	10.0.20.39	Mozilla/5.0 (Windows NT 10.0; Win64; x64; rv:142.0) Gecko/20100101 Firefox/142.0	directus_collections	Trust_Logos	http://10.0.20.3:8055
667	create	c5e8bb40-50e6-4421-a26e-e3f1f5736aa4	2025-09-08 08:27:05.369-04	10.0.20.39	Mozilla/5.0 (Windows NT 10.0; Win64; x64; rv:142.0) Gecko/20100101 Firefox/142.0	directus_fields	103	http://10.0.20.3:8055
668	create	c5e8bb40-50e6-4421-a26e-e3f1f5736aa4	2025-09-08 08:29:23.6-04	10.0.20.39	Mozilla/5.0 (Windows NT 10.0; Win64; x64; rv:142.0) Gecko/20100101 Firefox/142.0	directus_fields	104	http://10.0.20.3:8055
669	create	c5e8bb40-50e6-4421-a26e-e3f1f5736aa4	2025-09-08 08:29:23.731-04	10.0.20.39	Mozilla/5.0 (Windows NT 10.0; Win64; x64; rv:142.0) Gecko/20100101 Firefox/142.0	directus_fields	105	http://10.0.20.3:8055
670	create	c5e8bb40-50e6-4421-a26e-e3f1f5736aa4	2025-09-08 08:29:23.736-04	10.0.20.39	Mozilla/5.0 (Windows NT 10.0; Win64; x64; rv:142.0) Gecko/20100101 Firefox/142.0	directus_collections	Trust_Logos_translations	http://10.0.20.3:8055
671	create	c5e8bb40-50e6-4421-a26e-e3f1f5736aa4	2025-09-08 08:29:23.798-04	10.0.20.39	Mozilla/5.0 (Windows NT 10.0; Win64; x64; rv:142.0) Gecko/20100101 Firefox/142.0	directus_fields	106	http://10.0.20.3:8055
672	create	c5e8bb40-50e6-4421-a26e-e3f1f5736aa4	2025-09-08 08:29:23.893-04	10.0.20.39	Mozilla/5.0 (Windows NT 10.0; Win64; x64; rv:142.0) Gecko/20100101 Firefox/142.0	directus_fields	107	http://10.0.20.3:8055
673	update	c5e8bb40-50e6-4421-a26e-e3f1f5736aa4	2025-09-08 08:29:30.385-04	10.0.20.39	Mozilla/5.0 (Windows NT 10.0; Win64; x64; rv:142.0) Gecko/20100101 Firefox/142.0	directus_collections	Trust_Logos	http://10.0.20.3:8055
674	update	c5e8bb40-50e6-4421-a26e-e3f1f5736aa4	2025-09-08 08:29:47.326-04	10.0.20.39	Mozilla/5.0 (Windows NT 10.0; Win64; x64; rv:142.0) Gecko/20100101 Firefox/142.0	directus_collections	pages	http://10.0.20.3:8055
675	update	c5e8bb40-50e6-4421-a26e-e3f1f5736aa4	2025-09-08 08:29:47.334-04	10.0.20.39	Mozilla/5.0 (Windows NT 10.0; Win64; x64; rv:142.0) Gecko/20100101 Firefox/142.0	directus_collections	Landing_Page	http://10.0.20.3:8055
676	update	c5e8bb40-50e6-4421-a26e-e3f1f5736aa4	2025-09-08 08:29:47.341-04	10.0.20.39	Mozilla/5.0 (Windows NT 10.0; Win64; x64; rv:142.0) Gecko/20100101 Firefox/142.0	directus_collections	Trust_Logos	http://10.0.20.3:8055
677	update	c5e8bb40-50e6-4421-a26e-e3f1f5736aa4	2025-09-08 08:29:47.348-04	10.0.20.39	Mozilla/5.0 (Windows NT 10.0; Win64; x64; rv:142.0) Gecko/20100101 Firefox/142.0	directus_collections	Menus	http://10.0.20.3:8055
678	update	c5e8bb40-50e6-4421-a26e-e3f1f5736aa4	2025-09-08 08:29:47.355-04	10.0.20.39	Mozilla/5.0 (Windows NT 10.0; Win64; x64; rv:142.0) Gecko/20100101 Firefox/142.0	directus_collections	General_Settings	http://10.0.20.3:8055
679	update	c5e8bb40-50e6-4421-a26e-e3f1f5736aa4	2025-09-08 08:29:47.363-04	10.0.20.39	Mozilla/5.0 (Windows NT 10.0; Win64; x64; rv:142.0) Gecko/20100101 Firefox/142.0	directus_collections	Trust_Logos_translations	http://10.0.20.3:8055
680	update	c5e8bb40-50e6-4421-a26e-e3f1f5736aa4	2025-09-08 08:29:52.161-04	10.0.20.39	Mozilla/5.0 (Windows NT 10.0; Win64; x64; rv:142.0) Gecko/20100101 Firefox/142.0	directus_collections	Trust_Logos	http://10.0.20.3:8055
683	update	c5e8bb40-50e6-4421-a26e-e3f1f5736aa4	2025-09-08 08:29:52.17-04	10.0.20.39	Mozilla/5.0 (Windows NT 10.0; Win64; x64; rv:142.0) Gecko/20100101 Firefox/142.0	directus_collections	hero_translations	http://10.0.20.3:8055
684	update	c5e8bb40-50e6-4421-a26e-e3f1f5736aa4	2025-09-08 08:29:52.177-04	10.0.20.39	Mozilla/5.0 (Windows NT 10.0; Win64; x64; rv:142.0) Gecko/20100101 Firefox/142.0	directus_collections	hero	http://10.0.20.3:8055
688	update	c5e8bb40-50e6-4421-a26e-e3f1f5736aa4	2025-09-08 08:29:57.474-04	10.0.20.39	Mozilla/5.0 (Windows NT 10.0; Win64; x64; rv:142.0) Gecko/20100101 Firefox/142.0	directus_collections	pages	http://10.0.20.3:8055
690	update	c5e8bb40-50e6-4421-a26e-e3f1f5736aa4	2025-09-08 08:29:57.482-04	10.0.20.39	Mozilla/5.0 (Windows NT 10.0; Win64; x64; rv:142.0) Gecko/20100101 Firefox/142.0	directus_collections	Landing_Page	http://10.0.20.3:8055
692	update	c5e8bb40-50e6-4421-a26e-e3f1f5736aa4	2025-09-08 08:29:57.491-04	10.0.20.39	Mozilla/5.0 (Windows NT 10.0; Win64; x64; rv:142.0) Gecko/20100101 Firefox/142.0	directus_collections	Menus	http://10.0.20.3:8055
694	update	c5e8bb40-50e6-4421-a26e-e3f1f5736aa4	2025-09-08 08:29:57.5-04	10.0.20.39	Mozilla/5.0 (Windows NT 10.0; Win64; x64; rv:142.0) Gecko/20100101 Firefox/142.0	directus_collections	General_Settings	http://10.0.20.3:8055
681	update	c5e8bb40-50e6-4421-a26e-e3f1f5736aa4	2025-09-08 08:29:52.162-04	10.0.20.39	Mozilla/5.0 (Windows NT 10.0; Win64; x64; rv:142.0) Gecko/20100101 Firefox/142.0	directus_collections	pages	http://10.0.20.3:8055
682	update	c5e8bb40-50e6-4421-a26e-e3f1f5736aa4	2025-09-08 08:29:52.169-04	10.0.20.39	Mozilla/5.0 (Windows NT 10.0; Win64; x64; rv:142.0) Gecko/20100101 Firefox/142.0	directus_collections	Landing_Page	http://10.0.20.3:8055
685	update	c5e8bb40-50e6-4421-a26e-e3f1f5736aa4	2025-09-08 08:29:52.178-04	10.0.20.39	Mozilla/5.0 (Windows NT 10.0; Win64; x64; rv:142.0) Gecko/20100101 Firefox/142.0	directus_collections	Menus	http://10.0.20.3:8055
686	update	c5e8bb40-50e6-4421-a26e-e3f1f5736aa4	2025-09-08 08:29:52.187-04	10.0.20.39	Mozilla/5.0 (Windows NT 10.0; Win64; x64; rv:142.0) Gecko/20100101 Firefox/142.0	directus_collections	General_Settings	http://10.0.20.3:8055
687	update	c5e8bb40-50e6-4421-a26e-e3f1f5736aa4	2025-09-08 08:29:52.196-04	10.0.20.39	Mozilla/5.0 (Windows NT 10.0; Win64; x64; rv:142.0) Gecko/20100101 Firefox/142.0	directus_collections	Trust_Logos_translations	http://10.0.20.3:8055
689	update	c5e8bb40-50e6-4421-a26e-e3f1f5736aa4	2025-09-08 08:29:57.475-04	10.0.20.39	Mozilla/5.0 (Windows NT 10.0; Win64; x64; rv:142.0) Gecko/20100101 Firefox/142.0	directus_collections	Trust_Logos	http://10.0.20.3:8055
691	update	c5e8bb40-50e6-4421-a26e-e3f1f5736aa4	2025-09-08 08:29:57.486-04	10.0.20.39	Mozilla/5.0 (Windows NT 10.0; Win64; x64; rv:142.0) Gecko/20100101 Firefox/142.0	directus_collections	Trust_Logos_translations	http://10.0.20.3:8055
693	update	c5e8bb40-50e6-4421-a26e-e3f1f5736aa4	2025-09-08 08:29:57.494-04	10.0.20.39	Mozilla/5.0 (Windows NT 10.0; Win64; x64; rv:142.0) Gecko/20100101 Firefox/142.0	directus_collections	hero_translations	http://10.0.20.3:8055
695	update	c5e8bb40-50e6-4421-a26e-e3f1f5736aa4	2025-09-08 08:29:57.503-04	10.0.20.39	Mozilla/5.0 (Windows NT 10.0; Win64; x64; rv:142.0) Gecko/20100101 Firefox/142.0	directus_collections	hero	http://10.0.20.3:8055
696	update	c5e8bb40-50e6-4421-a26e-e3f1f5736aa4	2025-09-08 08:30:01.309-04	10.0.20.39	Mozilla/5.0 (Windows NT 10.0; Win64; x64; rv:142.0) Gecko/20100101 Firefox/142.0	directus_collections	hero	http://10.0.20.3:8055
697	update	c5e8bb40-50e6-4421-a26e-e3f1f5736aa4	2025-09-08 08:30:01.328-04	10.0.20.39	Mozilla/5.0 (Windows NT 10.0; Win64; x64; rv:142.0) Gecko/20100101 Firefox/142.0	directus_collections	Trust_Logos	http://10.0.20.3:8055
698	update	c5e8bb40-50e6-4421-a26e-e3f1f5736aa4	2025-09-08 08:30:01.342-04	10.0.20.39	Mozilla/5.0 (Windows NT 10.0; Win64; x64; rv:142.0) Gecko/20100101 Firefox/142.0	directus_collections	Trust_Logos_translations	http://10.0.20.3:8055
699	update	c5e8bb40-50e6-4421-a26e-e3f1f5736aa4	2025-09-08 08:30:01.349-04	10.0.20.39	Mozilla/5.0 (Windows NT 10.0; Win64; x64; rv:142.0) Gecko/20100101 Firefox/142.0	directus_collections	hero_translations	http://10.0.20.3:8055
700	update	c5e8bb40-50e6-4421-a26e-e3f1f5736aa4	2025-09-08 08:30:06.951-04	10.0.20.39	Mozilla/5.0 (Windows NT 10.0; Win64; x64; rv:142.0) Gecko/20100101 Firefox/142.0	directus_collections	hero	http://10.0.20.3:8055
701	update	c5e8bb40-50e6-4421-a26e-e3f1f5736aa4	2025-09-08 08:30:07.002-04	10.0.20.39	Mozilla/5.0 (Windows NT 10.0; Win64; x64; rv:142.0) Gecko/20100101 Firefox/142.0	directus_collections	hero_translations	http://10.0.20.3:8055
702	update	c5e8bb40-50e6-4421-a26e-e3f1f5736aa4	2025-09-08 08:30:07.009-04	10.0.20.39	Mozilla/5.0 (Windows NT 10.0; Win64; x64; rv:142.0) Gecko/20100101 Firefox/142.0	directus_collections	Trust_Logos	http://10.0.20.3:8055
703	update	c5e8bb40-50e6-4421-a26e-e3f1f5736aa4	2025-09-08 08:30:07.015-04	10.0.20.39	Mozilla/5.0 (Windows NT 10.0; Win64; x64; rv:142.0) Gecko/20100101 Firefox/142.0	directus_collections	Trust_Logos_translations	http://10.0.20.3:8055
704	create	c5e8bb40-50e6-4421-a26e-e3f1f5736aa4	2025-09-08 08:30:49.439-04	10.0.20.39	Mozilla/5.0 (Windows NT 10.0; Win64; x64; rv:142.0) Gecko/20100101 Firefox/142.0	directus_fields	108	http://10.0.20.3:8055
705	create	c5e8bb40-50e6-4421-a26e-e3f1f5736aa4	2025-09-08 08:30:49.443-04	10.0.20.39	Mozilla/5.0 (Windows NT 10.0; Win64; x64; rv:142.0) Gecko/20100101 Firefox/142.0	directus_fields	109	http://10.0.20.3:8055
706	create	c5e8bb40-50e6-4421-a26e-e3f1f5736aa4	2025-09-08 08:30:49.448-04	10.0.20.39	Mozilla/5.0 (Windows NT 10.0; Win64; x64; rv:142.0) Gecko/20100101 Firefox/142.0	directus_fields	110	http://10.0.20.3:8055
707	create	c5e8bb40-50e6-4421-a26e-e3f1f5736aa4	2025-09-08 08:30:49.453-04	10.0.20.39	Mozilla/5.0 (Windows NT 10.0; Win64; x64; rv:142.0) Gecko/20100101 Firefox/142.0	directus_fields	111	http://10.0.20.3:8055
708	create	c5e8bb40-50e6-4421-a26e-e3f1f5736aa4	2025-09-08 08:30:49.457-04	10.0.20.39	Mozilla/5.0 (Windows NT 10.0; Win64; x64; rv:142.0) Gecko/20100101 Firefox/142.0	directus_fields	112	http://10.0.20.3:8055
709	create	c5e8bb40-50e6-4421-a26e-e3f1f5736aa4	2025-09-08 08:30:49.462-04	10.0.20.39	Mozilla/5.0 (Windows NT 10.0; Win64; x64; rv:142.0) Gecko/20100101 Firefox/142.0	directus_fields	113	http://10.0.20.3:8055
710	create	c5e8bb40-50e6-4421-a26e-e3f1f5736aa4	2025-09-08 08:30:49.467-04	10.0.20.39	Mozilla/5.0 (Windows NT 10.0; Win64; x64; rv:142.0) Gecko/20100101 Firefox/142.0	directus_fields	114	http://10.0.20.3:8055
711	create	c5e8bb40-50e6-4421-a26e-e3f1f5736aa4	2025-09-08 08:30:49.471-04	10.0.20.39	Mozilla/5.0 (Windows NT 10.0; Win64; x64; rv:142.0) Gecko/20100101 Firefox/142.0	directus_collections	Trust_Logo_Images	http://10.0.20.3:8055
712	create	c5e8bb40-50e6-4421-a26e-e3f1f5736aa4	2025-09-08 08:31:05.127-04	10.0.20.39	Mozilla/5.0 (Windows NT 10.0; Win64; x64; rv:142.0) Gecko/20100101 Firefox/142.0	directus_fields	115	http://10.0.20.3:8055
713	create	c5e8bb40-50e6-4421-a26e-e3f1f5736aa4	2025-09-08 08:31:24.747-04	10.0.20.39	Mozilla/5.0 (Windows NT 10.0; Win64; x64; rv:142.0) Gecko/20100101 Firefox/142.0	directus_fields	116	http://10.0.20.3:8055
714	create	c5e8bb40-50e6-4421-a26e-e3f1f5736aa4	2025-09-08 08:31:42.025-04	10.0.20.39	Mozilla/5.0 (Windows NT 10.0; Win64; x64; rv:142.0) Gecko/20100101 Firefox/142.0	directus_fields	117	http://10.0.20.3:8055
715	update	c5e8bb40-50e6-4421-a26e-e3f1f5736aa4	2025-09-08 08:32:52.137-04	10.0.20.39	Mozilla/5.0 (Windows NT 10.0; Win64; x64; rv:142.0) Gecko/20100101 Firefox/142.0	directus_collections	Trust_Logo_Images	http://10.0.20.3:8055
716	update	c5e8bb40-50e6-4421-a26e-e3f1f5736aa4	2025-09-08 08:33:13.202-04	10.0.20.39	Mozilla/5.0 (Windows NT 10.0; Win64; x64; rv:142.0) Gecko/20100101 Firefox/142.0	directus_collections	pages	http://10.0.20.3:8055
717	update	c5e8bb40-50e6-4421-a26e-e3f1f5736aa4	2025-09-08 08:33:13.203-04	10.0.20.39	Mozilla/5.0 (Windows NT 10.0; Win64; x64; rv:142.0) Gecko/20100101 Firefox/142.0	directus_collections	Trust_Logo_Images	http://10.0.20.3:8055
718	update	c5e8bb40-50e6-4421-a26e-e3f1f5736aa4	2025-09-08 08:33:13.211-04	10.0.20.39	Mozilla/5.0 (Windows NT 10.0; Win64; x64; rv:142.0) Gecko/20100101 Firefox/142.0	directus_collections	Landing_Page	http://10.0.20.3:8055
719	update	c5e8bb40-50e6-4421-a26e-e3f1f5736aa4	2025-09-08 08:33:13.22-04	10.0.20.39	Mozilla/5.0 (Windows NT 10.0; Win64; x64; rv:142.0) Gecko/20100101 Firefox/142.0	directus_collections	Menus	http://10.0.20.3:8055
720	update	c5e8bb40-50e6-4421-a26e-e3f1f5736aa4	2025-09-08 08:33:13.227-04	10.0.20.39	Mozilla/5.0 (Windows NT 10.0; Win64; x64; rv:142.0) Gecko/20100101 Firefox/142.0	directus_collections	General_Settings	http://10.0.20.3:8055
721	update	c5e8bb40-50e6-4421-a26e-e3f1f5736aa4	2025-09-08 08:33:58.792-04	10.0.20.39	Mozilla/5.0 (Windows NT 10.0; Win64; x64; rv:142.0) Gecko/20100101 Firefox/142.0	directus_fields	115	http://10.0.20.3:8055
722	update	c5e8bb40-50e6-4421-a26e-e3f1f5736aa4	2025-09-08 08:34:01.169-04	10.0.20.39	Mozilla/5.0 (Windows NT 10.0; Win64; x64; rv:142.0) Gecko/20100101 Firefox/142.0	directus_fields	117	http://10.0.20.3:8055
723	update	c5e8bb40-50e6-4421-a26e-e3f1f5736aa4	2025-09-08 08:34:03.199-04	10.0.20.39	Mozilla/5.0 (Windows NT 10.0; Win64; x64; rv:142.0) Gecko/20100101 Firefox/142.0	directus_fields	108	http://10.0.20.3:8055
724	update	c5e8bb40-50e6-4421-a26e-e3f1f5736aa4	2025-09-08 08:34:03.209-04	10.0.20.39	Mozilla/5.0 (Windows NT 10.0; Win64; x64; rv:142.0) Gecko/20100101 Firefox/142.0	directus_fields	109	http://10.0.20.3:8055
725	update	c5e8bb40-50e6-4421-a26e-e3f1f5736aa4	2025-09-08 08:34:03.218-04	10.0.20.39	Mozilla/5.0 (Windows NT 10.0; Win64; x64; rv:142.0) Gecko/20100101 Firefox/142.0	directus_fields	110	http://10.0.20.3:8055
726	update	c5e8bb40-50e6-4421-a26e-e3f1f5736aa4	2025-09-08 08:34:03.226-04	10.0.20.39	Mozilla/5.0 (Windows NT 10.0; Win64; x64; rv:142.0) Gecko/20100101 Firefox/142.0	directus_fields	111	http://10.0.20.3:8055
727	update	c5e8bb40-50e6-4421-a26e-e3f1f5736aa4	2025-09-08 08:34:03.235-04	10.0.20.39	Mozilla/5.0 (Windows NT 10.0; Win64; x64; rv:142.0) Gecko/20100101 Firefox/142.0	directus_fields	112	http://10.0.20.3:8055
728	update	c5e8bb40-50e6-4421-a26e-e3f1f5736aa4	2025-09-08 08:34:03.243-04	10.0.20.39	Mozilla/5.0 (Windows NT 10.0; Win64; x64; rv:142.0) Gecko/20100101 Firefox/142.0	directus_fields	113	http://10.0.20.3:8055
729	update	c5e8bb40-50e6-4421-a26e-e3f1f5736aa4	2025-09-08 08:34:03.252-04	10.0.20.39	Mozilla/5.0 (Windows NT 10.0; Win64; x64; rv:142.0) Gecko/20100101 Firefox/142.0	directus_fields	114	http://10.0.20.3:8055
730	update	c5e8bb40-50e6-4421-a26e-e3f1f5736aa4	2025-09-08 08:34:03.261-04	10.0.20.39	Mozilla/5.0 (Windows NT 10.0; Win64; x64; rv:142.0) Gecko/20100101 Firefox/142.0	directus_fields	115	http://10.0.20.3:8055
731	update	c5e8bb40-50e6-4421-a26e-e3f1f5736aa4	2025-09-08 08:34:03.271-04	10.0.20.39	Mozilla/5.0 (Windows NT 10.0; Win64; x64; rv:142.0) Gecko/20100101 Firefox/142.0	directus_fields	117	http://10.0.20.3:8055
732	update	c5e8bb40-50e6-4421-a26e-e3f1f5736aa4	2025-09-08 08:34:03.28-04	10.0.20.39	Mozilla/5.0 (Windows NT 10.0; Win64; x64; rv:142.0) Gecko/20100101 Firefox/142.0	directus_fields	116	http://10.0.20.3:8055
733	create	c5e8bb40-50e6-4421-a26e-e3f1f5736aa4	2025-09-08 08:34:51.071-04	10.0.20.39	Mozilla/5.0 (Windows NT 10.0; Win64; x64; rv:142.0) Gecko/20100101 Firefox/142.0	directus_fields	118	http://10.0.20.3:8055
734	update	c5e8bb40-50e6-4421-a26e-e3f1f5736aa4	2025-09-08 08:35:05.835-04	10.0.20.39	Mozilla/5.0 (Windows NT 10.0; Win64; x64; rv:142.0) Gecko/20100101 Firefox/142.0	directus_collections	Trust_Logos_translations	http://10.0.20.3:8055
735	update	c5e8bb40-50e6-4421-a26e-e3f1f5736aa4	2025-09-08 08:35:11.883-04	10.0.20.39	Mozilla/5.0 (Windows NT 10.0; Win64; x64; rv:142.0) Gecko/20100101 Firefox/142.0	directus_collections	Trust_Logos_translations	http://10.0.20.3:8055
741	update	c5e8bb40-50e6-4421-a26e-e3f1f5736aa4	2025-09-08 08:40:51.426-04	10.0.20.39	Mozilla/5.0 (Windows NT 10.0; Win64; x64; rv:142.0) Gecko/20100101 Firefox/142.0	directus_collections	hero	http://10.0.20.3:8055
742	create	c5e8bb40-50e6-4421-a26e-e3f1f5736aa4	2025-09-08 08:46:27.804-04	10.0.20.39	Mozilla/5.0 (Windows NT 10.0; Win64; x64; rv:142.0) Gecko/20100101 Firefox/142.0	directus_fields	119	http://10.0.20.3:8055
743	update	c5e8bb40-50e6-4421-a26e-e3f1f5736aa4	2025-09-08 08:56:37.96-04	10.0.20.39	Mozilla/5.0 (Windows NT 10.0; Win64; x64; rv:142.0) Gecko/20100101 Firefox/142.0	directus_collections	pages	http://10.0.20.3:8055
744	update	c5e8bb40-50e6-4421-a26e-e3f1f5736aa4	2025-09-08 08:56:37.972-04	10.0.20.39	Mozilla/5.0 (Windows NT 10.0; Win64; x64; rv:142.0) Gecko/20100101 Firefox/142.0	directus_collections	Landing_Page	http://10.0.20.3:8055
745	update	c5e8bb40-50e6-4421-a26e-e3f1f5736aa4	2025-09-08 08:56:37.98-04	10.0.20.39	Mozilla/5.0 (Windows NT 10.0; Win64; x64; rv:142.0) Gecko/20100101 Firefox/142.0	directus_collections	Trust_Logo_Images	http://10.0.20.3:8055
746	update	c5e8bb40-50e6-4421-a26e-e3f1f5736aa4	2025-09-08 08:56:37.987-04	10.0.20.39	Mozilla/5.0 (Windows NT 10.0; Win64; x64; rv:142.0) Gecko/20100101 Firefox/142.0	directus_collections	Menus	http://10.0.20.3:8055
747	update	c5e8bb40-50e6-4421-a26e-e3f1f5736aa4	2025-09-08 08:56:37.994-04	10.0.20.39	Mozilla/5.0 (Windows NT 10.0; Win64; x64; rv:142.0) Gecko/20100101 Firefox/142.0	directus_collections	General_Settings	http://10.0.20.3:8055
748	delete	c5e8bb40-50e6-4421-a26e-e3f1f5736aa4	2025-09-08 08:56:43.386-04	10.0.20.39	Mozilla/5.0 (Windows NT 10.0; Win64; x64; rv:142.0) Gecko/20100101 Firefox/142.0	directus_fields	119	http://10.0.20.3:8055
749	update	c5e8bb40-50e6-4421-a26e-e3f1f5736aa4	2025-09-08 08:56:51.973-04	10.0.20.39	Mozilla/5.0 (Windows NT 10.0; Win64; x64; rv:142.0) Gecko/20100101 Firefox/142.0	directus_collections	hero	http://10.0.20.3:8055
750	update	c5e8bb40-50e6-4421-a26e-e3f1f5736aa4	2025-09-08 08:56:51.974-04	10.0.20.39	Mozilla/5.0 (Windows NT 10.0; Win64; x64; rv:142.0) Gecko/20100101 Firefox/142.0	directus_collections	pages	http://10.0.20.3:8055
751	update	c5e8bb40-50e6-4421-a26e-e3f1f5736aa4	2025-09-08 08:56:51.984-04	10.0.20.39	Mozilla/5.0 (Windows NT 10.0; Win64; x64; rv:142.0) Gecko/20100101 Firefox/142.0	directus_collections	Landing_Page	http://10.0.20.3:8055
752	update	c5e8bb40-50e6-4421-a26e-e3f1f5736aa4	2025-09-08 08:56:51.984-04	10.0.20.39	Mozilla/5.0 (Windows NT 10.0; Win64; x64; rv:142.0) Gecko/20100101 Firefox/142.0	directus_collections	hero_translations	http://10.0.20.3:8055
753	update	c5e8bb40-50e6-4421-a26e-e3f1f5736aa4	2025-09-08 08:56:51.992-04	10.0.20.39	Mozilla/5.0 (Windows NT 10.0; Win64; x64; rv:142.0) Gecko/20100101 Firefox/142.0	directus_collections	Menus	http://10.0.20.3:8055
754	update	c5e8bb40-50e6-4421-a26e-e3f1f5736aa4	2025-09-08 08:56:51.993-04	10.0.20.39	Mozilla/5.0 (Windows NT 10.0; Win64; x64; rv:142.0) Gecko/20100101 Firefox/142.0	directus_collections	Trust_Logo_Images	http://10.0.20.3:8055
755	update	c5e8bb40-50e6-4421-a26e-e3f1f5736aa4	2025-09-08 08:56:52-04	10.0.20.39	Mozilla/5.0 (Windows NT 10.0; Win64; x64; rv:142.0) Gecko/20100101 Firefox/142.0	directus_collections	General_Settings	http://10.0.20.3:8055
756	update	c5e8bb40-50e6-4421-a26e-e3f1f5736aa4	2025-09-08 08:56:52-04	10.0.20.39	Mozilla/5.0 (Windows NT 10.0; Win64; x64; rv:142.0) Gecko/20100101 Firefox/142.0	directus_collections	Trust_Logos	http://10.0.20.3:8055
757	update	c5e8bb40-50e6-4421-a26e-e3f1f5736aa4	2025-09-08 08:56:52.01-04	10.0.20.39	Mozilla/5.0 (Windows NT 10.0; Win64; x64; rv:142.0) Gecko/20100101 Firefox/142.0	directus_collections	Trust_Logos_translations	http://10.0.20.3:8055
758	update	c5e8bb40-50e6-4421-a26e-e3f1f5736aa4	2025-09-08 08:56:55.793-04	10.0.20.39	Mozilla/5.0 (Windows NT 10.0; Win64; x64; rv:142.0) Gecko/20100101 Firefox/142.0	directus_collections	Trust_Logos	http://10.0.20.3:8055
759	update	c5e8bb40-50e6-4421-a26e-e3f1f5736aa4	2025-09-08 08:56:55.797-04	10.0.20.39	Mozilla/5.0 (Windows NT 10.0; Win64; x64; rv:142.0) Gecko/20100101 Firefox/142.0	directus_collections	hero	http://10.0.20.3:8055
760	update	c5e8bb40-50e6-4421-a26e-e3f1f5736aa4	2025-09-08 08:56:55.803-04	10.0.20.39	Mozilla/5.0 (Windows NT 10.0; Win64; x64; rv:142.0) Gecko/20100101 Firefox/142.0	directus_collections	hero_translations	http://10.0.20.3:8055
761	update	c5e8bb40-50e6-4421-a26e-e3f1f5736aa4	2025-09-08 08:56:55.81-04	10.0.20.39	Mozilla/5.0 (Windows NT 10.0; Win64; x64; rv:142.0) Gecko/20100101 Firefox/142.0	directus_collections	Trust_Logo_Images	http://10.0.20.3:8055
762	update	c5e8bb40-50e6-4421-a26e-e3f1f5736aa4	2025-09-08 08:56:55.818-04	10.0.20.39	Mozilla/5.0 (Windows NT 10.0; Win64; x64; rv:142.0) Gecko/20100101 Firefox/142.0	directus_collections	Trust_Logos_translations	http://10.0.20.3:8055
763	update	c5e8bb40-50e6-4421-a26e-e3f1f5736aa4	2025-09-08 08:56:59.749-04	10.0.20.39	Mozilla/5.0 (Windows NT 10.0; Win64; x64; rv:142.0) Gecko/20100101 Firefox/142.0	directus_collections	hero	http://10.0.20.3:8055
764	update	c5e8bb40-50e6-4421-a26e-e3f1f5736aa4	2025-09-08 08:56:59.757-04	10.0.20.39	Mozilla/5.0 (Windows NT 10.0; Win64; x64; rv:142.0) Gecko/20100101 Firefox/142.0	directus_collections	hero_translations	http://10.0.20.3:8055
765	update	c5e8bb40-50e6-4421-a26e-e3f1f5736aa4	2025-09-08 08:56:59.764-04	10.0.20.39	Mozilla/5.0 (Windows NT 10.0; Win64; x64; rv:142.0) Gecko/20100101 Firefox/142.0	directus_collections	Trust_Logos	http://10.0.20.3:8055
766	update	c5e8bb40-50e6-4421-a26e-e3f1f5736aa4	2025-09-08 08:56:59.771-04	10.0.20.39	Mozilla/5.0 (Windows NT 10.0; Win64; x64; rv:142.0) Gecko/20100101 Firefox/142.0	directus_collections	Trust_Logo_Images	http://10.0.20.3:8055
767	update	c5e8bb40-50e6-4421-a26e-e3f1f5736aa4	2025-09-08 08:56:59.778-04	10.0.20.39	Mozilla/5.0 (Windows NT 10.0; Win64; x64; rv:142.0) Gecko/20100101 Firefox/142.0	directus_collections	Trust_Logos_translations	http://10.0.20.3:8055
768	create	c5e8bb40-50e6-4421-a26e-e3f1f5736aa4	2025-09-08 08:58:52.484-04	10.0.20.39	Mozilla/5.0 (Windows NT 10.0; Win64; x64; rv:142.0) Gecko/20100101 Firefox/142.0	directus_fields	120	http://10.0.20.3:8055
769	delete	c5e8bb40-50e6-4421-a26e-e3f1f5736aa4	2025-09-08 08:59:29.249-04	10.0.20.39	Mozilla/5.0 (Windows NT 10.0; Win64; x64; rv:142.0) Gecko/20100101 Firefox/142.0	directus_fields	120	http://10.0.20.3:8055
770	create	c5e8bb40-50e6-4421-a26e-e3f1f5736aa4	2025-09-08 08:59:51.619-04	10.0.20.39	Mozilla/5.0 (Windows NT 10.0; Win64; x64; rv:142.0) Gecko/20100101 Firefox/142.0	directus_fields	121	http://10.0.20.3:8055
771	delete	c5e8bb40-50e6-4421-a26e-e3f1f5736aa4	2025-09-08 09:04:06.873-04	10.0.20.39	Mozilla/5.0 (Windows NT 10.0; Win64; x64; rv:142.0) Gecko/20100101 Firefox/142.0	directus_fields	121	http://10.0.20.3:8055
772	create	c5e8bb40-50e6-4421-a26e-e3f1f5736aa4	2025-09-08 09:11:49.665-04	10.0.20.39	Mozilla/5.0 (Windows NT 10.0; Win64; x64; rv:142.0) Gecko/20100101 Firefox/142.0	directus_fields	122	http://10.0.20.3:8055
773	delete	c5e8bb40-50e6-4421-a26e-e3f1f5736aa4	2025-09-08 09:12:53.21-04	10.0.20.39	Mozilla/5.0 (Windows NT 10.0; Win64; x64; rv:142.0) Gecko/20100101 Firefox/142.0	directus_fields	122	http://10.0.20.3:8055
774	create	c5e8bb40-50e6-4421-a26e-e3f1f5736aa4	2025-09-08 09:13:17.267-04	10.0.20.39	Mozilla/5.0 (Windows NT 10.0; Win64; x64; rv:142.0) Gecko/20100101 Firefox/142.0	directus_fields	123	http://10.0.20.3:8055
775	delete	c5e8bb40-50e6-4421-a26e-e3f1f5736aa4	2025-09-08 09:14:38.629-04	10.0.20.39	Mozilla/5.0 (Windows NT 10.0; Win64; x64; rv:142.0) Gecko/20100101 Firefox/142.0	directus_fields	123	http://10.0.20.3:8055
776	delete	c5e8bb40-50e6-4421-a26e-e3f1f5736aa4	2025-09-08 09:17:04.244-04	10.0.20.39	Mozilla/5.0 (Windows NT 10.0; Win64; x64; rv:142.0) Gecko/20100101 Firefox/142.0	directus_fields	115	http://10.0.20.3:8055
777	create	c5e8bb40-50e6-4421-a26e-e3f1f5736aa4	2025-09-08 09:22:23.777-04	10.0.20.39	Mozilla/5.0 (Windows NT 10.0; Win64; x64; rv:142.0) Gecko/20100101 Firefox/142.0	directus_fields	124	http://10.0.20.3:8055
778	update	c5e8bb40-50e6-4421-a26e-e3f1f5736aa4	2025-09-08 09:23:30.332-04	10.0.20.39	Mozilla/5.0 (Windows NT 10.0; Win64; x64; rv:142.0) Gecko/20100101 Firefox/142.0	directus_collections	Trust_Logos	http://10.0.20.3:8055
779	create	c5e8bb40-50e6-4421-a26e-e3f1f5736aa4	2025-09-08 09:26:28.657-04	10.0.20.39	Mozilla/5.0 (Windows NT 10.0; Win64; x64; rv:142.0) Gecko/20100101 Firefox/142.0	directus_files	29b5aedc-d2b2-423e-90c5-43181d3824b8	http://10.0.20.3:8055
781	delete	c5e8bb40-50e6-4421-a26e-e3f1f5736aa4	2025-09-08 09:27:37.815-04	10.0.20.39	Mozilla/5.0 (Windows NT 10.0; Win64; x64; rv:142.0) Gecko/20100101 Firefox/142.0	directus_fields	116	http://10.0.20.3:8055
782	delete	c5e8bb40-50e6-4421-a26e-e3f1f5736aa4	2025-09-08 09:27:52.561-04	10.0.20.39	Mozilla/5.0 (Windows NT 10.0; Win64; x64; rv:142.0) Gecko/20100101 Firefox/142.0	directus_collections	Trust_Logo_Images	http://10.0.20.3:8055
783	delete	c5e8bb40-50e6-4421-a26e-e3f1f5736aa4	2025-09-08 09:27:52.566-04	10.0.20.39	Mozilla/5.0 (Windows NT 10.0; Win64; x64; rv:142.0) Gecko/20100101 Firefox/142.0	directus_fields	108	http://10.0.20.3:8055
784	delete	c5e8bb40-50e6-4421-a26e-e3f1f5736aa4	2025-09-08 09:27:52.568-04	10.0.20.39	Mozilla/5.0 (Windows NT 10.0; Win64; x64; rv:142.0) Gecko/20100101 Firefox/142.0	directus_fields	109	http://10.0.20.3:8055
785	delete	c5e8bb40-50e6-4421-a26e-e3f1f5736aa4	2025-09-08 09:27:52.569-04	10.0.20.39	Mozilla/5.0 (Windows NT 10.0; Win64; x64; rv:142.0) Gecko/20100101 Firefox/142.0	directus_fields	110	http://10.0.20.3:8055
786	delete	c5e8bb40-50e6-4421-a26e-e3f1f5736aa4	2025-09-08 09:27:52.57-04	10.0.20.39	Mozilla/5.0 (Windows NT 10.0; Win64; x64; rv:142.0) Gecko/20100101 Firefox/142.0	directus_fields	111	http://10.0.20.3:8055
787	delete	c5e8bb40-50e6-4421-a26e-e3f1f5736aa4	2025-09-08 09:27:52.571-04	10.0.20.39	Mozilla/5.0 (Windows NT 10.0; Win64; x64; rv:142.0) Gecko/20100101 Firefox/142.0	directus_fields	112	http://10.0.20.3:8055
788	delete	c5e8bb40-50e6-4421-a26e-e3f1f5736aa4	2025-09-08 09:27:52.573-04	10.0.20.39	Mozilla/5.0 (Windows NT 10.0; Win64; x64; rv:142.0) Gecko/20100101 Firefox/142.0	directus_fields	113	http://10.0.20.3:8055
789	delete	c5e8bb40-50e6-4421-a26e-e3f1f5736aa4	2025-09-08 09:27:52.574-04	10.0.20.39	Mozilla/5.0 (Windows NT 10.0; Win64; x64; rv:142.0) Gecko/20100101 Firefox/142.0	directus_fields	114	http://10.0.20.3:8055
790	delete	c5e8bb40-50e6-4421-a26e-e3f1f5736aa4	2025-09-08 09:27:52.575-04	10.0.20.39	Mozilla/5.0 (Windows NT 10.0; Win64; x64; rv:142.0) Gecko/20100101 Firefox/142.0	directus_fields	117	http://10.0.20.3:8055
791	delete	c5e8bb40-50e6-4421-a26e-e3f1f5736aa4	2025-09-08 09:28:01.679-04	10.0.20.39	Mozilla/5.0 (Windows NT 10.0; Win64; x64; rv:142.0) Gecko/20100101 Firefox/142.0	directus_collections	Trust_Logos_translations	http://10.0.20.3:8055
792	delete	c5e8bb40-50e6-4421-a26e-e3f1f5736aa4	2025-09-08 09:28:01.682-04	10.0.20.39	Mozilla/5.0 (Windows NT 10.0; Win64; x64; rv:142.0) Gecko/20100101 Firefox/142.0	directus_fields	105	http://10.0.20.3:8055
793	delete	c5e8bb40-50e6-4421-a26e-e3f1f5736aa4	2025-09-08 09:28:01.683-04	10.0.20.39	Mozilla/5.0 (Windows NT 10.0; Win64; x64; rv:142.0) Gecko/20100101 Firefox/142.0	directus_fields	106	http://10.0.20.3:8055
794	delete	c5e8bb40-50e6-4421-a26e-e3f1f5736aa4	2025-09-08 09:28:01.685-04	10.0.20.39	Mozilla/5.0 (Windows NT 10.0; Win64; x64; rv:142.0) Gecko/20100101 Firefox/142.0	directus_fields	107	http://10.0.20.3:8055
795	delete	c5e8bb40-50e6-4421-a26e-e3f1f5736aa4	2025-09-08 09:28:01.686-04	10.0.20.39	Mozilla/5.0 (Windows NT 10.0; Win64; x64; rv:142.0) Gecko/20100101 Firefox/142.0	directus_fields	118	http://10.0.20.3:8055
796	delete	c5e8bb40-50e6-4421-a26e-e3f1f5736aa4	2025-09-08 09:28:01.702-04	10.0.20.39	Mozilla/5.0 (Windows NT 10.0; Win64; x64; rv:142.0) Gecko/20100101 Firefox/142.0	directus_fields	104	http://10.0.20.3:8055
797	delete	c5e8bb40-50e6-4421-a26e-e3f1f5736aa4	2025-09-08 09:28:05.711-04	10.0.20.39	Mozilla/5.0 (Windows NT 10.0; Win64; x64; rv:142.0) Gecko/20100101 Firefox/142.0	directus_collections	Trust_Logos	http://10.0.20.3:8055
798	delete	c5e8bb40-50e6-4421-a26e-e3f1f5736aa4	2025-09-08 09:28:05.715-04	10.0.20.39	Mozilla/5.0 (Windows NT 10.0; Win64; x64; rv:142.0) Gecko/20100101 Firefox/142.0	directus_fields	97	http://10.0.20.3:8055
799	delete	c5e8bb40-50e6-4421-a26e-e3f1f5736aa4	2025-09-08 09:28:05.716-04	10.0.20.39	Mozilla/5.0 (Windows NT 10.0; Win64; x64; rv:142.0) Gecko/20100101 Firefox/142.0	directus_fields	98	http://10.0.20.3:8055
800	delete	c5e8bb40-50e6-4421-a26e-e3f1f5736aa4	2025-09-08 09:28:05.717-04	10.0.20.39	Mozilla/5.0 (Windows NT 10.0; Win64; x64; rv:142.0) Gecko/20100101 Firefox/142.0	directus_fields	99	http://10.0.20.3:8055
801	delete	c5e8bb40-50e6-4421-a26e-e3f1f5736aa4	2025-09-08 09:28:05.718-04	10.0.20.39	Mozilla/5.0 (Windows NT 10.0; Win64; x64; rv:142.0) Gecko/20100101 Firefox/142.0	directus_fields	100	http://10.0.20.3:8055
802	delete	c5e8bb40-50e6-4421-a26e-e3f1f5736aa4	2025-09-08 09:28:05.72-04	10.0.20.39	Mozilla/5.0 (Windows NT 10.0; Win64; x64; rv:142.0) Gecko/20100101 Firefox/142.0	directus_fields	101	http://10.0.20.3:8055
803	delete	c5e8bb40-50e6-4421-a26e-e3f1f5736aa4	2025-09-08 09:28:05.721-04	10.0.20.39	Mozilla/5.0 (Windows NT 10.0; Win64; x64; rv:142.0) Gecko/20100101 Firefox/142.0	directus_fields	102	http://10.0.20.3:8055
804	delete	c5e8bb40-50e6-4421-a26e-e3f1f5736aa4	2025-09-08 09:28:05.722-04	10.0.20.39	Mozilla/5.0 (Windows NT 10.0; Win64; x64; rv:142.0) Gecko/20100101 Firefox/142.0	directus_fields	103	http://10.0.20.3:8055
805	delete	c5e8bb40-50e6-4421-a26e-e3f1f5736aa4	2025-09-08 09:28:05.723-04	10.0.20.39	Mozilla/5.0 (Windows NT 10.0; Win64; x64; rv:142.0) Gecko/20100101 Firefox/142.0	directus_fields	124	http://10.0.20.3:8055
806	create	c5e8bb40-50e6-4421-a26e-e3f1f5736aa4	2025-09-08 09:32:30.216-04	10.0.20.39	Mozilla/5.0 (Windows NT 10.0; Win64; x64; rv:142.0) Gecko/20100101 Firefox/142.0	directus_fields	125	http://10.0.20.3:8055
807	create	c5e8bb40-50e6-4421-a26e-e3f1f5736aa4	2025-09-08 09:32:30.222-04	10.0.20.39	Mozilla/5.0 (Windows NT 10.0; Win64; x64; rv:142.0) Gecko/20100101 Firefox/142.0	directus_fields	126	http://10.0.20.3:8055
808	create	c5e8bb40-50e6-4421-a26e-e3f1f5736aa4	2025-09-08 09:32:30.226-04	10.0.20.39	Mozilla/5.0 (Windows NT 10.0; Win64; x64; rv:142.0) Gecko/20100101 Firefox/142.0	directus_fields	127	http://10.0.20.3:8055
809	create	c5e8bb40-50e6-4421-a26e-e3f1f5736aa4	2025-09-08 09:32:30.23-04	10.0.20.39	Mozilla/5.0 (Windows NT 10.0; Win64; x64; rv:142.0) Gecko/20100101 Firefox/142.0	directus_fields	128	http://10.0.20.3:8055
810	create	c5e8bb40-50e6-4421-a26e-e3f1f5736aa4	2025-09-08 09:32:30.235-04	10.0.20.39	Mozilla/5.0 (Windows NT 10.0; Win64; x64; rv:142.0) Gecko/20100101 Firefox/142.0	directus_fields	129	http://10.0.20.3:8055
811	create	c5e8bb40-50e6-4421-a26e-e3f1f5736aa4	2025-09-08 09:32:30.239-04	10.0.20.39	Mozilla/5.0 (Windows NT 10.0; Win64; x64; rv:142.0) Gecko/20100101 Firefox/142.0	directus_fields	130	http://10.0.20.3:8055
812	create	c5e8bb40-50e6-4421-a26e-e3f1f5736aa4	2025-09-08 09:32:30.243-04	10.0.20.39	Mozilla/5.0 (Windows NT 10.0; Win64; x64; rv:142.0) Gecko/20100101 Firefox/142.0	directus_collections	Trust_Logos	http://10.0.20.3:8055
813	create	c5e8bb40-50e6-4421-a26e-e3f1f5736aa4	2025-09-08 09:32:56.511-04	10.0.20.39	Mozilla/5.0 (Windows NT 10.0; Win64; x64; rv:142.0) Gecko/20100101 Firefox/142.0	directus_fields	131	http://10.0.20.3:8055
814	update	c5e8bb40-50e6-4421-a26e-e3f1f5736aa4	2025-09-08 09:33:00.412-04	10.0.20.39	Mozilla/5.0 (Windows NT 10.0; Win64; x64; rv:142.0) Gecko/20100101 Firefox/142.0	directus_fields	131	http://10.0.20.3:8055
815	create	c5e8bb40-50e6-4421-a26e-e3f1f5736aa4	2025-09-08 09:33:34.051-04	10.0.20.39	Mozilla/5.0 (Windows NT 10.0; Win64; x64; rv:142.0) Gecko/20100101 Firefox/142.0	directus_fields	132	http://10.0.20.3:8055
816	update	c5e8bb40-50e6-4421-a26e-e3f1f5736aa4	2025-09-08 09:33:36.802-04	10.0.20.39	Mozilla/5.0 (Windows NT 10.0; Win64; x64; rv:142.0) Gecko/20100101 Firefox/142.0	directus_fields	132	http://10.0.20.3:8055
817	create	c5e8bb40-50e6-4421-a26e-e3f1f5736aa4	2025-09-08 09:34:04.813-04	10.0.20.39	Mozilla/5.0 (Windows NT 10.0; Win64; x64; rv:142.0) Gecko/20100101 Firefox/142.0	directus_fields	133	http://10.0.20.3:8055
818	update	c5e8bb40-50e6-4421-a26e-e3f1f5736aa4	2025-09-08 09:34:08.549-04	10.0.20.39	Mozilla/5.0 (Windows NT 10.0; Win64; x64; rv:142.0) Gecko/20100101 Firefox/142.0	directus_fields	133	http://10.0.20.3:8055
819	create	c5e8bb40-50e6-4421-a26e-e3f1f5736aa4	2025-09-08 09:34:58.117-04	10.0.20.39	Mozilla/5.0 (Windows NT 10.0; Win64; x64; rv:142.0) Gecko/20100101 Firefox/142.0	directus_fields	134	http://10.0.20.3:8055
820	create	c5e8bb40-50e6-4421-a26e-e3f1f5736aa4	2025-09-08 09:34:58.232-04	10.0.20.39	Mozilla/5.0 (Windows NT 10.0; Win64; x64; rv:142.0) Gecko/20100101 Firefox/142.0	directus_fields	135	http://10.0.20.3:8055
821	create	c5e8bb40-50e6-4421-a26e-e3f1f5736aa4	2025-09-08 09:34:58.236-04	10.0.20.39	Mozilla/5.0 (Windows NT 10.0; Win64; x64; rv:142.0) Gecko/20100101 Firefox/142.0	directus_collections	Trust_Logos_translations	http://10.0.20.3:8055
822	create	c5e8bb40-50e6-4421-a26e-e3f1f5736aa4	2025-09-08 09:34:58.297-04	10.0.20.39	Mozilla/5.0 (Windows NT 10.0; Win64; x64; rv:142.0) Gecko/20100101 Firefox/142.0	directus_fields	136	http://10.0.20.3:8055
823	create	c5e8bb40-50e6-4421-a26e-e3f1f5736aa4	2025-09-08 09:34:58.412-04	10.0.20.39	Mozilla/5.0 (Windows NT 10.0; Win64; x64; rv:142.0) Gecko/20100101 Firefox/142.0	directus_fields	137	http://10.0.20.3:8055
824	update	c5e8bb40-50e6-4421-a26e-e3f1f5736aa4	2025-09-08 09:35:40.262-04	10.0.20.39	Mozilla/5.0 (Windows NT 10.0; Win64; x64; rv:142.0) Gecko/20100101 Firefox/142.0	directus_fields	134	http://10.0.20.3:8055
825	create	c5e8bb40-50e6-4421-a26e-e3f1f5736aa4	2025-09-08 09:36:05.877-04	10.0.20.39	Mozilla/5.0 (Windows NT 10.0; Win64; x64; rv:142.0) Gecko/20100101 Firefox/142.0	directus_fields	138	http://10.0.20.3:8055
826	create	c5e8bb40-50e6-4421-a26e-e3f1f5736aa4	2025-09-08 09:36:35.051-04	10.0.20.39	Mozilla/5.0 (Windows NT 10.0; Win64; x64; rv:142.0) Gecko/20100101 Firefox/142.0	directus_fields	139	http://10.0.20.3:8055
827	create	c5e8bb40-50e6-4421-a26e-e3f1f5736aa4	2025-09-08 09:36:35.056-04	10.0.20.39	Mozilla/5.0 (Windows NT 10.0; Win64; x64; rv:142.0) Gecko/20100101 Firefox/142.0	directus_fields	140	http://10.0.20.3:8055
828	create	c5e8bb40-50e6-4421-a26e-e3f1f5736aa4	2025-09-08 09:36:35.061-04	10.0.20.39	Mozilla/5.0 (Windows NT 10.0; Win64; x64; rv:142.0) Gecko/20100101 Firefox/142.0	directus_fields	141	http://10.0.20.3:8055
829	create	c5e8bb40-50e6-4421-a26e-e3f1f5736aa4	2025-09-08 09:36:35.066-04	10.0.20.39	Mozilla/5.0 (Windows NT 10.0; Win64; x64; rv:142.0) Gecko/20100101 Firefox/142.0	directus_fields	142	http://10.0.20.3:8055
830	create	c5e8bb40-50e6-4421-a26e-e3f1f5736aa4	2025-09-08 09:36:35.07-04	10.0.20.39	Mozilla/5.0 (Windows NT 10.0; Win64; x64; rv:142.0) Gecko/20100101 Firefox/142.0	directus_fields	143	http://10.0.20.3:8055
831	create	c5e8bb40-50e6-4421-a26e-e3f1f5736aa4	2025-09-08 09:36:35.075-04	10.0.20.39	Mozilla/5.0 (Windows NT 10.0; Win64; x64; rv:142.0) Gecko/20100101 Firefox/142.0	directus_fields	144	http://10.0.20.3:8055
832	create	c5e8bb40-50e6-4421-a26e-e3f1f5736aa4	2025-09-08 09:36:35.079-04	10.0.20.39	Mozilla/5.0 (Windows NT 10.0; Win64; x64; rv:142.0) Gecko/20100101 Firefox/142.0	directus_fields	145	http://10.0.20.3:8055
833	create	c5e8bb40-50e6-4421-a26e-e3f1f5736aa4	2025-09-08 09:36:35.083-04	10.0.20.39	Mozilla/5.0 (Windows NT 10.0; Win64; x64; rv:142.0) Gecko/20100101 Firefox/142.0	directus_collections	Trust_Logo_Images	http://10.0.20.3:8055
834	update	c5e8bb40-50e6-4421-a26e-e3f1f5736aa4	2025-09-08 09:42:44.243-04	10.0.20.39	Mozilla/5.0 (Windows NT 10.0; Win64; x64; rv:142.0) Gecko/20100101 Firefox/142.0	directus_collections	Trust_Logos	http://10.0.20.3:8055
835	create	c5e8bb40-50e6-4421-a26e-e3f1f5736aa4	2025-09-08 09:43:24.976-04	10.0.20.39	Mozilla/5.0 (Windows NT 10.0; Win64; x64; rv:142.0) Gecko/20100101 Firefox/142.0	directus_fields	146	http://10.0.20.3:8055
836	update	c5e8bb40-50e6-4421-a26e-e3f1f5736aa4	2025-09-08 09:43:38.743-04	10.0.20.39	Mozilla/5.0 (Windows NT 10.0; Win64; x64; rv:142.0) Gecko/20100101 Firefox/142.0	directus_collections	Trust_Logos	http://10.0.20.3:8055
837	update	c5e8bb40-50e6-4421-a26e-e3f1f5736aa4	2025-09-08 09:44:11.255-04	10.0.20.39	Mozilla/5.0 (Windows NT 10.0; Win64; x64; rv:142.0) Gecko/20100101 Firefox/142.0	directus_collections	pages	http://10.0.20.3:8055
838	update	c5e8bb40-50e6-4421-a26e-e3f1f5736aa4	2025-09-08 09:44:11.262-04	10.0.20.39	Mozilla/5.0 (Windows NT 10.0; Win64; x64; rv:142.0) Gecko/20100101 Firefox/142.0	directus_collections	Landing_Page	http://10.0.20.3:8055
839	update	c5e8bb40-50e6-4421-a26e-e3f1f5736aa4	2025-09-08 09:44:11.269-04	10.0.20.39	Mozilla/5.0 (Windows NT 10.0; Win64; x64; rv:142.0) Gecko/20100101 Firefox/142.0	directus_collections	Trust_Logos	http://10.0.20.3:8055
840	update	c5e8bb40-50e6-4421-a26e-e3f1f5736aa4	2025-09-08 09:44:11.275-04	10.0.20.39	Mozilla/5.0 (Windows NT 10.0; Win64; x64; rv:142.0) Gecko/20100101 Firefox/142.0	directus_collections	Menus	http://10.0.20.3:8055
841	update	c5e8bb40-50e6-4421-a26e-e3f1f5736aa4	2025-09-08 09:44:11.281-04	10.0.20.39	Mozilla/5.0 (Windows NT 10.0; Win64; x64; rv:142.0) Gecko/20100101 Firefox/142.0	directus_collections	General_Settings	http://10.0.20.3:8055
842	update	c5e8bb40-50e6-4421-a26e-e3f1f5736aa4	2025-09-08 09:44:11.288-04	10.0.20.39	Mozilla/5.0 (Windows NT 10.0; Win64; x64; rv:142.0) Gecko/20100101 Firefox/142.0	directus_collections	Trust_Logo_Images	http://10.0.20.3:8055
843	update	c5e8bb40-50e6-4421-a26e-e3f1f5736aa4	2025-09-08 09:44:11.294-04	10.0.20.39	Mozilla/5.0 (Windows NT 10.0; Win64; x64; rv:142.0) Gecko/20100101 Firefox/142.0	directus_collections	Trust_Logos_translations	http://10.0.20.3:8055
844	update	c5e8bb40-50e6-4421-a26e-e3f1f5736aa4	2025-09-08 09:44:18.902-04	10.0.20.39	Mozilla/5.0 (Windows NT 10.0; Win64; x64; rv:142.0) Gecko/20100101 Firefox/142.0	directus_collections	pages	http://10.0.20.3:8055
845	update	c5e8bb40-50e6-4421-a26e-e3f1f5736aa4	2025-09-08 09:44:18.902-04	10.0.20.39	Mozilla/5.0 (Windows NT 10.0; Win64; x64; rv:142.0) Gecko/20100101 Firefox/142.0	directus_collections	Trust_Logos	http://10.0.20.3:8055
846	update	c5e8bb40-50e6-4421-a26e-e3f1f5736aa4	2025-09-08 09:44:18.91-04	10.0.20.39	Mozilla/5.0 (Windows NT 10.0; Win64; x64; rv:142.0) Gecko/20100101 Firefox/142.0	directus_collections	Landing_Page	http://10.0.20.3:8055
847	update	c5e8bb40-50e6-4421-a26e-e3f1f5736aa4	2025-09-08 09:44:18.911-04	10.0.20.39	Mozilla/5.0 (Windows NT 10.0; Win64; x64; rv:142.0) Gecko/20100101 Firefox/142.0	directus_collections	hero	http://10.0.20.3:8055
848	update	c5e8bb40-50e6-4421-a26e-e3f1f5736aa4	2025-09-08 09:44:18.918-04	10.0.20.39	Mozilla/5.0 (Windows NT 10.0; Win64; x64; rv:142.0) Gecko/20100101 Firefox/142.0	directus_collections	Menus	http://10.0.20.3:8055
849	update	c5e8bb40-50e6-4421-a26e-e3f1f5736aa4	2025-09-08 09:44:18.919-04	10.0.20.39	Mozilla/5.0 (Windows NT 10.0; Win64; x64; rv:142.0) Gecko/20100101 Firefox/142.0	directus_collections	hero_translations	http://10.0.20.3:8055
850	update	c5e8bb40-50e6-4421-a26e-e3f1f5736aa4	2025-09-08 09:44:18.926-04	10.0.20.39	Mozilla/5.0 (Windows NT 10.0; Win64; x64; rv:142.0) Gecko/20100101 Firefox/142.0	directus_collections	General_Settings	http://10.0.20.3:8055
851	update	c5e8bb40-50e6-4421-a26e-e3f1f5736aa4	2025-09-08 09:44:18.932-04	10.0.20.39	Mozilla/5.0 (Windows NT 10.0; Win64; x64; rv:142.0) Gecko/20100101 Firefox/142.0	directus_collections	Trust_Logo_Images	http://10.0.20.3:8055
852	update	c5e8bb40-50e6-4421-a26e-e3f1f5736aa4	2025-09-08 09:44:18.94-04	10.0.20.39	Mozilla/5.0 (Windows NT 10.0; Win64; x64; rv:142.0) Gecko/20100101 Firefox/142.0	directus_collections	Trust_Logos_translations	http://10.0.20.3:8055
853	update	c5e8bb40-50e6-4421-a26e-e3f1f5736aa4	2025-09-08 09:44:20.802-04	10.0.20.39	Mozilla/5.0 (Windows NT 10.0; Win64; x64; rv:142.0) Gecko/20100101 Firefox/142.0	directus_collections	hero	http://10.0.20.3:8055
854	update	c5e8bb40-50e6-4421-a26e-e3f1f5736aa4	2025-09-08 09:44:20.818-04	10.0.20.39	Mozilla/5.0 (Windows NT 10.0; Win64; x64; rv:142.0) Gecko/20100101 Firefox/142.0	directus_collections	Trust_Logos	http://10.0.20.3:8055
855	update	c5e8bb40-50e6-4421-a26e-e3f1f5736aa4	2025-09-08 09:44:20.828-04	10.0.20.39	Mozilla/5.0 (Windows NT 10.0; Win64; x64; rv:142.0) Gecko/20100101 Firefox/142.0	directus_collections	hero_translations	http://10.0.20.3:8055
856	create	c5e8bb40-50e6-4421-a26e-e3f1f5736aa4	2025-09-08 09:45:48.306-04	10.0.20.39	Mozilla/5.0 (Windows NT 10.0; Win64; x64; rv:142.0) Gecko/20100101 Firefox/142.0	directus_fields	147	http://10.0.20.3:8055
857	create	c5e8bb40-50e6-4421-a26e-e3f1f5736aa4	2025-09-08 09:46:22.88-04	10.0.20.39	Mozilla/5.0 (Windows NT 10.0; Win64; x64; rv:142.0) Gecko/20100101 Firefox/142.0	directus_fields	148	http://10.0.20.3:8055
858	delete	c5e8bb40-50e6-4421-a26e-e3f1f5736aa4	2025-09-08 09:46:36.821-04	10.0.20.39	Mozilla/5.0 (Windows NT 10.0; Win64; x64; rv:142.0) Gecko/20100101 Firefox/142.0	directus_fields	148	http://10.0.20.3:8055
859	create	c5e8bb40-50e6-4421-a26e-e3f1f5736aa4	2025-09-08 09:46:55.678-04	10.0.20.39	Mozilla/5.0 (Windows NT 10.0; Win64; x64; rv:142.0) Gecko/20100101 Firefox/142.0	directus_fields	149	http://10.0.20.3:8055
860	create	c5e8bb40-50e6-4421-a26e-e3f1f5736aa4	2025-09-08 09:48:56.369-04	10.0.20.39	Mozilla/5.0 (Windows NT 10.0; Win64; x64; rv:142.0) Gecko/20100101 Firefox/142.0	directus_fields	150	http://10.0.20.3:8055
861	create	c5e8bb40-50e6-4421-a26e-e3f1f5736aa4	2025-09-08 09:49:03.876-04	10.0.20.39	Mozilla/5.0 (Windows NT 10.0; Win64; x64; rv:142.0) Gecko/20100101 Firefox/142.0	directus_fields	151	http://10.0.20.3:8055
862	delete	c5e8bb40-50e6-4421-a26e-e3f1f5736aa4	2025-09-08 09:49:13.524-04	10.0.20.39	Mozilla/5.0 (Windows NT 10.0; Win64; x64; rv:142.0) Gecko/20100101 Firefox/142.0	directus_fields	150	http://10.0.20.3:8055
863	create	c5e8bb40-50e6-4421-a26e-e3f1f5736aa4	2025-09-08 09:49:56.258-04	10.0.20.39	Mozilla/5.0 (Windows NT 10.0; Win64; x64; rv:142.0) Gecko/20100101 Firefox/142.0	directus_fields	152	http://10.0.20.3:8055
864	create	c5e8bb40-50e6-4421-a26e-e3f1f5736aa4	2025-09-08 09:49:56.405-04	10.0.20.39	Mozilla/5.0 (Windows NT 10.0; Win64; x64; rv:142.0) Gecko/20100101 Firefox/142.0	directus_fields	153	http://10.0.20.3:8055
865	create	c5e8bb40-50e6-4421-a26e-e3f1f5736aa4	2025-09-08 09:49:56.41-04	10.0.20.39	Mozilla/5.0 (Windows NT 10.0; Win64; x64; rv:142.0) Gecko/20100101 Firefox/142.0	directus_collections	Trust_Logo_Images_translations	http://10.0.20.3:8055
866	create	c5e8bb40-50e6-4421-a26e-e3f1f5736aa4	2025-09-08 09:49:56.473-04	10.0.20.39	Mozilla/5.0 (Windows NT 10.0; Win64; x64; rv:142.0) Gecko/20100101 Firefox/142.0	directus_fields	154	http://10.0.20.3:8055
867	create	c5e8bb40-50e6-4421-a26e-e3f1f5736aa4	2025-09-08 09:49:56.604-04	10.0.20.39	Mozilla/5.0 (Windows NT 10.0; Win64; x64; rv:142.0) Gecko/20100101 Firefox/142.0	directus_fields	155	http://10.0.20.3:8055
868	create	c5e8bb40-50e6-4421-a26e-e3f1f5736aa4	2025-09-08 09:50:21.981-04	10.0.20.39	Mozilla/5.0 (Windows NT 10.0; Win64; x64; rv:142.0) Gecko/20100101 Firefox/142.0	directus_fields	156	http://10.0.20.3:8055
869	update	c5e8bb40-50e6-4421-a26e-e3f1f5736aa4	2025-09-08 09:50:37.689-04	10.0.20.39	Mozilla/5.0 (Windows NT 10.0; Win64; x64; rv:142.0) Gecko/20100101 Firefox/142.0	directus_collections	Trust_Logo_Images	http://10.0.20.3:8055
870	update	c5e8bb40-50e6-4421-a26e-e3f1f5736aa4	2025-09-08 09:50:37.69-04	10.0.20.39	Mozilla/5.0 (Windows NT 10.0; Win64; x64; rv:142.0) Gecko/20100101 Firefox/142.0	directus_collections	pages	http://10.0.20.3:8055
871	update	c5e8bb40-50e6-4421-a26e-e3f1f5736aa4	2025-09-08 09:50:37.702-04	10.0.20.39	Mozilla/5.0 (Windows NT 10.0; Win64; x64; rv:142.0) Gecko/20100101 Firefox/142.0	directus_collections	Landing_Page	http://10.0.20.3:8055
872	update	c5e8bb40-50e6-4421-a26e-e3f1f5736aa4	2025-09-08 09:50:37.709-04	10.0.20.39	Mozilla/5.0 (Windows NT 10.0; Win64; x64; rv:142.0) Gecko/20100101 Firefox/142.0	directus_collections	Menus	http://10.0.20.3:8055
873	update	c5e8bb40-50e6-4421-a26e-e3f1f5736aa4	2025-09-08 09:50:37.716-04	10.0.20.39	Mozilla/5.0 (Windows NT 10.0; Win64; x64; rv:142.0) Gecko/20100101 Firefox/142.0	directus_collections	General_Settings	http://10.0.20.3:8055
874	update	c5e8bb40-50e6-4421-a26e-e3f1f5736aa4	2025-09-08 09:50:37.723-04	10.0.20.39	Mozilla/5.0 (Windows NT 10.0; Win64; x64; rv:142.0) Gecko/20100101 Firefox/142.0	directus_collections	Trust_Logos_translations	http://10.0.20.3:8055
875	update	c5e8bb40-50e6-4421-a26e-e3f1f5736aa4	2025-09-08 09:50:37.732-04	10.0.20.39	Mozilla/5.0 (Windows NT 10.0; Win64; x64; rv:142.0) Gecko/20100101 Firefox/142.0	directus_collections	Trust_Logo_Images_translations	http://10.0.20.3:8055
877	update	c5e8bb40-50e6-4421-a26e-e3f1f5736aa4	2025-09-08 09:56:26.977-04	10.0.20.39	Mozilla/5.0 (Windows NT 10.0; Win64; x64; rv:142.0) Gecko/20100101 Firefox/142.0	directus_collections	Trust_Logo_Images	http://10.0.20.3:8055
876	update	c5e8bb40-50e6-4421-a26e-e3f1f5736aa4	2025-09-08 09:54:59.604-04	10.0.20.39	Mozilla/5.0 (Windows NT 10.0; Win64; x64; rv:142.0) Gecko/20100101 Firefox/142.0	directus_collections	Trust_Logos	http://10.0.20.3:8055
878	create	c5e8bb40-50e6-4421-a26e-e3f1f5736aa4	2025-09-08 09:56:54.091-04	10.0.20.39	Mozilla/5.0 (Windows NT 10.0; Win64; x64; rv:142.0) Gecko/20100101 Firefox/142.0	directus_files	0c316c98-891a-45f2-b878-b5fa454cc1ca	http://10.0.20.3:8055
879	create	c5e8bb40-50e6-4421-a26e-e3f1f5736aa4	2025-09-08 09:57:32.664-04	10.0.20.39	Mozilla/5.0 (Windows NT 10.0; Win64; x64; rv:142.0) Gecko/20100101 Firefox/142.0	Trust_Logo_Images_translations	1	http://10.0.20.3:8055
880	create	c5e8bb40-50e6-4421-a26e-e3f1f5736aa4	2025-09-08 09:57:32.669-04	10.0.20.39	Mozilla/5.0 (Windows NT 10.0; Win64; x64; rv:142.0) Gecko/20100101 Firefox/142.0	Trust_Logo_Images_translations	2	http://10.0.20.3:8055
881	create	c5e8bb40-50e6-4421-a26e-e3f1f5736aa4	2025-09-08 09:57:32.673-04	10.0.20.39	Mozilla/5.0 (Windows NT 10.0; Win64; x64; rv:142.0) Gecko/20100101 Firefox/142.0	Trust_Logo_Images_translations	3	http://10.0.20.3:8055
882	create	c5e8bb40-50e6-4421-a26e-e3f1f5736aa4	2025-09-08 09:57:32.678-04	10.0.20.39	Mozilla/5.0 (Windows NT 10.0; Win64; x64; rv:142.0) Gecko/20100101 Firefox/142.0	Trust_Logo_Images_translations	4	http://10.0.20.3:8055
883	create	c5e8bb40-50e6-4421-a26e-e3f1f5736aa4	2025-09-08 09:57:32.683-04	10.0.20.39	Mozilla/5.0 (Windows NT 10.0; Win64; x64; rv:142.0) Gecko/20100101 Firefox/142.0	Trust_Logo_Images	2	http://10.0.20.3:8055
884	update	c5e8bb40-50e6-4421-a26e-e3f1f5736aa4	2025-09-08 09:58:12.391-04	10.0.20.39	Mozilla/5.0 (Windows NT 10.0; Win64; x64; rv:142.0) Gecko/20100101 Firefox/142.0	directus_fields	146	http://10.0.20.3:8055
885	update	c5e8bb40-50e6-4421-a26e-e3f1f5736aa4	2025-09-08 09:58:16.181-04	10.0.20.39	Mozilla/5.0 (Windows NT 10.0; Win64; x64; rv:142.0) Gecko/20100101 Firefox/142.0	directus_fields	139	http://10.0.20.3:8055
886	update	c5e8bb40-50e6-4421-a26e-e3f1f5736aa4	2025-09-08 09:58:16.189-04	10.0.20.39	Mozilla/5.0 (Windows NT 10.0; Win64; x64; rv:142.0) Gecko/20100101 Firefox/142.0	directus_fields	140	http://10.0.20.3:8055
887	update	c5e8bb40-50e6-4421-a26e-e3f1f5736aa4	2025-09-08 09:58:16.199-04	10.0.20.39	Mozilla/5.0 (Windows NT 10.0; Win64; x64; rv:142.0) Gecko/20100101 Firefox/142.0	directus_fields	141	http://10.0.20.3:8055
888	update	c5e8bb40-50e6-4421-a26e-e3f1f5736aa4	2025-09-08 09:58:16.207-04	10.0.20.39	Mozilla/5.0 (Windows NT 10.0; Win64; x64; rv:142.0) Gecko/20100101 Firefox/142.0	directus_fields	142	http://10.0.20.3:8055
889	update	c5e8bb40-50e6-4421-a26e-e3f1f5736aa4	2025-09-08 09:58:16.216-04	10.0.20.39	Mozilla/5.0 (Windows NT 10.0; Win64; x64; rv:142.0) Gecko/20100101 Firefox/142.0	directus_fields	143	http://10.0.20.3:8055
890	update	c5e8bb40-50e6-4421-a26e-e3f1f5736aa4	2025-09-08 09:58:16.225-04	10.0.20.39	Mozilla/5.0 (Windows NT 10.0; Win64; x64; rv:142.0) Gecko/20100101 Firefox/142.0	directus_fields	144	http://10.0.20.3:8055
891	update	c5e8bb40-50e6-4421-a26e-e3f1f5736aa4	2025-09-08 09:58:16.235-04	10.0.20.39	Mozilla/5.0 (Windows NT 10.0; Win64; x64; rv:142.0) Gecko/20100101 Firefox/142.0	directus_fields	145	http://10.0.20.3:8055
892	update	c5e8bb40-50e6-4421-a26e-e3f1f5736aa4	2025-09-08 09:58:16.245-04	10.0.20.39	Mozilla/5.0 (Windows NT 10.0; Win64; x64; rv:142.0) Gecko/20100101 Firefox/142.0	directus_fields	149	http://10.0.20.3:8055
893	update	c5e8bb40-50e6-4421-a26e-e3f1f5736aa4	2025-09-08 09:58:16.255-04	10.0.20.39	Mozilla/5.0 (Windows NT 10.0; Win64; x64; rv:142.0) Gecko/20100101 Firefox/142.0	directus_fields	151	http://10.0.20.3:8055
894	update	c5e8bb40-50e6-4421-a26e-e3f1f5736aa4	2025-09-08 09:58:16.264-04	10.0.20.39	Mozilla/5.0 (Windows NT 10.0; Win64; x64; rv:142.0) Gecko/20100101 Firefox/142.0	directus_fields	152	http://10.0.20.3:8055
895	update	c5e8bb40-50e6-4421-a26e-e3f1f5736aa4	2025-09-08 09:58:16.273-04	10.0.20.39	Mozilla/5.0 (Windows NT 10.0; Win64; x64; rv:142.0) Gecko/20100101 Firefox/142.0	directus_fields	146	http://10.0.20.3:8055
896	update	c5e8bb40-50e6-4421-a26e-e3f1f5736aa4	2025-09-08 09:58:30.345-04	10.0.20.39	Mozilla/5.0 (Windows NT 10.0; Win64; x64; rv:142.0) Gecko/20100101 Firefox/142.0	directus_fields	146	http://10.0.20.3:8055
897	update	c5e8bb40-50e6-4421-a26e-e3f1f5736aa4	2025-09-08 09:59:21.678-04	10.0.20.39	Mozilla/5.0 (Windows NT 10.0; Win64; x64; rv:142.0) Gecko/20100101 Firefox/142.0	directus_fields	147	http://10.0.20.3:8055
898	update	c5e8bb40-50e6-4421-a26e-e3f1f5736aa4	2025-09-08 10:00:29.716-04	10.0.20.39	Mozilla/5.0 (Windows NT 10.0; Win64; x64; rv:142.0) Gecko/20100101 Firefox/142.0	directus_fields	147	http://10.0.20.3:8055
899	update	c5e8bb40-50e6-4421-a26e-e3f1f5736aa4	2025-09-08 10:01:26.031-04	10.0.20.39	Mozilla/5.0 (Windows NT 10.0; Win64; x64; rv:142.0) Gecko/20100101 Firefox/142.0	directus_fields	147	http://10.0.20.3:8055
900	update	c5e8bb40-50e6-4421-a26e-e3f1f5736aa4	2025-09-08 10:02:54.507-04	10.0.20.39	Mozilla/5.0 (Windows NT 10.0; Win64; x64; rv:142.0) Gecko/20100101 Firefox/142.0	directus_fields	147	http://10.0.20.3:8055
901	update	c5e8bb40-50e6-4421-a26e-e3f1f5736aa4	2025-09-08 10:03:12.966-04	10.0.20.39	Mozilla/5.0 (Windows NT 10.0; Win64; x64; rv:142.0) Gecko/20100101 Firefox/142.0	Trust_Logo_Images	2	http://10.0.20.3:8055
902	create	c5e8bb40-50e6-4421-a26e-e3f1f5736aa4	2025-09-08 10:03:12.976-04	10.0.20.39	Mozilla/5.0 (Windows NT 10.0; Win64; x64; rv:142.0) Gecko/20100101 Firefox/142.0	Trust_Logos	1	http://10.0.20.3:8055
903	create	c5e8bb40-50e6-4421-a26e-e3f1f5736aa4	2025-09-08 10:03:32.568-04	10.0.20.39	Mozilla/5.0 (Windows NT 10.0; Win64; x64; rv:142.0) Gecko/20100101 Firefox/142.0	directus_fields	157	http://10.0.20.3:8055
904	update	c5e8bb40-50e6-4421-a26e-e3f1f5736aa4	2025-09-08 10:03:36.124-04	10.0.20.39	Mozilla/5.0 (Windows NT 10.0; Win64; x64; rv:142.0) Gecko/20100101 Firefox/142.0	directus_fields	139	http://10.0.20.3:8055
905	update	c5e8bb40-50e6-4421-a26e-e3f1f5736aa4	2025-09-08 10:03:36.132-04	10.0.20.39	Mozilla/5.0 (Windows NT 10.0; Win64; x64; rv:142.0) Gecko/20100101 Firefox/142.0	directus_fields	157	http://10.0.20.3:8055
906	update	c5e8bb40-50e6-4421-a26e-e3f1f5736aa4	2025-09-08 10:03:36.14-04	10.0.20.39	Mozilla/5.0 (Windows NT 10.0; Win64; x64; rv:142.0) Gecko/20100101 Firefox/142.0	directus_fields	140	http://10.0.20.3:8055
907	update	c5e8bb40-50e6-4421-a26e-e3f1f5736aa4	2025-09-08 10:03:36.149-04	10.0.20.39	Mozilla/5.0 (Windows NT 10.0; Win64; x64; rv:142.0) Gecko/20100101 Firefox/142.0	directus_fields	141	http://10.0.20.3:8055
908	update	c5e8bb40-50e6-4421-a26e-e3f1f5736aa4	2025-09-08 10:03:36.158-04	10.0.20.39	Mozilla/5.0 (Windows NT 10.0; Win64; x64; rv:142.0) Gecko/20100101 Firefox/142.0	directus_fields	142	http://10.0.20.3:8055
909	update	c5e8bb40-50e6-4421-a26e-e3f1f5736aa4	2025-09-08 10:03:36.168-04	10.0.20.39	Mozilla/5.0 (Windows NT 10.0; Win64; x64; rv:142.0) Gecko/20100101 Firefox/142.0	directus_fields	143	http://10.0.20.3:8055
910	update	c5e8bb40-50e6-4421-a26e-e3f1f5736aa4	2025-09-08 10:03:36.176-04	10.0.20.39	Mozilla/5.0 (Windows NT 10.0; Win64; x64; rv:142.0) Gecko/20100101 Firefox/142.0	directus_fields	144	http://10.0.20.3:8055
911	update	c5e8bb40-50e6-4421-a26e-e3f1f5736aa4	2025-09-08 10:03:36.185-04	10.0.20.39	Mozilla/5.0 (Windows NT 10.0; Win64; x64; rv:142.0) Gecko/20100101 Firefox/142.0	directus_fields	145	http://10.0.20.3:8055
912	update	c5e8bb40-50e6-4421-a26e-e3f1f5736aa4	2025-09-08 10:03:36.196-04	10.0.20.39	Mozilla/5.0 (Windows NT 10.0; Win64; x64; rv:142.0) Gecko/20100101 Firefox/142.0	directus_fields	149	http://10.0.20.3:8055
913	update	c5e8bb40-50e6-4421-a26e-e3f1f5736aa4	2025-09-08 10:03:36.205-04	10.0.20.39	Mozilla/5.0 (Windows NT 10.0; Win64; x64; rv:142.0) Gecko/20100101 Firefox/142.0	directus_fields	151	http://10.0.20.3:8055
914	update	c5e8bb40-50e6-4421-a26e-e3f1f5736aa4	2025-09-08 10:03:36.214-04	10.0.20.39	Mozilla/5.0 (Windows NT 10.0; Win64; x64; rv:142.0) Gecko/20100101 Firefox/142.0	directus_fields	152	http://10.0.20.3:8055
915	update	c5e8bb40-50e6-4421-a26e-e3f1f5736aa4	2025-09-08 10:03:36.224-04	10.0.20.39	Mozilla/5.0 (Windows NT 10.0; Win64; x64; rv:142.0) Gecko/20100101 Firefox/142.0	directus_fields	146	http://10.0.20.3:8055
916	update	c5e8bb40-50e6-4421-a26e-e3f1f5736aa4	2025-09-08 10:03:47.958-04	10.0.20.39	Mozilla/5.0 (Windows NT 10.0; Win64; x64; rv:142.0) Gecko/20100101 Firefox/142.0	Trust_Logo_Images	2	http://10.0.20.3:8055
917	update	c5e8bb40-50e6-4421-a26e-e3f1f5736aa4	2025-09-08 10:04:14.369-04	10.0.20.39	Mozilla/5.0 (Windows NT 10.0; Win64; x64; rv:142.0) Gecko/20100101 Firefox/142.0	directus_fields	147	http://10.0.20.3:8055
918	update	c5e8bb40-50e6-4421-a26e-e3f1f5736aa4	2025-09-08 10:04:58.174-04	10.0.20.39	Mozilla/5.0 (Windows NT 10.0; Win64; x64; rv:142.0) Gecko/20100101 Firefox/142.0	directus_fields	147	http://10.0.20.3:8055
919	update	c5e8bb40-50e6-4421-a26e-e3f1f5736aa4	2025-09-08 10:05:25.826-04	10.0.20.39	Mozilla/5.0 (Windows NT 10.0; Win64; x64; rv:142.0) Gecko/20100101 Firefox/142.0	directus_fields	147	http://10.0.20.3:8055
920	update	c5e8bb40-50e6-4421-a26e-e3f1f5736aa4	2025-09-08 10:08:34.968-04	10.0.20.39	Mozilla/5.0 (Windows NT 10.0; Win64; x64; rv:142.0) Gecko/20100101 Firefox/142.0	directus_collections	Trust_Logo_Images	http://10.0.20.3:8055
921	create	c5e8bb40-50e6-4421-a26e-e3f1f5736aa4	2025-09-08 10:14:55.82-04	10.0.20.39	Mozilla/5.0 (Windows NT 10.0; Win64; x64; rv:142.0) Gecko/20100101 Firefox/142.0	Trust_Logos_translations	1	http://10.0.20.3:8055
922	create	c5e8bb40-50e6-4421-a26e-e3f1f5736aa4	2025-09-08 10:14:55.825-04	10.0.20.39	Mozilla/5.0 (Windows NT 10.0; Win64; x64; rv:142.0) Gecko/20100101 Firefox/142.0	Trust_Logos_translations	2	http://10.0.20.3:8055
923	create	c5e8bb40-50e6-4421-a26e-e3f1f5736aa4	2025-09-08 10:14:55.829-04	10.0.20.39	Mozilla/5.0 (Windows NT 10.0; Win64; x64; rv:142.0) Gecko/20100101 Firefox/142.0	Trust_Logos_translations	3	http://10.0.20.3:8055
924	create	c5e8bb40-50e6-4421-a26e-e3f1f5736aa4	2025-09-08 10:14:55.834-04	10.0.20.39	Mozilla/5.0 (Windows NT 10.0; Win64; x64; rv:142.0) Gecko/20100101 Firefox/142.0	Trust_Logos_translations	4	http://10.0.20.3:8055
925	update	c5e8bb40-50e6-4421-a26e-e3f1f5736aa4	2025-09-08 10:14:55.84-04	10.0.20.39	Mozilla/5.0 (Windows NT 10.0; Win64; x64; rv:142.0) Gecko/20100101 Firefox/142.0	Trust_Logos	1	http://10.0.20.3:8055
926	update	c5e8bb40-50e6-4421-a26e-e3f1f5736aa4	2025-09-08 10:15:09.51-04	10.0.20.39	Mozilla/5.0 (Windows NT 10.0; Win64; x64; rv:142.0) Gecko/20100101 Firefox/142.0	Trust_Logos	1	http://10.0.20.3:8055
927	update	c5e8bb40-50e6-4421-a26e-e3f1f5736aa4	2025-09-08 10:15:57.316-04	10.0.20.39	Mozilla/5.0 (Windows NT 10.0; Win64; x64; rv:142.0) Gecko/20100101 Firefox/142.0	Trust_Logos	1	http://10.0.20.3:8055
928	create	c5e8bb40-50e6-4421-a26e-e3f1f5736aa4	2025-09-08 10:32:09.406-04	10.0.20.39	Mozilla/5.0 (Windows NT 10.0; Win64; x64; rv:142.0) Gecko/20100101 Firefox/142.0	directus_permissions	31	http://10.0.20.3:8055
929	create	c5e8bb40-50e6-4421-a26e-e3f1f5736aa4	2025-09-08 10:32:09.411-04	10.0.20.39	Mozilla/5.0 (Windows NT 10.0; Win64; x64; rv:142.0) Gecko/20100101 Firefox/142.0	directus_permissions	32	http://10.0.20.3:8055
930	create	c5e8bb40-50e6-4421-a26e-e3f1f5736aa4	2025-09-08 10:32:09.416-04	10.0.20.39	Mozilla/5.0 (Windows NT 10.0; Win64; x64; rv:142.0) Gecko/20100101 Firefox/142.0	directus_permissions	33	http://10.0.20.3:8055
931	create	c5e8bb40-50e6-4421-a26e-e3f1f5736aa4	2025-09-08 10:32:09.42-04	10.0.20.39	Mozilla/5.0 (Windows NT 10.0; Win64; x64; rv:142.0) Gecko/20100101 Firefox/142.0	directus_permissions	34	http://10.0.20.3:8055
932	update	c5e8bb40-50e6-4421-a26e-e3f1f5736aa4	2025-09-08 10:32:09.424-04	10.0.20.39	Mozilla/5.0 (Windows NT 10.0; Win64; x64; rv:142.0) Gecko/20100101 Firefox/142.0	directus_policies	abf8a154-5b1c-4a46-ac9c-7300570f4f17	http://10.0.20.3:8055
933	create	c5e8bb40-50e6-4421-a26e-e3f1f5736aa4	2025-09-08 10:38:11.634-04	10.0.20.39	Mozilla/5.0 (Windows NT 10.0; Win64; x64; rv:142.0) Gecko/20100101 Firefox/142.0	directus_fields	158	http://10.0.20.3:8055
934	update	c5e8bb40-50e6-4421-a26e-e3f1f5736aa4	2025-09-08 10:38:14.771-04	10.0.20.39	Mozilla/5.0 (Windows NT 10.0; Win64; x64; rv:142.0) Gecko/20100101 Firefox/142.0	directus_fields	74	http://10.0.20.3:8055
935	update	c5e8bb40-50e6-4421-a26e-e3f1f5736aa4	2025-09-08 10:38:14.782-04	10.0.20.39	Mozilla/5.0 (Windows NT 10.0; Win64; x64; rv:142.0) Gecko/20100101 Firefox/142.0	directus_fields	75	http://10.0.20.3:8055
936	update	c5e8bb40-50e6-4421-a26e-e3f1f5736aa4	2025-09-08 10:38:14.792-04	10.0.20.39	Mozilla/5.0 (Windows NT 10.0; Win64; x64; rv:142.0) Gecko/20100101 Firefox/142.0	directus_fields	76	http://10.0.20.3:8055
937	update	c5e8bb40-50e6-4421-a26e-e3f1f5736aa4	2025-09-08 10:38:14.803-04	10.0.20.39	Mozilla/5.0 (Windows NT 10.0; Win64; x64; rv:142.0) Gecko/20100101 Firefox/142.0	directus_fields	82	http://10.0.20.3:8055
938	update	c5e8bb40-50e6-4421-a26e-e3f1f5736aa4	2025-09-08 10:38:14.812-04	10.0.20.39	Mozilla/5.0 (Windows NT 10.0; Win64; x64; rv:142.0) Gecko/20100101 Firefox/142.0	directus_fields	88	http://10.0.20.3:8055
939	update	c5e8bb40-50e6-4421-a26e-e3f1f5736aa4	2025-09-08 10:38:14.822-04	10.0.20.39	Mozilla/5.0 (Windows NT 10.0; Win64; x64; rv:142.0) Gecko/20100101 Firefox/142.0	directus_fields	81	http://10.0.20.3:8055
940	update	c5e8bb40-50e6-4421-a26e-e3f1f5736aa4	2025-09-08 10:38:14.832-04	10.0.20.39	Mozilla/5.0 (Windows NT 10.0; Win64; x64; rv:142.0) Gecko/20100101 Firefox/142.0	directus_fields	83	http://10.0.20.3:8055
941	update	c5e8bb40-50e6-4421-a26e-e3f1f5736aa4	2025-09-08 10:38:14.842-04	10.0.20.39	Mozilla/5.0 (Windows NT 10.0; Win64; x64; rv:142.0) Gecko/20100101 Firefox/142.0	directus_fields	158	http://10.0.20.3:8055
942	update	c5e8bb40-50e6-4421-a26e-e3f1f5736aa4	2025-09-08 10:38:14.852-04	10.0.20.39	Mozilla/5.0 (Windows NT 10.0; Win64; x64; rv:142.0) Gecko/20100101 Firefox/142.0	directus_fields	85	http://10.0.20.3:8055
943	create	c5e8bb40-50e6-4421-a26e-e3f1f5736aa4	2025-09-08 10:45:04.982-04	10.0.20.39	Mozilla/5.0 (Windows NT 10.0; Win64; x64; rv:142.0) Gecko/20100101 Firefox/142.0	directus_fields	159	http://10.0.20.3:8055
944	create	c5e8bb40-50e6-4421-a26e-e3f1f5736aa4	2025-09-08 10:45:04.986-04	10.0.20.39	Mozilla/5.0 (Windows NT 10.0; Win64; x64; rv:142.0) Gecko/20100101 Firefox/142.0	directus_fields	160	http://10.0.20.3:8055
945	create	c5e8bb40-50e6-4421-a26e-e3f1f5736aa4	2025-09-08 10:45:04.991-04	10.0.20.39	Mozilla/5.0 (Windows NT 10.0; Win64; x64; rv:142.0) Gecko/20100101 Firefox/142.0	directus_fields	161	http://10.0.20.3:8055
946	create	c5e8bb40-50e6-4421-a26e-e3f1f5736aa4	2025-09-08 10:45:04.996-04	10.0.20.39	Mozilla/5.0 (Windows NT 10.0; Win64; x64; rv:142.0) Gecko/20100101 Firefox/142.0	directus_fields	162	http://10.0.20.3:8055
947	create	c5e8bb40-50e6-4421-a26e-e3f1f5736aa4	2025-09-08 10:45:05.001-04	10.0.20.39	Mozilla/5.0 (Windows NT 10.0; Win64; x64; rv:142.0) Gecko/20100101 Firefox/142.0	directus_fields	163	http://10.0.20.3:8055
948	create	c5e8bb40-50e6-4421-a26e-e3f1f5736aa4	2025-09-08 10:45:05.005-04	10.0.20.39	Mozilla/5.0 (Windows NT 10.0; Win64; x64; rv:142.0) Gecko/20100101 Firefox/142.0	directus_fields	164	http://10.0.20.3:8055
949	create	c5e8bb40-50e6-4421-a26e-e3f1f5736aa4	2025-09-08 10:45:05.01-04	10.0.20.39	Mozilla/5.0 (Windows NT 10.0; Win64; x64; rv:142.0) Gecko/20100101 Firefox/142.0	directus_fields	165	http://10.0.20.3:8055
950	create	c5e8bb40-50e6-4421-a26e-e3f1f5736aa4	2025-09-08 10:45:05.014-04	10.0.20.39	Mozilla/5.0 (Windows NT 10.0; Win64; x64; rv:142.0) Gecko/20100101 Firefox/142.0	directus_collections	Map_Cities	http://10.0.20.3:8055
951	update	c5e8bb40-50e6-4421-a26e-e3f1f5736aa4	2025-09-08 10:45:56.501-04	10.0.20.39	Mozilla/5.0 (Windows NT 10.0; Win64; x64; rv:142.0) Gecko/20100101 Firefox/142.0	directus_collections	hero	http://10.0.20.3:8055
952	create	c5e8bb40-50e6-4421-a26e-e3f1f5736aa4	2025-09-08 10:46:46.533-04	10.0.20.39	Mozilla/5.0 (Windows NT 10.0; Win64; x64; rv:142.0) Gecko/20100101 Firefox/142.0	directus_fields	166	http://10.0.20.3:8055
953	create	c5e8bb40-50e6-4421-a26e-e3f1f5736aa4	2025-09-08 10:46:46.664-04	10.0.20.39	Mozilla/5.0 (Windows NT 10.0; Win64; x64; rv:142.0) Gecko/20100101 Firefox/142.0	directus_fields	167	http://10.0.20.3:8055
954	create	c5e8bb40-50e6-4421-a26e-e3f1f5736aa4	2025-09-08 10:56:55.929-04	10.0.20.39	Mozilla/5.0 (Windows NT 10.0; Win64; x64; rv:142.0) Gecko/20100101 Firefox/142.0	directus_permissions	35	http://10.0.20.3:8055
955	update	c5e8bb40-50e6-4421-a26e-e3f1f5736aa4	2025-09-08 10:56:55.933-04	10.0.20.39	Mozilla/5.0 (Windows NT 10.0; Win64; x64; rv:142.0) Gecko/20100101 Firefox/142.0	directus_policies	abf8a154-5b1c-4a46-ac9c-7300570f4f17	http://10.0.20.3:8055
956	update	c5e8bb40-50e6-4421-a26e-e3f1f5736aa4	2025-09-08 11:01:07.669-04	10.0.20.39	Mozilla/5.0 (Windows NT 10.0; Win64; x64; rv:142.0) Gecko/20100101 Firefox/142.0	hero_translations	1	http://10.0.20.3:8055
957	update	c5e8bb40-50e6-4421-a26e-e3f1f5736aa4	2025-09-08 11:01:07.677-04	10.0.20.39	Mozilla/5.0 (Windows NT 10.0; Win64; x64; rv:142.0) Gecko/20100101 Firefox/142.0	hero_translations	2	http://10.0.20.3:8055
958	update	c5e8bb40-50e6-4421-a26e-e3f1f5736aa4	2025-09-08 11:01:07.683-04	10.0.20.39	Mozilla/5.0 (Windows NT 10.0; Win64; x64; rv:142.0) Gecko/20100101 Firefox/142.0	hero_translations	3	http://10.0.20.3:8055
959	update	c5e8bb40-50e6-4421-a26e-e3f1f5736aa4	2025-09-08 11:01:07.689-04	10.0.20.39	Mozilla/5.0 (Windows NT 10.0; Win64; x64; rv:142.0) Gecko/20100101 Firefox/142.0	hero_translations	4	http://10.0.20.3:8055
960	update	c5e8bb40-50e6-4421-a26e-e3f1f5736aa4	2025-09-08 11:01:07.695-04	10.0.20.39	Mozilla/5.0 (Windows NT 10.0; Win64; x64; rv:142.0) Gecko/20100101 Firefox/142.0	hero	1	http://10.0.20.3:8055
961	create	c5e8bb40-50e6-4421-a26e-e3f1f5736aa4	2025-09-08 11:03:24.87-04	10.0.20.39	Mozilla/5.0 (Windows NT 10.0; Win64; x64; rv:142.0) Gecko/20100101 Firefox/142.0	directus_fields	168	http://10.0.20.3:8055
962	update	c5e8bb40-50e6-4421-a26e-e3f1f5736aa4	2025-09-08 11:03:30.689-04	10.0.20.39	Mozilla/5.0 (Windows NT 10.0; Win64; x64; rv:142.0) Gecko/20100101 Firefox/142.0	directus_fields	168	http://10.0.20.3:8055
963	update	c5e8bb40-50e6-4421-a26e-e3f1f5736aa4	2025-09-08 11:03:33.161-04	10.0.20.39	Mozilla/5.0 (Windows NT 10.0; Win64; x64; rv:142.0) Gecko/20100101 Firefox/142.0	directus_fields	125	http://10.0.20.3:8055
964	update	c5e8bb40-50e6-4421-a26e-e3f1f5736aa4	2025-09-08 11:03:33.173-04	10.0.20.39	Mozilla/5.0 (Windows NT 10.0; Win64; x64; rv:142.0) Gecko/20100101 Firefox/142.0	directus_fields	126	http://10.0.20.3:8055
965	update	c5e8bb40-50e6-4421-a26e-e3f1f5736aa4	2025-09-08 11:03:33.183-04	10.0.20.39	Mozilla/5.0 (Windows NT 10.0; Win64; x64; rv:142.0) Gecko/20100101 Firefox/142.0	directus_fields	127	http://10.0.20.3:8055
966	update	c5e8bb40-50e6-4421-a26e-e3f1f5736aa4	2025-09-08 11:03:33.192-04	10.0.20.39	Mozilla/5.0 (Windows NT 10.0; Win64; x64; rv:142.0) Gecko/20100101 Firefox/142.0	directus_fields	128	http://10.0.20.3:8055
967	update	c5e8bb40-50e6-4421-a26e-e3f1f5736aa4	2025-09-08 11:03:33.2-04	10.0.20.39	Mozilla/5.0 (Windows NT 10.0; Win64; x64; rv:142.0) Gecko/20100101 Firefox/142.0	directus_fields	129	http://10.0.20.3:8055
968	update	c5e8bb40-50e6-4421-a26e-e3f1f5736aa4	2025-09-08 11:03:33.209-04	10.0.20.39	Mozilla/5.0 (Windows NT 10.0; Win64; x64; rv:142.0) Gecko/20100101 Firefox/142.0	directus_fields	130	http://10.0.20.3:8055
969	update	c5e8bb40-50e6-4421-a26e-e3f1f5736aa4	2025-09-08 11:03:33.218-04	10.0.20.39	Mozilla/5.0 (Windows NT 10.0; Win64; x64; rv:142.0) Gecko/20100101 Firefox/142.0	directus_fields	131	http://10.0.20.3:8055
970	update	c5e8bb40-50e6-4421-a26e-e3f1f5736aa4	2025-09-08 11:03:33.228-04	10.0.20.39	Mozilla/5.0 (Windows NT 10.0; Win64; x64; rv:142.0) Gecko/20100101 Firefox/142.0	directus_fields	132	http://10.0.20.3:8055
971	update	c5e8bb40-50e6-4421-a26e-e3f1f5736aa4	2025-09-08 11:03:33.236-04	10.0.20.39	Mozilla/5.0 (Windows NT 10.0; Win64; x64; rv:142.0) Gecko/20100101 Firefox/142.0	directus_fields	133	http://10.0.20.3:8055
972	update	c5e8bb40-50e6-4421-a26e-e3f1f5736aa4	2025-09-08 11:03:33.246-04	10.0.20.39	Mozilla/5.0 (Windows NT 10.0; Win64; x64; rv:142.0) Gecko/20100101 Firefox/142.0	directus_fields	168	http://10.0.20.3:8055
973	update	c5e8bb40-50e6-4421-a26e-e3f1f5736aa4	2025-09-08 11:03:33.255-04	10.0.20.39	Mozilla/5.0 (Windows NT 10.0; Win64; x64; rv:142.0) Gecko/20100101 Firefox/142.0	directus_fields	134	http://10.0.20.3:8055
974	update	c5e8bb40-50e6-4421-a26e-e3f1f5736aa4	2025-09-08 11:03:33.265-04	10.0.20.39	Mozilla/5.0 (Windows NT 10.0; Win64; x64; rv:142.0) Gecko/20100101 Firefox/142.0	directus_fields	147	http://10.0.20.3:8055
975	create	c5e8bb40-50e6-4421-a26e-e3f1f5736aa4	2025-09-08 11:07:14.69-04	10.0.20.39	Mozilla/5.0 (Windows NT 10.0; Win64; x64; rv:142.0) Gecko/20100101 Firefox/142.0	directus_files	010d86f5-4725-4504-bfbe-c38b55cd6c20	http://10.0.20.3:8055
976	create	c5e8bb40-50e6-4421-a26e-e3f1f5736aa4	2025-09-08 11:07:47.073-04	10.0.20.39	Mozilla/5.0 (Windows NT 10.0; Win64; x64; rv:142.0) Gecko/20100101 Firefox/142.0	Trust_Logo_Images_translations	5	http://10.0.20.3:8055
977	create	c5e8bb40-50e6-4421-a26e-e3f1f5736aa4	2025-09-08 11:07:47.079-04	10.0.20.39	Mozilla/5.0 (Windows NT 10.0; Win64; x64; rv:142.0) Gecko/20100101 Firefox/142.0	Trust_Logo_Images_translations	6	http://10.0.20.3:8055
978	create	c5e8bb40-50e6-4421-a26e-e3f1f5736aa4	2025-09-08 11:07:47.084-04	10.0.20.39	Mozilla/5.0 (Windows NT 10.0; Win64; x64; rv:142.0) Gecko/20100101 Firefox/142.0	Trust_Logo_Images_translations	7	http://10.0.20.3:8055
979	create	c5e8bb40-50e6-4421-a26e-e3f1f5736aa4	2025-09-08 11:07:47.089-04	10.0.20.39	Mozilla/5.0 (Windows NT 10.0; Win64; x64; rv:142.0) Gecko/20100101 Firefox/142.0	Trust_Logo_Images_translations	8	http://10.0.20.3:8055
980	create	c5e8bb40-50e6-4421-a26e-e3f1f5736aa4	2025-09-08 11:07:47.093-04	10.0.20.39	Mozilla/5.0 (Windows NT 10.0; Win64; x64; rv:142.0) Gecko/20100101 Firefox/142.0	Trust_Logo_Images	3	http://10.0.20.3:8055
981	update	c5e8bb40-50e6-4421-a26e-e3f1f5736aa4	2025-09-08 11:07:47.099-04	10.0.20.39	Mozilla/5.0 (Windows NT 10.0; Win64; x64; rv:142.0) Gecko/20100101 Firefox/142.0	Trust_Logos	1	http://10.0.20.3:8055
982	create	c5e8bb40-50e6-4421-a26e-e3f1f5736aa4	2025-09-08 11:18:41.92-04	10.0.20.39	Mozilla/5.0 (Windows NT 10.0; Win64; x64; rv:142.0) Gecko/20100101 Firefox/142.0	directus_fields	169	http://10.0.20.3:8055
983	create	c5e8bb40-50e6-4421-a26e-e3f1f5736aa4	2025-09-08 11:19:43.633-04	10.0.20.39	Mozilla/5.0 (Windows NT 10.0; Win64; x64; rv:142.0) Gecko/20100101 Firefox/142.0	Map_Cities	1	http://10.0.20.3:8055
984	update	c5e8bb40-50e6-4421-a26e-e3f1f5736aa4	2025-09-08 11:19:43.639-04	10.0.20.39	Mozilla/5.0 (Windows NT 10.0; Win64; x64; rv:142.0) Gecko/20100101 Firefox/142.0	hero	1	http://10.0.20.3:8055
985	create	c5e8bb40-50e6-4421-a26e-e3f1f5736aa4	2025-09-08 11:19:59.771-04	10.0.20.39	Mozilla/5.0 (Windows NT 10.0; Win64; x64; rv:142.0) Gecko/20100101 Firefox/142.0	directus_fields	170	http://10.0.20.3:8055
986	update	c5e8bb40-50e6-4421-a26e-e3f1f5736aa4	2025-09-08 11:20:28.145-04	10.0.20.39	Mozilla/5.0 (Windows NT 10.0; Win64; x64; rv:142.0) Gecko/20100101 Firefox/142.0	Map_Cities	1	http://10.0.20.3:8055
987	update	c5e8bb40-50e6-4421-a26e-e3f1f5736aa4	2025-09-08 11:20:28.151-04	10.0.20.39	Mozilla/5.0 (Windows NT 10.0; Win64; x64; rv:142.0) Gecko/20100101 Firefox/142.0	hero	1	http://10.0.20.3:8055
988	update	c5e8bb40-50e6-4421-a26e-e3f1f5736aa4	2025-09-08 11:21:07.391-04	10.0.20.39	Mozilla/5.0 (Windows NT 10.0; Win64; x64; rv:142.0) Gecko/20100101 Firefox/142.0	Map_Cities	1	http://10.0.20.3:8055
989	update	c5e8bb40-50e6-4421-a26e-e3f1f5736aa4	2025-09-08 11:21:26.884-04	10.0.20.39	Mozilla/5.0 (Windows NT 10.0; Win64; x64; rv:142.0) Gecko/20100101 Firefox/142.0	Map_Cities	1	http://10.0.20.3:8055
990	update	c5e8bb40-50e6-4421-a26e-e3f1f5736aa4	2025-09-08 11:21:26.915-04	10.0.20.39	Mozilla/5.0 (Windows NT 10.0; Win64; x64; rv:142.0) Gecko/20100101 Firefox/142.0	hero	1	http://10.0.20.3:8055
991	update	c5e8bb40-50e6-4421-a26e-e3f1f5736aa4	2025-09-08 11:21:56.223-04	10.0.20.39	Mozilla/5.0 (Windows NT 10.0; Win64; x64; rv:142.0) Gecko/20100101 Firefox/142.0	directus_collections	hero	http://10.0.20.3:8055
992	update	c5e8bb40-50e6-4421-a26e-e3f1f5736aa4	2025-09-08 11:22:02.067-04	10.0.20.39	Mozilla/5.0 (Windows NT 10.0; Win64; x64; rv:142.0) Gecko/20100101 Firefox/142.0	directus_collections	Map_Cities	http://10.0.20.3:8055
993	update	c5e8bb40-50e6-4421-a26e-e3f1f5736aa4	2025-09-08 11:22:36.527-04	10.0.20.39	Mozilla/5.0 (Windows NT 10.0; Win64; x64; rv:142.0) Gecko/20100101 Firefox/142.0	directus_fields	167	http://10.0.20.3:8055
994	create	c5e8bb40-50e6-4421-a26e-e3f1f5736aa4	2025-09-08 11:23:11.373-04	10.0.20.39	Mozilla/5.0 (Windows NT 10.0; Win64; x64; rv:142.0) Gecko/20100101 Firefox/142.0	Map_Cities	2	http://10.0.20.3:8055
995	update	c5e8bb40-50e6-4421-a26e-e3f1f5736aa4	2025-09-08 11:23:11.379-04	10.0.20.39	Mozilla/5.0 (Windows NT 10.0; Win64; x64; rv:142.0) Gecko/20100101 Firefox/142.0	hero	1	http://10.0.20.3:8055
996	create	c5e8bb40-50e6-4421-a26e-e3f1f5736aa4	2025-09-08 11:26:38.859-04	10.0.20.39	Mozilla/5.0 (Windows NT 10.0; Win64; x64; rv:142.0) Gecko/20100101 Firefox/142.0	Map_Cities	3	http://10.0.20.3:8055
997	create	c5e8bb40-50e6-4421-a26e-e3f1f5736aa4	2025-09-08 11:26:38.864-04	10.0.20.39	Mozilla/5.0 (Windows NT 10.0; Win64; x64; rv:142.0) Gecko/20100101 Firefox/142.0	Map_Cities	4	http://10.0.20.3:8055
998	create	c5e8bb40-50e6-4421-a26e-e3f1f5736aa4	2025-09-08 11:26:38.868-04	10.0.20.39	Mozilla/5.0 (Windows NT 10.0; Win64; x64; rv:142.0) Gecko/20100101 Firefox/142.0	Map_Cities	5	http://10.0.20.3:8055
999	create	c5e8bb40-50e6-4421-a26e-e3f1f5736aa4	2025-09-08 11:26:38.872-04	10.0.20.39	Mozilla/5.0 (Windows NT 10.0; Win64; x64; rv:142.0) Gecko/20100101 Firefox/142.0	Map_Cities	6	http://10.0.20.3:8055
1000	update	c5e8bb40-50e6-4421-a26e-e3f1f5736aa4	2025-09-08 11:26:38.876-04	10.0.20.39	Mozilla/5.0 (Windows NT 10.0; Win64; x64; rv:142.0) Gecko/20100101 Firefox/142.0	hero	1	http://10.0.20.3:8055
1001	update	c5e8bb40-50e6-4421-a26e-e3f1f5736aa4	2025-09-08 11:26:48.303-04	10.0.20.39	Mozilla/5.0 (Windows NT 10.0; Win64; x64; rv:142.0) Gecko/20100101 Firefox/142.0	directus_fields	159	http://10.0.20.3:8055
1002	update	c5e8bb40-50e6-4421-a26e-e3f1f5736aa4	2025-09-08 11:26:48.312-04	10.0.20.39	Mozilla/5.0 (Windows NT 10.0; Win64; x64; rv:142.0) Gecko/20100101 Firefox/142.0	directus_fields	160	http://10.0.20.3:8055
1003	update	c5e8bb40-50e6-4421-a26e-e3f1f5736aa4	2025-09-08 11:26:48.32-04	10.0.20.39	Mozilla/5.0 (Windows NT 10.0; Win64; x64; rv:142.0) Gecko/20100101 Firefox/142.0	directus_fields	161	http://10.0.20.3:8055
1004	update	c5e8bb40-50e6-4421-a26e-e3f1f5736aa4	2025-09-08 11:26:48.33-04	10.0.20.39	Mozilla/5.0 (Windows NT 10.0; Win64; x64; rv:142.0) Gecko/20100101 Firefox/142.0	directus_fields	162	http://10.0.20.3:8055
1005	update	c5e8bb40-50e6-4421-a26e-e3f1f5736aa4	2025-09-08 11:26:48.341-04	10.0.20.39	Mozilla/5.0 (Windows NT 10.0; Win64; x64; rv:142.0) Gecko/20100101 Firefox/142.0	directus_fields	163	http://10.0.20.3:8055
1006	update	c5e8bb40-50e6-4421-a26e-e3f1f5736aa4	2025-09-08 11:26:48.35-04	10.0.20.39	Mozilla/5.0 (Windows NT 10.0; Win64; x64; rv:142.0) Gecko/20100101 Firefox/142.0	directus_fields	164	http://10.0.20.3:8055
1007	update	c5e8bb40-50e6-4421-a26e-e3f1f5736aa4	2025-09-08 11:26:48.359-04	10.0.20.39	Mozilla/5.0 (Windows NT 10.0; Win64; x64; rv:142.0) Gecko/20100101 Firefox/142.0	directus_fields	165	http://10.0.20.3:8055
1008	update	c5e8bb40-50e6-4421-a26e-e3f1f5736aa4	2025-09-08 11:26:48.368-04	10.0.20.39	Mozilla/5.0 (Windows NT 10.0; Win64; x64; rv:142.0) Gecko/20100101 Firefox/142.0	directus_fields	170	http://10.0.20.3:8055
1009	update	c5e8bb40-50e6-4421-a26e-e3f1f5736aa4	2025-09-08 11:26:48.378-04	10.0.20.39	Mozilla/5.0 (Windows NT 10.0; Win64; x64; rv:142.0) Gecko/20100101 Firefox/142.0	directus_fields	166	http://10.0.20.3:8055
1010	update	c5e8bb40-50e6-4421-a26e-e3f1f5736aa4	2025-09-08 11:26:48.387-04	10.0.20.39	Mozilla/5.0 (Windows NT 10.0; Win64; x64; rv:142.0) Gecko/20100101 Firefox/142.0	directus_fields	169	http://10.0.20.3:8055
1011	update	c5e8bb40-50e6-4421-a26e-e3f1f5736aa4	2025-09-08 11:26:57.7-04	10.0.20.39	Mozilla/5.0 (Windows NT 10.0; Win64; x64; rv:142.0) Gecko/20100101 Firefox/142.0	directus_fields	166	http://10.0.20.3:8055
1012	create	c5e8bb40-50e6-4421-a26e-e3f1f5736aa4	2025-09-08 11:27:34.399-04	10.0.20.39	Mozilla/5.0 (Windows NT 10.0; Win64; x64; rv:142.0) Gecko/20100101 Firefox/142.0	Map_Cities	7	http://10.0.20.3:8055
1013	update	c5e8bb40-50e6-4421-a26e-e3f1f5736aa4	2025-09-08 11:27:34.405-04	10.0.20.39	Mozilla/5.0 (Windows NT 10.0; Win64; x64; rv:142.0) Gecko/20100101 Firefox/142.0	hero	1	http://10.0.20.3:8055
1014	create	c5e8bb40-50e6-4421-a26e-e3f1f5736aa4	2025-09-08 11:28:29.355-04	10.0.20.39	Mozilla/5.0 (Windows NT 10.0; Win64; x64; rv:142.0) Gecko/20100101 Firefox/142.0	Map_Cities	8	http://10.0.20.3:8055
1015	create	c5e8bb40-50e6-4421-a26e-e3f1f5736aa4	2025-09-08 11:28:29.358-04	10.0.20.39	Mozilla/5.0 (Windows NT 10.0; Win64; x64; rv:142.0) Gecko/20100101 Firefox/142.0	Map_Cities	9	http://10.0.20.3:8055
1016	update	c5e8bb40-50e6-4421-a26e-e3f1f5736aa4	2025-09-08 11:28:29.362-04	10.0.20.39	Mozilla/5.0 (Windows NT 10.0; Win64; x64; rv:142.0) Gecko/20100101 Firefox/142.0	hero	1	http://10.0.20.3:8055
1017	create	c5e8bb40-50e6-4421-a26e-e3f1f5736aa4	2025-09-08 11:33:31.307-04	10.0.20.39	Mozilla/5.0 (Windows NT 10.0; Win64; x64; rv:142.0) Gecko/20100101 Firefox/142.0	directus_files	18b14f63-1d2c-4f47-aebc-e4fd7a55df5e	http://10.0.20.3:8055
1018	create	c5e8bb40-50e6-4421-a26e-e3f1f5736aa4	2025-09-08 11:34:49.161-04	10.0.20.39	Mozilla/5.0 (Windows NT 10.0; Win64; x64; rv:142.0) Gecko/20100101 Firefox/142.0	directus_files	6d0b105d-1845-4e73-9a8d-939e2c4406ce	http://10.0.20.3:8055
1019	create	c5e8bb40-50e6-4421-a26e-e3f1f5736aa4	2025-09-08 11:36:14.113-04	10.0.20.39	Mozilla/5.0 (Windows NT 10.0; Win64; x64; rv:142.0) Gecko/20100101 Firefox/142.0	directus_files	d752773c-8023-430b-a914-8180c52bd990	http://10.0.20.3:8055
1020	create	c5e8bb40-50e6-4421-a26e-e3f1f5736aa4	2025-09-08 11:36:47.205-04	10.0.20.39	Mozilla/5.0 (Windows NT 10.0; Win64; x64; rv:142.0) Gecko/20100101 Firefox/142.0	directus_files	0874f072-3951-4a37-b07d-0efa9c4322b2	http://10.0.20.3:8055
1021	create	c5e8bb40-50e6-4421-a26e-e3f1f5736aa4	2025-09-08 11:37:13.635-04	10.0.20.39	Mozilla/5.0 (Windows NT 10.0; Win64; x64; rv:142.0) Gecko/20100101 Firefox/142.0	Trust_Logo_Images_translations	9	http://10.0.20.3:8055
1022	create	c5e8bb40-50e6-4421-a26e-e3f1f5736aa4	2025-09-08 11:37:13.64-04	10.0.20.39	Mozilla/5.0 (Windows NT 10.0; Win64; x64; rv:142.0) Gecko/20100101 Firefox/142.0	Trust_Logo_Images_translations	10	http://10.0.20.3:8055
1023	create	c5e8bb40-50e6-4421-a26e-e3f1f5736aa4	2025-09-08 11:37:13.645-04	10.0.20.39	Mozilla/5.0 (Windows NT 10.0; Win64; x64; rv:142.0) Gecko/20100101 Firefox/142.0	Trust_Logo_Images_translations	11	http://10.0.20.3:8055
1024	create	c5e8bb40-50e6-4421-a26e-e3f1f5736aa4	2025-09-08 11:37:13.65-04	10.0.20.39	Mozilla/5.0 (Windows NT 10.0; Win64; x64; rv:142.0) Gecko/20100101 Firefox/142.0	Trust_Logo_Images_translations	12	http://10.0.20.3:8055
1025	create	c5e8bb40-50e6-4421-a26e-e3f1f5736aa4	2025-09-08 11:37:13.654-04	10.0.20.39	Mozilla/5.0 (Windows NT 10.0; Win64; x64; rv:142.0) Gecko/20100101 Firefox/142.0	Trust_Logo_Images	4	http://10.0.20.3:8055
1026	create	c5e8bb40-50e6-4421-a26e-e3f1f5736aa4	2025-09-08 11:37:13.665-04	10.0.20.39	Mozilla/5.0 (Windows NT 10.0; Win64; x64; rv:142.0) Gecko/20100101 Firefox/142.0	Trust_Logo_Images_translations	13	http://10.0.20.3:8055
1027	create	c5e8bb40-50e6-4421-a26e-e3f1f5736aa4	2025-09-08 11:37:13.669-04	10.0.20.39	Mozilla/5.0 (Windows NT 10.0; Win64; x64; rv:142.0) Gecko/20100101 Firefox/142.0	Trust_Logo_Images_translations	14	http://10.0.20.3:8055
1028	create	c5e8bb40-50e6-4421-a26e-e3f1f5736aa4	2025-09-08 11:37:13.673-04	10.0.20.39	Mozilla/5.0 (Windows NT 10.0; Win64; x64; rv:142.0) Gecko/20100101 Firefox/142.0	Trust_Logo_Images_translations	15	http://10.0.20.3:8055
1029	create	c5e8bb40-50e6-4421-a26e-e3f1f5736aa4	2025-09-08 11:37:13.677-04	10.0.20.39	Mozilla/5.0 (Windows NT 10.0; Win64; x64; rv:142.0) Gecko/20100101 Firefox/142.0	Trust_Logo_Images_translations	16	http://10.0.20.3:8055
1030	create	c5e8bb40-50e6-4421-a26e-e3f1f5736aa4	2025-09-08 11:37:13.681-04	10.0.20.39	Mozilla/5.0 (Windows NT 10.0; Win64; x64; rv:142.0) Gecko/20100101 Firefox/142.0	Trust_Logo_Images	5	http://10.0.20.3:8055
1031	create	c5e8bb40-50e6-4421-a26e-e3f1f5736aa4	2025-09-08 11:37:13.689-04	10.0.20.39	Mozilla/5.0 (Windows NT 10.0; Win64; x64; rv:142.0) Gecko/20100101 Firefox/142.0	Trust_Logo_Images_translations	17	http://10.0.20.3:8055
1032	create	c5e8bb40-50e6-4421-a26e-e3f1f5736aa4	2025-09-08 11:37:13.693-04	10.0.20.39	Mozilla/5.0 (Windows NT 10.0; Win64; x64; rv:142.0) Gecko/20100101 Firefox/142.0	Trust_Logo_Images_translations	18	http://10.0.20.3:8055
1033	create	c5e8bb40-50e6-4421-a26e-e3f1f5736aa4	2025-09-08 11:37:13.697-04	10.0.20.39	Mozilla/5.0 (Windows NT 10.0; Win64; x64; rv:142.0) Gecko/20100101 Firefox/142.0	Trust_Logo_Images_translations	19	http://10.0.20.3:8055
1034	create	c5e8bb40-50e6-4421-a26e-e3f1f5736aa4	2025-09-08 11:37:13.702-04	10.0.20.39	Mozilla/5.0 (Windows NT 10.0; Win64; x64; rv:142.0) Gecko/20100101 Firefox/142.0	Trust_Logo_Images_translations	20	http://10.0.20.3:8055
1035	create	c5e8bb40-50e6-4421-a26e-e3f1f5736aa4	2025-09-08 11:37:13.706-04	10.0.20.39	Mozilla/5.0 (Windows NT 10.0; Win64; x64; rv:142.0) Gecko/20100101 Firefox/142.0	Trust_Logo_Images	6	http://10.0.20.3:8055
1036	update	c5e8bb40-50e6-4421-a26e-e3f1f5736aa4	2025-09-08 11:37:13.712-04	10.0.20.39	Mozilla/5.0 (Windows NT 10.0; Win64; x64; rv:142.0) Gecko/20100101 Firefox/142.0	Trust_Logos	1	http://10.0.20.3:8055
1037	create	c5e8bb40-50e6-4421-a26e-e3f1f5736aa4	2025-09-08 11:41:08.935-04	10.0.20.39	Mozilla/5.0 (Windows NT 10.0; Win64; x64; rv:142.0) Gecko/20100101 Firefox/142.0	directus_files	370b1813-1783-4773-a4c8-e6a4ce6971fe	http://10.0.20.3:8055
1038	create	c5e8bb40-50e6-4421-a26e-e3f1f5736aa4	2025-09-08 11:42:51.314-04	10.0.20.39	Mozilla/5.0 (Windows NT 10.0; Win64; x64; rv:142.0) Gecko/20100101 Firefox/142.0	directus_files	22a9f2ef-3eb5-46a2-bd0c-494fce784e75	http://10.0.20.3:8055
1039	create	c5e8bb40-50e6-4421-a26e-e3f1f5736aa4	2025-09-08 11:44:03.106-04	10.0.20.39	Mozilla/5.0 (Windows NT 10.0; Win64; x64; rv:142.0) Gecko/20100101 Firefox/142.0	directus_files	1c7d9621-79f2-4833-8266-87c9c3282c55	http://10.0.20.3:8055
1040	create	c5e8bb40-50e6-4421-a26e-e3f1f5736aa4	2025-09-08 11:44:42.522-04	10.0.20.39	Mozilla/5.0 (Windows NT 10.0; Win64; x64; rv:142.0) Gecko/20100101 Firefox/142.0	Trust_Logo_Images_translations	21	http://10.0.20.3:8055
1041	create	c5e8bb40-50e6-4421-a26e-e3f1f5736aa4	2025-09-08 11:44:42.529-04	10.0.20.39	Mozilla/5.0 (Windows NT 10.0; Win64; x64; rv:142.0) Gecko/20100101 Firefox/142.0	Trust_Logo_Images_translations	22	http://10.0.20.3:8055
1042	create	c5e8bb40-50e6-4421-a26e-e3f1f5736aa4	2025-09-08 11:44:42.534-04	10.0.20.39	Mozilla/5.0 (Windows NT 10.0; Win64; x64; rv:142.0) Gecko/20100101 Firefox/142.0	Trust_Logo_Images_translations	23	http://10.0.20.3:8055
1043	create	c5e8bb40-50e6-4421-a26e-e3f1f5736aa4	2025-09-08 11:44:42.538-04	10.0.20.39	Mozilla/5.0 (Windows NT 10.0; Win64; x64; rv:142.0) Gecko/20100101 Firefox/142.0	Trust_Logo_Images_translations	24	http://10.0.20.3:8055
1044	create	c5e8bb40-50e6-4421-a26e-e3f1f5736aa4	2025-09-08 11:44:42.545-04	10.0.20.39	Mozilla/5.0 (Windows NT 10.0; Win64; x64; rv:142.0) Gecko/20100101 Firefox/142.0	Trust_Logo_Images	7	http://10.0.20.3:8055
1045	update	c5e8bb40-50e6-4421-a26e-e3f1f5736aa4	2025-09-08 11:44:42.558-04	10.0.20.39	Mozilla/5.0 (Windows NT 10.0; Win64; x64; rv:142.0) Gecko/20100101 Firefox/142.0	Trust_Logo_Images_translations	13	http://10.0.20.3:8055
1046	update	c5e8bb40-50e6-4421-a26e-e3f1f5736aa4	2025-09-08 11:44:42.566-04	10.0.20.39	Mozilla/5.0 (Windows NT 10.0; Win64; x64; rv:142.0) Gecko/20100101 Firefox/142.0	Trust_Logo_Images_translations	14	http://10.0.20.3:8055
1047	update	c5e8bb40-50e6-4421-a26e-e3f1f5736aa4	2025-09-08 11:44:42.573-04	10.0.20.39	Mozilla/5.0 (Windows NT 10.0; Win64; x64; rv:142.0) Gecko/20100101 Firefox/142.0	Trust_Logo_Images_translations	15	http://10.0.20.3:8055
1048	update	c5e8bb40-50e6-4421-a26e-e3f1f5736aa4	2025-09-08 11:44:42.58-04	10.0.20.39	Mozilla/5.0 (Windows NT 10.0; Win64; x64; rv:142.0) Gecko/20100101 Firefox/142.0	Trust_Logo_Images_translations	16	http://10.0.20.3:8055
1049	update	c5e8bb40-50e6-4421-a26e-e3f1f5736aa4	2025-09-08 11:44:42.585-04	10.0.20.39	Mozilla/5.0 (Windows NT 10.0; Win64; x64; rv:142.0) Gecko/20100101 Firefox/142.0	Trust_Logo_Images	5	http://10.0.20.3:8055
1050	update	c5e8bb40-50e6-4421-a26e-e3f1f5736aa4	2025-09-08 11:44:42.6-04	10.0.20.39	Mozilla/5.0 (Windows NT 10.0; Win64; x64; rv:142.0) Gecko/20100101 Firefox/142.0	Trust_Logo_Images_translations	9	http://10.0.20.3:8055
1051	update	c5e8bb40-50e6-4421-a26e-e3f1f5736aa4	2025-09-08 11:44:42.607-04	10.0.20.39	Mozilla/5.0 (Windows NT 10.0; Win64; x64; rv:142.0) Gecko/20100101 Firefox/142.0	Trust_Logo_Images_translations	10	http://10.0.20.3:8055
1052	update	c5e8bb40-50e6-4421-a26e-e3f1f5736aa4	2025-09-08 11:44:42.613-04	10.0.20.39	Mozilla/5.0 (Windows NT 10.0; Win64; x64; rv:142.0) Gecko/20100101 Firefox/142.0	Trust_Logo_Images_translations	11	http://10.0.20.3:8055
1053	update	c5e8bb40-50e6-4421-a26e-e3f1f5736aa4	2025-09-08 11:44:42.62-04	10.0.20.39	Mozilla/5.0 (Windows NT 10.0; Win64; x64; rv:142.0) Gecko/20100101 Firefox/142.0	Trust_Logo_Images_translations	12	http://10.0.20.3:8055
1054	update	c5e8bb40-50e6-4421-a26e-e3f1f5736aa4	2025-09-08 11:44:42.626-04	10.0.20.39	Mozilla/5.0 (Windows NT 10.0; Win64; x64; rv:142.0) Gecko/20100101 Firefox/142.0	Trust_Logo_Images	4	http://10.0.20.3:8055
1055	update	c5e8bb40-50e6-4421-a26e-e3f1f5736aa4	2025-09-08 11:44:42.636-04	10.0.20.39	Mozilla/5.0 (Windows NT 10.0; Win64; x64; rv:142.0) Gecko/20100101 Firefox/142.0	Trust_Logos	1	http://10.0.20.3:8055
1056	create	c5e8bb40-50e6-4421-a26e-e3f1f5736aa4	2025-09-08 11:46:36.116-04	10.0.20.39	Mozilla/5.0 (Windows NT 10.0; Win64; x64; rv:142.0) Gecko/20100101 Firefox/142.0	directus_files	534613e9-de55-49fe-bba9-fe525dfddca0	http://10.0.20.3:8055
1057	create	c5e8bb40-50e6-4421-a26e-e3f1f5736aa4	2025-09-08 11:48:51.558-04	10.0.20.39	Mozilla/5.0 (Windows NT 10.0; Win64; x64; rv:142.0) Gecko/20100101 Firefox/142.0	directus_files	dbf78878-f604-44e1-9186-7088c79289a3	http://10.0.20.3:8055
1058	create	c5e8bb40-50e6-4421-a26e-e3f1f5736aa4	2025-09-08 11:50:37.53-04	10.0.20.39	Mozilla/5.0 (Windows NT 10.0; Win64; x64; rv:142.0) Gecko/20100101 Firefox/142.0	directus_files	0ebdfdd1-c2c8-41cd-8ae2-d62cb1b892f4	http://10.0.20.3:8055
1059	create	c5e8bb40-50e6-4421-a26e-e3f1f5736aa4	2025-09-08 11:51:49.034-04	10.0.20.39	Mozilla/5.0 (Windows NT 10.0; Win64; x64; rv:142.0) Gecko/20100101 Firefox/142.0	Trust_Logo_Images_translations	25	http://10.0.20.3:8055
1060	create	c5e8bb40-50e6-4421-a26e-e3f1f5736aa4	2025-09-08 11:51:49.041-04	10.0.20.39	Mozilla/5.0 (Windows NT 10.0; Win64; x64; rv:142.0) Gecko/20100101 Firefox/142.0	Trust_Logo_Images_translations	26	http://10.0.20.3:8055
1061	create	c5e8bb40-50e6-4421-a26e-e3f1f5736aa4	2025-09-08 11:51:49.046-04	10.0.20.39	Mozilla/5.0 (Windows NT 10.0; Win64; x64; rv:142.0) Gecko/20100101 Firefox/142.0	Trust_Logo_Images_translations	27	http://10.0.20.3:8055
1062	create	c5e8bb40-50e6-4421-a26e-e3f1f5736aa4	2025-09-08 11:51:49.051-04	10.0.20.39	Mozilla/5.0 (Windows NT 10.0; Win64; x64; rv:142.0) Gecko/20100101 Firefox/142.0	Trust_Logo_Images_translations	28	http://10.0.20.3:8055
1063	create	c5e8bb40-50e6-4421-a26e-e3f1f5736aa4	2025-09-08 11:51:49.056-04	10.0.20.39	Mozilla/5.0 (Windows NT 10.0; Win64; x64; rv:142.0) Gecko/20100101 Firefox/142.0	Trust_Logo_Images	8	http://10.0.20.3:8055
1064	create	c5e8bb40-50e6-4421-a26e-e3f1f5736aa4	2025-09-08 11:51:49.066-04	10.0.20.39	Mozilla/5.0 (Windows NT 10.0; Win64; x64; rv:142.0) Gecko/20100101 Firefox/142.0	Trust_Logo_Images_translations	29	http://10.0.20.3:8055
1065	create	c5e8bb40-50e6-4421-a26e-e3f1f5736aa4	2025-09-08 11:51:49.071-04	10.0.20.39	Mozilla/5.0 (Windows NT 10.0; Win64; x64; rv:142.0) Gecko/20100101 Firefox/142.0	Trust_Logo_Images_translations	30	http://10.0.20.3:8055
1066	create	c5e8bb40-50e6-4421-a26e-e3f1f5736aa4	2025-09-08 11:51:49.076-04	10.0.20.39	Mozilla/5.0 (Windows NT 10.0; Win64; x64; rv:142.0) Gecko/20100101 Firefox/142.0	Trust_Logo_Images_translations	31	http://10.0.20.3:8055
1067	create	c5e8bb40-50e6-4421-a26e-e3f1f5736aa4	2025-09-08 11:51:49.081-04	10.0.20.39	Mozilla/5.0 (Windows NT 10.0; Win64; x64; rv:142.0) Gecko/20100101 Firefox/142.0	Trust_Logo_Images_translations	32	http://10.0.20.3:8055
1068	create	c5e8bb40-50e6-4421-a26e-e3f1f5736aa4	2025-09-08 11:51:49.086-04	10.0.20.39	Mozilla/5.0 (Windows NT 10.0; Win64; x64; rv:142.0) Gecko/20100101 Firefox/142.0	Trust_Logo_Images	9	http://10.0.20.3:8055
1069	create	c5e8bb40-50e6-4421-a26e-e3f1f5736aa4	2025-09-08 11:51:49.094-04	10.0.20.39	Mozilla/5.0 (Windows NT 10.0; Win64; x64; rv:142.0) Gecko/20100101 Firefox/142.0	Trust_Logo_Images_translations	33	http://10.0.20.3:8055
1070	create	c5e8bb40-50e6-4421-a26e-e3f1f5736aa4	2025-09-08 11:51:49.099-04	10.0.20.39	Mozilla/5.0 (Windows NT 10.0; Win64; x64; rv:142.0) Gecko/20100101 Firefox/142.0	Trust_Logo_Images_translations	34	http://10.0.20.3:8055
1071	create	c5e8bb40-50e6-4421-a26e-e3f1f5736aa4	2025-09-08 11:51:49.103-04	10.0.20.39	Mozilla/5.0 (Windows NT 10.0; Win64; x64; rv:142.0) Gecko/20100101 Firefox/142.0	Trust_Logo_Images_translations	35	http://10.0.20.3:8055
1072	create	c5e8bb40-50e6-4421-a26e-e3f1f5736aa4	2025-09-08 11:51:49.108-04	10.0.20.39	Mozilla/5.0 (Windows NT 10.0; Win64; x64; rv:142.0) Gecko/20100101 Firefox/142.0	Trust_Logo_Images_translations	36	http://10.0.20.3:8055
1073	create	c5e8bb40-50e6-4421-a26e-e3f1f5736aa4	2025-09-08 11:51:49.112-04	10.0.20.39	Mozilla/5.0 (Windows NT 10.0; Win64; x64; rv:142.0) Gecko/20100101 Firefox/142.0	Trust_Logo_Images	10	http://10.0.20.3:8055
1074	update	c5e8bb40-50e6-4421-a26e-e3f1f5736aa4	2025-09-08 11:51:49.117-04	10.0.20.39	Mozilla/5.0 (Windows NT 10.0; Win64; x64; rv:142.0) Gecko/20100101 Firefox/142.0	Trust_Logos	1	http://10.0.20.3:8055
1075	create	c5e8bb40-50e6-4421-a26e-e3f1f5736aa4	2025-09-08 11:54:06.533-04	10.0.20.39	Mozilla/5.0 (Windows NT 10.0; Win64; x64; rv:142.0) Gecko/20100101 Firefox/142.0	directus_fields	171	http://10.0.20.3:8055
1076	update	c5e8bb40-50e6-4421-a26e-e3f1f5736aa4	2025-09-08 11:54:11.436-04	10.0.20.39	Mozilla/5.0 (Windows NT 10.0; Win64; x64; rv:142.0) Gecko/20100101 Firefox/142.0	directus_fields	125	http://10.0.20.3:8055
1077	update	c5e8bb40-50e6-4421-a26e-e3f1f5736aa4	2025-09-08 11:54:11.446-04	10.0.20.39	Mozilla/5.0 (Windows NT 10.0; Win64; x64; rv:142.0) Gecko/20100101 Firefox/142.0	directus_fields	126	http://10.0.20.3:8055
1078	update	c5e8bb40-50e6-4421-a26e-e3f1f5736aa4	2025-09-08 11:54:11.456-04	10.0.20.39	Mozilla/5.0 (Windows NT 10.0; Win64; x64; rv:142.0) Gecko/20100101 Firefox/142.0	directus_fields	127	http://10.0.20.3:8055
1079	update	c5e8bb40-50e6-4421-a26e-e3f1f5736aa4	2025-09-08 11:54:11.466-04	10.0.20.39	Mozilla/5.0 (Windows NT 10.0; Win64; x64; rv:142.0) Gecko/20100101 Firefox/142.0	directus_fields	128	http://10.0.20.3:8055
1080	update	c5e8bb40-50e6-4421-a26e-e3f1f5736aa4	2025-09-08 11:54:11.477-04	10.0.20.39	Mozilla/5.0 (Windows NT 10.0; Win64; x64; rv:142.0) Gecko/20100101 Firefox/142.0	directus_fields	129	http://10.0.20.3:8055
1081	update	c5e8bb40-50e6-4421-a26e-e3f1f5736aa4	2025-09-08 11:54:11.489-04	10.0.20.39	Mozilla/5.0 (Windows NT 10.0; Win64; x64; rv:142.0) Gecko/20100101 Firefox/142.0	directus_fields	130	http://10.0.20.3:8055
1082	update	c5e8bb40-50e6-4421-a26e-e3f1f5736aa4	2025-09-08 11:54:11.499-04	10.0.20.39	Mozilla/5.0 (Windows NT 10.0; Win64; x64; rv:142.0) Gecko/20100101 Firefox/142.0	directus_fields	131	http://10.0.20.3:8055
1083	update	c5e8bb40-50e6-4421-a26e-e3f1f5736aa4	2025-09-08 11:54:11.509-04	10.0.20.39	Mozilla/5.0 (Windows NT 10.0; Win64; x64; rv:142.0) Gecko/20100101 Firefox/142.0	directus_fields	132	http://10.0.20.3:8055
1084	update	c5e8bb40-50e6-4421-a26e-e3f1f5736aa4	2025-09-08 11:54:11.518-04	10.0.20.39	Mozilla/5.0 (Windows NT 10.0; Win64; x64; rv:142.0) Gecko/20100101 Firefox/142.0	directus_fields	133	http://10.0.20.3:8055
1085	update	c5e8bb40-50e6-4421-a26e-e3f1f5736aa4	2025-09-08 11:54:11.528-04	10.0.20.39	Mozilla/5.0 (Windows NT 10.0; Win64; x64; rv:142.0) Gecko/20100101 Firefox/142.0	directus_fields	168	http://10.0.20.3:8055
1086	update	c5e8bb40-50e6-4421-a26e-e3f1f5736aa4	2025-09-08 11:54:11.541-04	10.0.20.39	Mozilla/5.0 (Windows NT 10.0; Win64; x64; rv:142.0) Gecko/20100101 Firefox/142.0	directus_fields	171	http://10.0.20.3:8055
1087	update	c5e8bb40-50e6-4421-a26e-e3f1f5736aa4	2025-09-08 11:54:11.553-04	10.0.20.39	Mozilla/5.0 (Windows NT 10.0; Win64; x64; rv:142.0) Gecko/20100101 Firefox/142.0	directus_fields	134	http://10.0.20.3:8055
1088	update	c5e8bb40-50e6-4421-a26e-e3f1f5736aa4	2025-09-08 11:54:11.565-04	10.0.20.39	Mozilla/5.0 (Windows NT 10.0; Win64; x64; rv:142.0) Gecko/20100101 Firefox/142.0	directus_fields	147	http://10.0.20.3:8055
1089	update	c5e8bb40-50e6-4421-a26e-e3f1f5736aa4	2025-09-08 11:54:13.732-04	10.0.20.39	Mozilla/5.0 (Windows NT 10.0; Win64; x64; rv:142.0) Gecko/20100101 Firefox/142.0	directus_fields	171	http://10.0.20.3:8055
1090	update	c5e8bb40-50e6-4421-a26e-e3f1f5736aa4	2025-09-08 11:54:21.182-04	10.0.20.39	Mozilla/5.0 (Windows NT 10.0; Win64; x64; rv:142.0) Gecko/20100101 Firefox/142.0	directus_fields	125	http://10.0.20.3:8055
1091	update	c5e8bb40-50e6-4421-a26e-e3f1f5736aa4	2025-09-08 11:54:21.194-04	10.0.20.39	Mozilla/5.0 (Windows NT 10.0; Win64; x64; rv:142.0) Gecko/20100101 Firefox/142.0	directus_fields	126	http://10.0.20.3:8055
1092	update	c5e8bb40-50e6-4421-a26e-e3f1f5736aa4	2025-09-08 11:54:21.204-04	10.0.20.39	Mozilla/5.0 (Windows NT 10.0; Win64; x64; rv:142.0) Gecko/20100101 Firefox/142.0	directus_fields	127	http://10.0.20.3:8055
1093	update	c5e8bb40-50e6-4421-a26e-e3f1f5736aa4	2025-09-08 11:54:21.213-04	10.0.20.39	Mozilla/5.0 (Windows NT 10.0; Win64; x64; rv:142.0) Gecko/20100101 Firefox/142.0	directus_fields	128	http://10.0.20.3:8055
1094	update	c5e8bb40-50e6-4421-a26e-e3f1f5736aa4	2025-09-08 11:54:21.222-04	10.0.20.39	Mozilla/5.0 (Windows NT 10.0; Win64; x64; rv:142.0) Gecko/20100101 Firefox/142.0	directus_fields	129	http://10.0.20.3:8055
1095	update	c5e8bb40-50e6-4421-a26e-e3f1f5736aa4	2025-09-08 11:54:21.232-04	10.0.20.39	Mozilla/5.0 (Windows NT 10.0; Win64; x64; rv:142.0) Gecko/20100101 Firefox/142.0	directus_fields	130	http://10.0.20.3:8055
1096	update	c5e8bb40-50e6-4421-a26e-e3f1f5736aa4	2025-09-08 11:54:21.241-04	10.0.20.39	Mozilla/5.0 (Windows NT 10.0; Win64; x64; rv:142.0) Gecko/20100101 Firefox/142.0	directus_fields	131	http://10.0.20.3:8055
1097	update	c5e8bb40-50e6-4421-a26e-e3f1f5736aa4	2025-09-08 11:54:21.25-04	10.0.20.39	Mozilla/5.0 (Windows NT 10.0; Win64; x64; rv:142.0) Gecko/20100101 Firefox/142.0	directus_fields	132	http://10.0.20.3:8055
1098	update	c5e8bb40-50e6-4421-a26e-e3f1f5736aa4	2025-09-08 11:54:21.261-04	10.0.20.39	Mozilla/5.0 (Windows NT 10.0; Win64; x64; rv:142.0) Gecko/20100101 Firefox/142.0	directus_fields	168	http://10.0.20.3:8055
1099	update	c5e8bb40-50e6-4421-a26e-e3f1f5736aa4	2025-09-08 11:54:21.27-04	10.0.20.39	Mozilla/5.0 (Windows NT 10.0; Win64; x64; rv:142.0) Gecko/20100101 Firefox/142.0	directus_fields	171	http://10.0.20.3:8055
1100	update	c5e8bb40-50e6-4421-a26e-e3f1f5736aa4	2025-09-08 11:54:21.28-04	10.0.20.39	Mozilla/5.0 (Windows NT 10.0; Win64; x64; rv:142.0) Gecko/20100101 Firefox/142.0	directus_fields	133	http://10.0.20.3:8055
1101	update	c5e8bb40-50e6-4421-a26e-e3f1f5736aa4	2025-09-08 11:54:21.291-04	10.0.20.39	Mozilla/5.0 (Windows NT 10.0; Win64; x64; rv:142.0) Gecko/20100101 Firefox/142.0	directus_fields	134	http://10.0.20.3:8055
1102	update	c5e8bb40-50e6-4421-a26e-e3f1f5736aa4	2025-09-08 11:54:21.3-04	10.0.20.39	Mozilla/5.0 (Windows NT 10.0; Win64; x64; rv:142.0) Gecko/20100101 Firefox/142.0	directus_fields	147	http://10.0.20.3:8055
1103	create	c5e8bb40-50e6-4421-a26e-e3f1f5736aa4	2025-09-08 12:02:20.552-04	10.0.20.39	Mozilla/5.0 (Windows NT 10.0; Win64; x64; rv:142.0) Gecko/20100101 Firefox/142.0	directus_fields	172	http://10.0.20.3:8055
1104	create	c5e8bb40-50e6-4421-a26e-e3f1f5736aa4	2025-09-08 12:02:20.559-04	10.0.20.39	Mozilla/5.0 (Windows NT 10.0; Win64; x64; rv:142.0) Gecko/20100101 Firefox/142.0	directus_fields	173	http://10.0.20.3:8055
1105	create	c5e8bb40-50e6-4421-a26e-e3f1f5736aa4	2025-09-08 12:02:20.565-04	10.0.20.39	Mozilla/5.0 (Windows NT 10.0; Win64; x64; rv:142.0) Gecko/20100101 Firefox/142.0	directus_fields	174	http://10.0.20.3:8055
1106	create	c5e8bb40-50e6-4421-a26e-e3f1f5736aa4	2025-09-08 12:02:20.57-04	10.0.20.39	Mozilla/5.0 (Windows NT 10.0; Win64; x64; rv:142.0) Gecko/20100101 Firefox/142.0	directus_fields	175	http://10.0.20.3:8055
1107	create	c5e8bb40-50e6-4421-a26e-e3f1f5736aa4	2025-09-08 12:02:20.575-04	10.0.20.39	Mozilla/5.0 (Windows NT 10.0; Win64; x64; rv:142.0) Gecko/20100101 Firefox/142.0	directus_fields	176	http://10.0.20.3:8055
1108	create	c5e8bb40-50e6-4421-a26e-e3f1f5736aa4	2025-09-08 12:02:20.579-04	10.0.20.39	Mozilla/5.0 (Windows NT 10.0; Win64; x64; rv:142.0) Gecko/20100101 Firefox/142.0	directus_fields	177	http://10.0.20.3:8055
1109	create	c5e8bb40-50e6-4421-a26e-e3f1f5736aa4	2025-09-08 12:02:20.584-04	10.0.20.39	Mozilla/5.0 (Windows NT 10.0; Win64; x64; rv:142.0) Gecko/20100101 Firefox/142.0	directus_fields	178	http://10.0.20.3:8055
1110	create	c5e8bb40-50e6-4421-a26e-e3f1f5736aa4	2025-09-08 12:02:20.589-04	10.0.20.39	Mozilla/5.0 (Windows NT 10.0; Win64; x64; rv:142.0) Gecko/20100101 Firefox/142.0	directus_collections	map_animation	http://10.0.20.3:8055
1111	create	c5e8bb40-50e6-4421-a26e-e3f1f5736aa4	2025-09-08 12:04:03.175-04	10.0.20.39	Mozilla/5.0 (Windows NT 10.0; Win64; x64; rv:142.0) Gecko/20100101 Firefox/142.0	directus_fields	179	http://10.0.20.3:8055
1112	create	c5e8bb40-50e6-4421-a26e-e3f1f5736aa4	2025-09-08 12:04:03.414-04	10.0.20.39	Mozilla/5.0 (Windows NT 10.0; Win64; x64; rv:142.0) Gecko/20100101 Firefox/142.0	directus_fields	180	http://10.0.20.3:8055
1113	create	c5e8bb40-50e6-4421-a26e-e3f1f5736aa4	2025-09-08 12:04:03.42-04	10.0.20.39	Mozilla/5.0 (Windows NT 10.0; Win64; x64; rv:142.0) Gecko/20100101 Firefox/142.0	directus_collections	map_animation_start_city	http://10.0.20.3:8055
1114	create	c5e8bb40-50e6-4421-a26e-e3f1f5736aa4	2025-09-08 12:04:03.498-04	10.0.20.39	Mozilla/5.0 (Windows NT 10.0; Win64; x64; rv:142.0) Gecko/20100101 Firefox/142.0	directus_fields	181	http://10.0.20.3:8055
1115	create	c5e8bb40-50e6-4421-a26e-e3f1f5736aa4	2025-09-08 12:04:03.63-04	10.0.20.39	Mozilla/5.0 (Windows NT 10.0; Win64; x64; rv:142.0) Gecko/20100101 Firefox/142.0	directus_fields	182	http://10.0.20.3:8055
1116	create	c5e8bb40-50e6-4421-a26e-e3f1f5736aa4	2025-09-08 12:04:03.767-04	10.0.20.39	Mozilla/5.0 (Windows NT 10.0; Win64; x64; rv:142.0) Gecko/20100101 Firefox/142.0	directus_fields	183	http://10.0.20.3:8055
1117	update	c5e8bb40-50e6-4421-a26e-e3f1f5736aa4	2025-09-08 12:04:26.818-04	10.0.20.39	Mozilla/5.0 (Windows NT 10.0; Win64; x64; rv:142.0) Gecko/20100101 Firefox/142.0	directus_fields	179	http://10.0.20.3:8055
1118	create	c5e8bb40-50e6-4421-a26e-e3f1f5736aa4	2025-09-08 12:05:21.793-04	10.0.20.39	Mozilla/5.0 (Windows NT 10.0; Win64; x64; rv:142.0) Gecko/20100101 Firefox/142.0	directus_fields	184	http://10.0.20.3:8055
1119	delete	c5e8bb40-50e6-4421-a26e-e3f1f5736aa4	2025-09-08 12:05:26.326-04	10.0.20.39	Mozilla/5.0 (Windows NT 10.0; Win64; x64; rv:142.0) Gecko/20100101 Firefox/142.0	directus_fields	179	http://10.0.20.3:8055
1120	create	c5e8bb40-50e6-4421-a26e-e3f1f5736aa4	2025-09-08 12:06:07.261-04	10.0.20.39	Mozilla/5.0 (Windows NT 10.0; Win64; x64; rv:142.0) Gecko/20100101 Firefox/142.0	directus_fields	185	http://10.0.20.3:8055
1121	create	c5e8bb40-50e6-4421-a26e-e3f1f5736aa4	2025-09-08 12:06:07.409-04	10.0.20.39	Mozilla/5.0 (Windows NT 10.0; Win64; x64; rv:142.0) Gecko/20100101 Firefox/142.0	directus_fields	186	http://10.0.20.3:8055
1122	create	c5e8bb40-50e6-4421-a26e-e3f1f5736aa4	2025-09-08 12:06:07.414-04	10.0.20.39	Mozilla/5.0 (Windows NT 10.0; Win64; x64; rv:142.0) Gecko/20100101 Firefox/142.0	directus_collections	map_animation_Map_Cities	http://10.0.20.3:8055
1123	create	c5e8bb40-50e6-4421-a26e-e3f1f5736aa4	2025-09-08 12:06:07.48-04	10.0.20.39	Mozilla/5.0 (Windows NT 10.0; Win64; x64; rv:142.0) Gecko/20100101 Firefox/142.0	directus_fields	187	http://10.0.20.3:8055
1124	create	c5e8bb40-50e6-4421-a26e-e3f1f5736aa4	2025-09-08 12:06:07.619-04	10.0.20.39	Mozilla/5.0 (Windows NT 10.0; Win64; x64; rv:142.0) Gecko/20100101 Firefox/142.0	directus_fields	188	http://10.0.20.3:8055
1125	update	c5e8bb40-50e6-4421-a26e-e3f1f5736aa4	2025-09-08 12:06:16.902-04	10.0.20.39	Mozilla/5.0 (Windows NT 10.0; Win64; x64; rv:142.0) Gecko/20100101 Firefox/142.0	directus_fields	184	http://10.0.20.3:8055
1126	update	c5e8bb40-50e6-4421-a26e-e3f1f5736aa4	2025-09-08 12:06:19.168-04	10.0.20.39	Mozilla/5.0 (Windows NT 10.0; Win64; x64; rv:142.0) Gecko/20100101 Firefox/142.0	directus_fields	185	http://10.0.20.3:8055
1127	create	c5e8bb40-50e6-4421-a26e-e3f1f5736aa4	2025-09-08 12:06:39.04-04	10.0.20.39	Mozilla/5.0 (Windows NT 10.0; Win64; x64; rv:142.0) Gecko/20100101 Firefox/142.0	map_animation	1	http://10.0.20.3:8055
1128	update	c5e8bb40-50e6-4421-a26e-e3f1f5736aa4	2025-09-08 12:07:13.377-04	10.0.20.39	Mozilla/5.0 (Windows NT 10.0; Win64; x64; rv:142.0) Gecko/20100101 Firefox/142.0	directus_fields	185	http://10.0.20.3:8055
1129	create	c5e8bb40-50e6-4421-a26e-e3f1f5736aa4	2025-09-08 12:07:49.841-04	10.0.20.39	Mozilla/5.0 (Windows NT 10.0; Win64; x64; rv:142.0) Gecko/20100101 Firefox/142.0	map_animation_Map_Cities	1	http://10.0.20.3:8055
1130	create	c5e8bb40-50e6-4421-a26e-e3f1f5736aa4	2025-09-08 12:07:49.846-04	10.0.20.39	Mozilla/5.0 (Windows NT 10.0; Win64; x64; rv:142.0) Gecko/20100101 Firefox/142.0	map_animation_Map_Cities	2	http://10.0.20.3:8055
1131	update	c5e8bb40-50e6-4421-a26e-e3f1f5736aa4	2025-09-08 12:07:49.852-04	10.0.20.39	Mozilla/5.0 (Windows NT 10.0; Win64; x64; rv:142.0) Gecko/20100101 Firefox/142.0	map_animation	1	http://10.0.20.3:8055
1132	create	c5e8bb40-50e6-4421-a26e-e3f1f5736aa4	2025-09-08 12:08:15.075-04	10.0.20.39	Mozilla/5.0 (Windows NT 10.0; Win64; x64; rv:142.0) Gecko/20100101 Firefox/142.0	directus_fields	189	http://10.0.20.3:8055
1133	update	c5e8bb40-50e6-4421-a26e-e3f1f5736aa4	2025-09-08 12:08:19.539-04	10.0.20.39	Mozilla/5.0 (Windows NT 10.0; Win64; x64; rv:142.0) Gecko/20100101 Firefox/142.0	directus_fields	172	http://10.0.20.3:8055
1134	update	c5e8bb40-50e6-4421-a26e-e3f1f5736aa4	2025-09-08 12:08:19.549-04	10.0.20.39	Mozilla/5.0 (Windows NT 10.0; Win64; x64; rv:142.0) Gecko/20100101 Firefox/142.0	directus_fields	173	http://10.0.20.3:8055
1135	update	c5e8bb40-50e6-4421-a26e-e3f1f5736aa4	2025-09-08 12:08:19.558-04	10.0.20.39	Mozilla/5.0 (Windows NT 10.0; Win64; x64; rv:142.0) Gecko/20100101 Firefox/142.0	directus_fields	189	http://10.0.20.3:8055
1136	update	c5e8bb40-50e6-4421-a26e-e3f1f5736aa4	2025-09-08 12:08:19.567-04	10.0.20.39	Mozilla/5.0 (Windows NT 10.0; Win64; x64; rv:142.0) Gecko/20100101 Firefox/142.0	directus_fields	174	http://10.0.20.3:8055
1137	update	c5e8bb40-50e6-4421-a26e-e3f1f5736aa4	2025-09-08 12:08:19.577-04	10.0.20.39	Mozilla/5.0 (Windows NT 10.0; Win64; x64; rv:142.0) Gecko/20100101 Firefox/142.0	directus_fields	175	http://10.0.20.3:8055
1138	update	c5e8bb40-50e6-4421-a26e-e3f1f5736aa4	2025-09-08 12:08:19.585-04	10.0.20.39	Mozilla/5.0 (Windows NT 10.0; Win64; x64; rv:142.0) Gecko/20100101 Firefox/142.0	directus_fields	176	http://10.0.20.3:8055
1139	update	c5e8bb40-50e6-4421-a26e-e3f1f5736aa4	2025-09-08 12:08:19.595-04	10.0.20.39	Mozilla/5.0 (Windows NT 10.0; Win64; x64; rv:142.0) Gecko/20100101 Firefox/142.0	directus_fields	177	http://10.0.20.3:8055
1140	update	c5e8bb40-50e6-4421-a26e-e3f1f5736aa4	2025-09-08 12:08:19.606-04	10.0.20.39	Mozilla/5.0 (Windows NT 10.0; Win64; x64; rv:142.0) Gecko/20100101 Firefox/142.0	directus_fields	178	http://10.0.20.3:8055
1141	update	c5e8bb40-50e6-4421-a26e-e3f1f5736aa4	2025-09-08 12:08:19.614-04	10.0.20.39	Mozilla/5.0 (Windows NT 10.0; Win64; x64; rv:142.0) Gecko/20100101 Firefox/142.0	directus_fields	184	http://10.0.20.3:8055
1142	update	c5e8bb40-50e6-4421-a26e-e3f1f5736aa4	2025-09-08 12:08:19.622-04	10.0.20.39	Mozilla/5.0 (Windows NT 10.0; Win64; x64; rv:142.0) Gecko/20100101 Firefox/142.0	directus_fields	185	http://10.0.20.3:8055
1143	update	c5e8bb40-50e6-4421-a26e-e3f1f5736aa4	2025-09-08 12:08:37.601-04	10.0.20.39	Mozilla/5.0 (Windows NT 10.0; Win64; x64; rv:142.0) Gecko/20100101 Firefox/142.0	map_animation	1	http://10.0.20.3:8055
1144	create	c5e8bb40-50e6-4421-a26e-e3f1f5736aa4	2025-09-08 12:09:15.273-04	10.0.20.39	Mozilla/5.0 (Windows NT 10.0; Win64; x64; rv:142.0) Gecko/20100101 Firefox/142.0	map_animation_Map_Cities	3	http://10.0.20.3:8055
1145	create	c5e8bb40-50e6-4421-a26e-e3f1f5736aa4	2025-09-08 12:09:15.279-04	10.0.20.39	Mozilla/5.0 (Windows NT 10.0; Win64; x64; rv:142.0) Gecko/20100101 Firefox/142.0	map_animation	2	http://10.0.20.3:8055
1146	update	c5e8bb40-50e6-4421-a26e-e3f1f5736aa4	2025-09-08 12:10:20.984-04	10.0.20.39	Mozilla/5.0 (Windows NT 10.0; Win64; x64; rv:142.0) Gecko/20100101 Firefox/142.0	directus_fields	185	http://10.0.20.3:8055
1147	update	c5e8bb40-50e6-4421-a26e-e3f1f5736aa4	2025-09-08 12:11:01.376-04	10.0.20.39	Mozilla/5.0 (Windows NT 10.0; Win64; x64; rv:142.0) Gecko/20100101 Firefox/142.0	directus_fields	185	http://10.0.20.3:8055
1148	create	c5e8bb40-50e6-4421-a26e-e3f1f5736aa4	2025-09-08 12:11:43.58-04	10.0.20.39	Mozilla/5.0 (Windows NT 10.0; Win64; x64; rv:142.0) Gecko/20100101 Firefox/142.0	map_animation_Map_Cities	4	http://10.0.20.3:8055
1149	create	c5e8bb40-50e6-4421-a26e-e3f1f5736aa4	2025-09-08 12:11:43.586-04	10.0.20.39	Mozilla/5.0 (Windows NT 10.0; Win64; x64; rv:142.0) Gecko/20100101 Firefox/142.0	map_animation_Map_Cities	5	http://10.0.20.3:8055
1150	create	c5e8bb40-50e6-4421-a26e-e3f1f5736aa4	2025-09-08 12:11:43.59-04	10.0.20.39	Mozilla/5.0 (Windows NT 10.0; Win64; x64; rv:142.0) Gecko/20100101 Firefox/142.0	map_animation	3	http://10.0.20.3:8055
1151	delete	c5e8bb40-50e6-4421-a26e-e3f1f5736aa4	2025-09-08 12:12:04.457-04	10.0.20.39	Mozilla/5.0 (Windows NT 10.0; Win64; x64; rv:142.0) Gecko/20100101 Firefox/142.0	directus_fields	167	http://10.0.20.3:8055
1152	create	c5e8bb40-50e6-4421-a26e-e3f1f5736aa4	2025-09-08 12:12:57.243-04	10.0.20.39	Mozilla/5.0 (Windows NT 10.0; Win64; x64; rv:142.0) Gecko/20100101 Firefox/142.0	directus_fields	190	http://10.0.20.3:8055
1153	update	c5e8bb40-50e6-4421-a26e-e3f1f5736aa4	2025-09-08 12:13:23.149-04	10.0.20.39	Mozilla/5.0 (Windows NT 10.0; Win64; x64; rv:142.0) Gecko/20100101 Firefox/142.0	directus_fields	190	http://10.0.20.3:8055
1154	update	c5e8bb40-50e6-4421-a26e-e3f1f5736aa4	2025-09-08 12:14:04.501-04	10.0.20.39	Mozilla/5.0 (Windows NT 10.0; Win64; x64; rv:142.0) Gecko/20100101 Firefox/142.0	directus_collections	hero	http://10.0.20.3:8055
1155	delete	c5e8bb40-50e6-4421-a26e-e3f1f5736aa4	2025-09-08 12:14:27.687-04	10.0.20.39	Mozilla/5.0 (Windows NT 10.0; Win64; x64; rv:142.0) Gecko/20100101 Firefox/142.0	directus_fields	190	http://10.0.20.3:8055
1156	create	c5e8bb40-50e6-4421-a26e-e3f1f5736aa4	2025-09-08 12:15:39.877-04	10.0.20.39	Mozilla/5.0 (Windows NT 10.0; Win64; x64; rv:142.0) Gecko/20100101 Firefox/142.0	directus_fields	191	http://10.0.20.3:8055
1157	delete	c5e8bb40-50e6-4421-a26e-e3f1f5736aa4	2025-09-08 12:16:53.724-04	10.0.20.39	Mozilla/5.0 (Windows NT 10.0; Win64; x64; rv:142.0) Gecko/20100101 Firefox/142.0	directus_fields	191	http://10.0.20.3:8055
1158	create	c5e8bb40-50e6-4421-a26e-e3f1f5736aa4	2025-09-08 12:18:07.616-04	10.0.20.39	Mozilla/5.0 (Windows NT 10.0; Win64; x64; rv:142.0) Gecko/20100101 Firefox/142.0	directus_fields	192	http://10.0.20.3:8055
1159	update	c5e8bb40-50e6-4421-a26e-e3f1f5736aa4	2025-09-08 12:18:28.598-04	10.0.20.39	Mozilla/5.0 (Windows NT 10.0; Win64; x64; rv:142.0) Gecko/20100101 Firefox/142.0	directus_fields	192	http://10.0.20.3:8055
1160	create	c5e8bb40-50e6-4421-a26e-e3f1f5736aa4	2025-09-08 12:19:05.605-04	10.0.20.39	Mozilla/5.0 (Windows NT 10.0; Win64; x64; rv:142.0) Gecko/20100101 Firefox/142.0	directus_fields	193	http://10.0.20.3:8055
1161	update	c5e8bb40-50e6-4421-a26e-e3f1f5736aa4	2025-09-08 12:19:39.054-04	10.0.20.39	Mozilla/5.0 (Windows NT 10.0; Win64; x64; rv:142.0) Gecko/20100101 Firefox/142.0	directus_collections	map_animation	http://10.0.20.3:8055
1162	update	c5e8bb40-50e6-4421-a26e-e3f1f5736aa4	2025-09-08 12:19:45.861-04	10.0.20.39	Mozilla/5.0 (Windows NT 10.0; Win64; x64; rv:142.0) Gecko/20100101 Firefox/142.0	directus_collections	hero	http://10.0.20.3:8055
1163	update	c5e8bb40-50e6-4421-a26e-e3f1f5736aa4	2025-09-08 12:20:13.013-04	10.0.20.39	Mozilla/5.0 (Windows NT 10.0; Win64; x64; rv:142.0) Gecko/20100101 Firefox/142.0	directus_fields	193	http://10.0.20.3:8055
1164	update	c5e8bb40-50e6-4421-a26e-e3f1f5736aa4	2025-09-08 12:20:35.659-04	10.0.20.39	Mozilla/5.0 (Windows NT 10.0; Win64; x64; rv:142.0) Gecko/20100101 Firefox/142.0	map_animation	1	http://10.0.20.3:8055
1165	update	c5e8bb40-50e6-4421-a26e-e3f1f5736aa4	2025-09-08 12:20:35.669-04	10.0.20.39	Mozilla/5.0 (Windows NT 10.0; Win64; x64; rv:142.0) Gecko/20100101 Firefox/142.0	map_animation	2	http://10.0.20.3:8055
1166	update	c5e8bb40-50e6-4421-a26e-e3f1f5736aa4	2025-09-08 12:20:35.677-04	10.0.20.39	Mozilla/5.0 (Windows NT 10.0; Win64; x64; rv:142.0) Gecko/20100101 Firefox/142.0	map_animation	3	http://10.0.20.3:8055
1167	update	c5e8bb40-50e6-4421-a26e-e3f1f5736aa4	2025-09-08 12:20:35.683-04	10.0.20.39	Mozilla/5.0 (Windows NT 10.0; Win64; x64; rv:142.0) Gecko/20100101 Firefox/142.0	hero	1	http://10.0.20.3:8055
1168	delete	c5e8bb40-50e6-4421-a26e-e3f1f5736aa4	2025-09-08 12:26:40.309-04	10.0.20.39	Mozilla/5.0 (Windows NT 10.0; Win64; x64; rv:142.0) Gecko/20100101 Firefox/142.0	directus_collections	map_animation_start_city	http://10.0.20.3:8055
1169	delete	c5e8bb40-50e6-4421-a26e-e3f1f5736aa4	2025-09-08 12:26:40.313-04	10.0.20.39	Mozilla/5.0 (Windows NT 10.0; Win64; x64; rv:142.0) Gecko/20100101 Firefox/142.0	directus_fields	180	http://10.0.20.3:8055
1170	delete	c5e8bb40-50e6-4421-a26e-e3f1f5736aa4	2025-09-08 12:26:40.314-04	10.0.20.39	Mozilla/5.0 (Windows NT 10.0; Win64; x64; rv:142.0) Gecko/20100101 Firefox/142.0	directus_fields	181	http://10.0.20.3:8055
1171	delete	c5e8bb40-50e6-4421-a26e-e3f1f5736aa4	2025-09-08 12:26:40.315-04	10.0.20.39	Mozilla/5.0 (Windows NT 10.0; Win64; x64; rv:142.0) Gecko/20100101 Firefox/142.0	directus_fields	182	http://10.0.20.3:8055
1172	delete	c5e8bb40-50e6-4421-a26e-e3f1f5736aa4	2025-09-08 12:26:40.316-04	10.0.20.39	Mozilla/5.0 (Windows NT 10.0; Win64; x64; rv:142.0) Gecko/20100101 Firefox/142.0	directus_fields	183	http://10.0.20.3:8055
1173	create	c5e8bb40-50e6-4421-a26e-e3f1f5736aa4	2025-09-08 12:27:24.852-04	10.0.20.39	Mozilla/5.0 (Windows NT 10.0; Win64; x64; rv:142.0) Gecko/20100101 Firefox/142.0	directus_permissions	36	http://10.0.20.3:8055
1174	create	c5e8bb40-50e6-4421-a26e-e3f1f5736aa4	2025-09-08 12:27:24.857-04	10.0.20.39	Mozilla/5.0 (Windows NT 10.0; Win64; x64; rv:142.0) Gecko/20100101 Firefox/142.0	directus_permissions	37	http://10.0.20.3:8055
1175	update	c5e8bb40-50e6-4421-a26e-e3f1f5736aa4	2025-09-08 12:27:24.861-04	10.0.20.39	Mozilla/5.0 (Windows NT 10.0; Win64; x64; rv:142.0) Gecko/20100101 Firefox/142.0	directus_policies	abf8a154-5b1c-4a46-ac9c-7300570f4f17	http://10.0.20.3:8055
1176	update	c5e8bb40-50e6-4421-a26e-e3f1f5736aa4	2025-09-08 12:29:53.258-04	10.0.20.39	Mozilla/5.0 (Windows NT 10.0; Win64; x64; rv:142.0) Gecko/20100101 Firefox/142.0	hero_translations	1	http://10.0.20.3:8055
1177	update	c5e8bb40-50e6-4421-a26e-e3f1f5736aa4	2025-09-08 12:29:53.268-04	10.0.20.39	Mozilla/5.0 (Windows NT 10.0; Win64; x64; rv:142.0) Gecko/20100101 Firefox/142.0	hero_translations	3	http://10.0.20.3:8055
1178	update	c5e8bb40-50e6-4421-a26e-e3f1f5736aa4	2025-09-08 12:29:53.276-04	10.0.20.39	Mozilla/5.0 (Windows NT 10.0; Win64; x64; rv:142.0) Gecko/20100101 Firefox/142.0	hero_translations	4	http://10.0.20.3:8055
1179	update	c5e8bb40-50e6-4421-a26e-e3f1f5736aa4	2025-09-08 12:29:53.284-04	10.0.20.39	Mozilla/5.0 (Windows NT 10.0; Win64; x64; rv:142.0) Gecko/20100101 Firefox/142.0	hero_translations	2	http://10.0.20.3:8055
1180	update	c5e8bb40-50e6-4421-a26e-e3f1f5736aa4	2025-09-08 12:29:53.29-04	10.0.20.39	Mozilla/5.0 (Windows NT 10.0; Win64; x64; rv:142.0) Gecko/20100101 Firefox/142.0	hero	1	http://10.0.20.3:8055
1181	update	c5e8bb40-50e6-4421-a26e-e3f1f5736aa4	2025-09-08 12:37:51.137-04	10.0.20.39	Mozilla/5.0 (Windows NT 10.0; Win64; x64; rv:142.0) Gecko/20100101 Firefox/142.0	Trust_Logos	1	http://10.0.20.3:8055
1182	update	c5e8bb40-50e6-4421-a26e-e3f1f5736aa4	2025-09-08 12:52:14.398-04	10.0.20.39	Mozilla/5.0 (Windows NT 10.0; Win64; x64; rv:142.0) Gecko/20100101 Firefox/142.0	Trust_Logos	1	http://10.0.20.3:8055
1183	update	c5e8bb40-50e6-4421-a26e-e3f1f5736aa4	2025-09-08 12:58:59.609-04	10.0.20.39	Mozilla/5.0 (Windows NT 10.0; Win64; x64; rv:142.0) Gecko/20100101 Firefox/142.0	Trust_Logos	1	http://10.0.20.3:8055
\.


--
-- Data for Name: directus_collections; Type: TABLE DATA; Schema: public; Owner: -
--

COPY public.directus_collections (collection, icon, note, display_template, hidden, singleton, translations, archive_field, archive_app_filter, archive_value, unarchive_value, sort_field, accountability, color, item_duplication_fields, sort, "group", collapse, preview_url, versioning) FROM stdin;
languages	language_chinese_dayi	\N	\N	f	f	\N	\N	t	\N	\N	\N	all	\N	\N	1	General_Settings	open	\N	f
company	business_center	\N	\N	f	f	\N	\N	t	\N	\N	\N	all	\N	\N	2	General_Settings	open	\N	f
navigation	account_tree	\N	\N	f	f	\N	status	t	archived	draft	sort	all	\N	\N	1	Menus	open	\N	f
company_translations	import_export	\N	\N	t	f	\N	\N	t	\N	\N	\N	all	\N	\N	1	company	open	\N	f
hero_translations	import_export	\N	\N	t	f	\N	\N	t	\N	\N	\N	all	\N	\N	3	Landing_Page	open	\N	f
pages	article	\N	\N	f	f	\N	status	t	archived	draft	sort	all	\N	[]	1	\N	open	\N	f
Landing_Page	folder	\N	\N	f	f	\N	\N	t	\N	\N	\N	all	\N	\N	2	\N	open	\N	f
Menus	account_tree	\N	\N	f	f	\N	\N	t	\N	\N	\N	all	\N	\N	3	\N	open	\N	f
General_Settings	settings	\N	\N	f	f	\N	\N	t	\N	\N	\N	all	\N	\N	4	\N	open	\N	f
Trust_Logos_translations	import_export	\N	\N	t	f	\N	\N	t	\N	\N	\N	all	\N	\N	5	\N	open	\N	f
Trust_Logo_Images_translations	import_export	\N	\N	t	f	\N	\N	t	\N	\N	\N	all	\N	\N	6	\N	open	\N	f
Trust_Logos	typo3	\N	\N	f	t	\N	status	t	archived	draft	\N	all	\N	\N	2	Landing_Page	open	\N	f
Trust_Logo_Images	typo3	\N	\N	t	f	\N	status	t	archived	draft	sort	all	\N	\N	1	Trust_Logos	open	\N	f
pages_translations	import_export	\N	\N	t	f	\N	\N	t	\N	\N	\N	all	\N	\N	1	pages	open	\N	f
Map_Cities	\N	\N	\N	t	f	\N	status	t	archived	draft	sort	all	\N	\N	\N	\N	open	\N	f
map_animation_Map_Cities	import_export	\N	\N	t	f	\N	\N	t	\N	\N	\N	all	\N	\N	\N	\N	open	\N	f
navigation_translations	import_export	\N	\N	t	f	\N	\N	t	\N	\N	\N	all	\N	\N	1	navigation	open	\N	f
map_animation	\N	\N	\N	t	f	\N	status	t	archived	draft	sort	all	\N	\N	\N	\N	open	\N	f
hero	exclamation	\N	\N	f	t	\N	status	t	archived	draft	\N	all	\N	\N	1	Landing_Page	open	\N	f
\.


--
-- Data for Name: directus_comments; Type: TABLE DATA; Schema: public; Owner: -
--

COPY public.directus_comments (id, collection, item, comment, date_created, date_updated, user_created, user_updated) FROM stdin;
\.


--
-- Data for Name: directus_dashboards; Type: TABLE DATA; Schema: public; Owner: -
--

COPY public.directus_dashboards (id, name, icon, note, date_created, user_created, color) FROM stdin;
\.


--
-- Data for Name: directus_extensions; Type: TABLE DATA; Schema: public; Owner: -
--

COPY public.directus_extensions (enabled, id, folder, source, bundle) FROM stdin;
\.


--
-- Data for Name: directus_fields; Type: TABLE DATA; Schema: public; Owner: -
--

COPY public.directus_fields (id, collection, field, special, interface, options, display, display_options, readonly, hidden, sort, width, translations, note, conditions, required, "group", validation, validation_message) FROM stdin;
132	Trust_Logos	Monochrome_Color	\N	select-color	{"opacity":true,"presets":[{"name":"Light Gray","color":"#BBBBBB"}]}	\N	\N	f	f	8	half	\N	\N	\N	f	\N	\N	\N
133	Trust_Logos	Enable_Links	cast-boolean	boolean	\N	\N	\N	f	f	11	half	\N	\N	\N	f	\N	\N	\N
130	Trust_Logos	date_updated	date-updated	datetime	\N	datetime	{"relative":true}	t	t	6	half	\N	\N	\N	f	\N	\N	\N
131	Trust_Logos	is_monochrome	cast-boolean	boolean	\N	\N	\N	f	f	7	half	\N	\N	\N	f	\N	\N	\N
21	pages	translations	translations	translations	{"languageField":"name","defaultLanguage":"en","defaultOpenSplitView":true}	translations	{"languageField":"code","defaultLanguage":"en"}	f	f	9	fill	\N	\N	\N	f	\N	\N	\N
42	navigation_translations	id	\N	\N	\N	\N	\N	f	t	1	full	\N	\N	\N	f	\N	\N	\N
7	pages	id	uuid	input	\N	\N	\N	t	t	1	half	\N	\N	\N	f	\N	\N	\N
14	pages	slug	\N	input	\N	\N	\N	f	f	2	half	\N	\N	\N	t	\N	\N	\N
8	pages	status	\N	select-dropdown	{"choices":[{"text":"$t:published","value":"published","color":"var(--theme--primary)"},{"text":"$t:draft","value":"draft","color":"var(--theme--foreground)"},{"text":"$t:archived","value":"archived","color":"var(--theme--warning)"}]}	labels	{"showAsDot":true,"choices":[{"text":"$t:published","value":"published","color":"var(--theme--primary)","foreground":"var(--theme--primary)","background":"var(--theme--primary-background)"},{"text":"$t:draft","value":"draft","color":"var(--theme--foreground)","foreground":"var(--theme--foreground)","background":"var(--theme--background-normal)"},{"text":"$t:archived","value":"archived","color":"var(--theme--warning)","foreground":"var(--theme--warning)","background":"var(--theme--warning-background)"}]}	f	f	3	half	\N	\N	\N	f	\N	\N	\N
43	navigation_translations	navigation_id	\N	\N	\N	\N	\N	f	t	2	full	\N	\N	\N	f	\N	\N	\N
11	pages	date_created	date-created	datetime	\N	datetime	{"relative":true}	t	t	4	half	\N	\N	\N	f	\N	\N	\N
10	pages	user_created	user-created	select-dropdown-m2o	{"template":"{{avatar}} {{first_name}} {{last_name}}"}	user	\N	t	t	5	half	\N	\N	\N	f	\N	\N	\N
28	pages_translations	title	\N	input	\N	\N	\N	f	f	4	full	\N	\N	\N	f	\N	\N	\N
29	pages_translations	hero_title	\N	input	\N	\N	\N	f	f	5	full	\N	\N	\N	f	\N	\N	\N
44	navigation_translations	languages_code	\N	\N	\N	\N	\N	f	t	3	full	\N	\N	\N	f	\N	\N	\N
13	pages	date_updated	date-updated	datetime	\N	datetime	{"relative":true}	t	t	6	half	\N	\N	\N	f	\N	\N	\N
45	navigation_translations	label	\N	input	\N	\N	\N	f	f	4	full	\N	\N	\N	t	\N	\N	\N
12	pages	user_updated	user-updated	select-dropdown-m2o	{"template":"{{avatar}} {{first_name}} {{last_name}}"}	user	\N	t	t	7	half	\N	\N	\N	f	\N	\N	\N
18	pages	hero_image	file	file-image	\N	\N	\N	f	f	8	full	\N	\N	\N	f	\N	\N	\N
22	pages_translations	id	\N	\N	\N	\N	\N	f	t	1	full	\N	\N	\N	f	\N	\N	\N
23	languages	code	\N	\N	\N	\N	\N	f	f	1	full	\N	\N	\N	f	\N	\N	\N
24	languages	name	\N	\N	\N	\N	\N	f	f	2	full	\N	\N	\N	f	\N	\N	\N
25	languages	direction	\N	select-dropdown	{"choices":[{"text":"$t:left_to_right","value":"ltr"},{"text":"$t:right_to_left","value":"rtl"}]}	labels	{"choices":[{"text":"$t:left_to_right","value":"ltr"},{"text":"$t:right_to_left","value":"rtl"}],"format":false}	f	f	3	full	\N	\N	\N	f	\N	\N	\N
26	pages_translations	pages_id	\N	\N	\N	\N	\N	f	t	2	full	\N	\N	\N	f	\N	\N	\N
27	pages_translations	languages_code	\N	\N	\N	\N	\N	f	t	3	full	\N	\N	\N	f	\N	\N	\N
30	pages_translations	hero_subtitle	\N	input	\N	\N	\N	f	f	6	full	\N	\N	\N	f	\N	\N	\N
38	navigation	date_updated	date-updated	datetime	\N	datetime	{"relative":true}	t	t	8	half	\N	\N	\N	f	\N	\N	\N
9	pages	sort	\N	input	\N	\N	\N	f	t	10	full	\N	\N	\N	f	\N	\N	\N
46	navigation	isButton	cast-boolean	boolean	{"label":"Display as Button"}	\N	\N	f	f	3	half	\N	\N	\N	f	\N	\N	\N
34	navigation	sort	\N	input	\N	\N	\N	f	t	9	half	\N	\N	\N	f	\N	\N	\N
39	navigation	location	\N	select-radio	{"choices":[{"text":"Header","value":"header"},{"text":"Footer","value":"footer"}]}	\N	\N	f	f	4	half	\N	\N	\N	t	\N	\N	\N
35	navigation	user_created	user-created	select-dropdown-m2o	{"template":"{{avatar}} {{first_name}} {{last_name}}"}	user	\N	t	t	5	half	\N	\N	\N	f	\N	\N	\N
36	navigation	date_created	date-created	datetime	\N	datetime	{"relative":true}	t	t	6	half	\N	\N	\N	f	\N	\N	\N
53	company_translations	id	\N	\N	\N	\N	\N	f	t	1	full	\N	\N	\N	f	\N	\N	\N
54	company_translations	company_id	\N	\N	\N	\N	\N	f	t	2	full	\N	\N	\N	f	\N	\N	\N
31	pages_translations	body	\N	input-rich-text-md	\N	\N	\N	f	f	7	full	\N	\N	\N	f	\N	\N	\N
37	navigation	user_updated	user-updated	select-dropdown-m2o	{"template":"{{avatar}} {{first_name}} {{last_name}}"}	user	\N	t	t	7	half	\N	\N	\N	f	\N	\N	\N
55	company_translations	languages_code	\N	\N	\N	\N	\N	f	t	3	full	\N	\N	\N	f	\N	\N	\N
40	navigation	href	\N	input	\N	\N	\N	f	f	10	full	\N	\N	\N	f	\N	\N	\N
41	navigation	translations	translations	translations	{"defaultLanguage":"en","defaultOpenSplitView":true,"languageField":"name"}	\N	{"languageField":"name","defaultLanguage":"en"}	f	f	11	full	\N	\N	\N	f	\N	\N	\N
57	company_translations	tagline	\N	input	\N	\N	\N	f	f	4	full	\N	\N	\N	f	\N	\N	\N
32	navigation	id	\N	input	\N	\N	\N	t	t	1	half	\N	\N	\N	f	\N	\N	\N
33	navigation	status	\N	select-dropdown	{"choices":[{"text":"$t:published","value":"published","color":"var(--theme--primary)"},{"text":"$t:draft","value":"draft","color":"var(--theme--foreground)"},{"text":"$t:archived","value":"archived","color":"var(--theme--warning)"}]}	labels	{"showAsDot":true,"choices":[{"text":"$t:published","value":"published","color":"var(--theme--primary)","foreground":"var(--theme--primary)","background":"var(--theme--primary-background)"},{"text":"$t:draft","value":"draft","color":"var(--theme--foreground)","foreground":"var(--theme--foreground)","background":"var(--theme--background-normal)"},{"text":"$t:archived","value":"archived","color":"var(--theme--warning)","foreground":"var(--theme--warning)","background":"var(--theme--warning-background)"}]}	f	f	2	half	\N	\N	\N	f	\N	\N	\N
58	company_translations	SEO_Meta_Title_Append	\N	input	\N	\N	\N	f	f	5	full	\N	\N	\N	f	\N	\N	\N
48	company	user_created	user-created	select-dropdown-m2o	{"template":"{{avatar}} {{first_name}} {{last_name}}"}	user	\N	t	t	2	half	\N	\N	\N	f	\N	\N	\N
49	company	date_created	date-created	datetime	\N	datetime	{"relative":true}	t	t	3	half	\N	\N	\N	f	\N	\N	\N
50	company	user_updated	user-updated	select-dropdown-m2o	{"template":"{{avatar}} {{first_name}} {{last_name}}"}	user	\N	t	t	4	half	\N	\N	\N	f	\N	\N	\N
51	company	date_updated	date-updated	datetime	\N	datetime	{"relative":true}	t	t	5	half	\N	\N	\N	f	\N	\N	\N
60	company	name	\N	input	\N	\N	\N	f	f	6	full	\N	\N	\N	t	\N	\N	\N
52	company	translations	translations	translations	{"languageField":"name","defaultOpenSplitView":true}	translations	{"languageField":"name"}	f	f	7	full	\N	\N	\N	f	\N	\N	\N
59	company	logo	file	file-image	\N	\N	\N	f	f	9	full	\N	\N	\N	f	\N	\N	\N
47	company	id	\N	input	\N	\N	\N	t	t	1	full	\N	\N	\N	f	\N	\N	\N
157	Trust_Logo_Images	Label	\N	input	\N	\N	\N	f	f	2	full	\N	\N	\N	f	\N	\N	\N
74	hero_translations	id	\N	\N	\N	\N	\N	f	t	1	full	\N	\N	\N	f	\N	\N	\N
75	hero_translations	hero_id	\N	\N	\N	\N	\N	f	t	2	full	\N	\N	\N	f	\N	\N	\N
76	hero_translations	languages_code	\N	\N	\N	\N	\N	f	t	3	full	\N	\N	\N	f	\N	\N	\N
82	hero_translations	heading	\N	input	\N	\N	\N	f	f	4	full	\N	\N	\N	f	\N	\N	\N
67	hero	id	\N	input	\N	\N	\N	t	t	1	full	\N	\N	\N	f	\N	\N	\N
68	hero	status	\N	select-dropdown	{"choices":[{"text":"$t:published","value":"published","color":"var(--theme--primary)"},{"text":"$t:draft","value":"draft","color":"var(--theme--foreground)"},{"text":"$t:archived","value":"archived","color":"var(--theme--warning)"}]}	labels	{"showAsDot":true,"choices":[{"text":"$t:published","value":"published","color":"var(--theme--primary)","foreground":"var(--theme--primary)","background":"var(--theme--primary-background)"},{"text":"$t:draft","value":"draft","color":"var(--theme--foreground)","foreground":"var(--theme--foreground)","background":"var(--theme--background-normal)"},{"text":"$t:archived","value":"archived","color":"var(--theme--warning)","foreground":"var(--theme--warning)","background":"var(--theme--warning-background)"}]}	f	f	2	full	\N	\N	\N	f	\N	\N	\N
69	hero	user_created	user-created	select-dropdown-m2o	{"template":"{{avatar}} {{first_name}} {{last_name}}"}	user	\N	t	t	3	half	\N	\N	\N	f	\N	\N	\N
70	hero	date_created	date-created	datetime	\N	datetime	{"relative":true}	t	t	4	half	\N	\N	\N	f	\N	\N	\N
71	hero	user_updated	user-updated	select-dropdown-m2o	{"template":"{{avatar}} {{first_name}} {{last_name}}"}	user	\N	t	t	5	half	\N	\N	\N	f	\N	\N	\N
